Date,Open,High,Low,Close,Volume
2008-01-09,230.95,230.99,221.88,223.3,103364
2008-01-10,222.5,222.85,213.7,215.12,87984
2008-01-11,218,219.23,215.5,218.1,85418
2008-01-14,218.85,220.25,217.6,220.1,60776
2008-01-15,220.7,224.6,220.3,223.8,88242
2008-01-16,220.6,220.6,215.4,215.89,94362
2008-01-17,214.03,216.8,213.5,216.47,61962
2008-01-18,214,214.9,212.42,214.7,58006
2008-01-21,214.7,216.33,213.8,214.2,43510
2008-01-22,208,209.5,204.72,206.41,78532
2008-01-23,212,214.25,210.9,212.51,60988
2008-01-24,213.02,217.08,212.61,216.7,57962
2008-01-25,220.1,221.4,218.32,219.8,72624
2008-01-28,219.6,221.97,219.2,220.33,62712
2008-01-29,223.6,224.3,222.56,222.56,47652
2008-01-31,220,221.04,218.22,219.35,43002
2008-02-01,220.61,221,218.56,218.75,28726
2008-02-04,216,216.94,215,215.6,31388
2008-02-05,215.5,215.58,214.7,215.26,17456
2008-02-13,216.01,216.16,213.5,213.69,22060
2008-02-14,214.6,216.18,214.43,216.1,29802
2008-02-15,216,216.51,215.33,216.25,22126
2008-02-18,215.2,215.7,214.2,215.48,22840
2008-02-19,215.51,218.38,215.5,218.38,42656
2008-02-20,222,222.25,219.51,219.81,50118
2008-02-21,221.81,224.1,221.81,223.58,50356
2008-02-22,221.5,224.45,221.5,222.45,40978
2008-02-25,223.6,225.8,223,225.78,39612
2008-02-26,222.96,222.96,218.92,219.43,46998
2008-02-27,224.9,226,224.02,224.68,37188
2008-02-28,225,225.5,223.42,223.5,22788
2008-02-29,226,226.5,225.23,225.43,31254
2008-03-03,226.55,228.99,226.23,228.45,41170
2008-03-04,229.02,229.85,226.73,227.2,31874
2008-03-05,224,224.99,223.5,224.75,23908
2008-03-06,227,228.69,227,227.95,22082
2008-03-07,226.5,227.63,226.5,227.58,14940
2008-03-10,226,226,224.63,225.2,15138
2008-03-11,225,225.47,224.11,224.6,13184
2008-03-12,224.97,225.25,223.79,224.26,14300
2008-03-13,226.51,226.98,225.35,226.48,19782
2008-03-14,228,228.6,227.57,227.87,23164
2008-03-17,231.22,233.59,231.22,232.36,42482
2008-03-18,226,228.19,226,227.58,35308
2008-03-19,225.5,226.29,225.5,226.2,18872
2008-03-20,214.55,214.55,214.55,214.55,6530
2008-03-21,209.48,210.47,207.58,210.11,24388
2008-03-24,209.75,209.99,206.31,206.81,26702
2008-03-25,209,210.85,208.1,210.19,25658
2008-03-26,212.97,213.45,211.58,211.8,26278
2008-03-27,213.98,214.5,213.1,213.3,18126
2008-03-28,213.11,213.28,211.2,211.76,13966
2008-03-31,209.02,209.47,208.41,208.98,14388
2008-04-01,206.23,206.37,198.88,203.22,33934
2008-04-02,200.18,202,198.11,199.13,36416
2008-04-03,202,202.45,201.13,202.35,19752
2008-04-04,202,202.45,201.13,202.35,19752
2008-04-07,205,205.5,204.05,205.36,14318
2008-04-08,206.45,206.99,204.03,204.81,22960
2008-04-09,204.82,204.95,202.86,203.35,20438
2008-04-10,208,208.09,206.86,207.5,18414
2008-04-11,206,206,204.16,204.56,17082
2008-04-14,201.5,205.5,201.5,205.4,15516
2008-04-15,206.2,208.65,205.8,208.62,20794
2008-04-16,206.7,207.5,205.7,207.03,16288
2008-04-17,209.8,211.09,209.38,210.66,16078
2008-04-18,209,210.7,209,210.15,9282
2008-04-21,206,206.8,204.26,204.5,15046
2008-04-22,203.5,204.78,203.5,203.77,7206
2008-04-23,204.97,204.97,202.5,203.4,8056
2008-04-24,201.5,203.45,201.4,202.6,11112
2008-04-25,198.5,198.66,197.81,198.22,12600
2008-04-28,198.97,200.35,198.8,199.94,10840
2008-04-29,199.5,199.75,198.25,198.62,9208
2008-04-30,195.48,196,194.13,195.98,20378
2008-05-01,195.48,196,194.13,195.98,20378
2008-05-02,195.48,196,194.13,195.98,20378
2008-05-05,194.99,195.38,194.21,194.63,16342
2008-05-06,196,196.3,195.51,196.03,12532
2008-05-07,196.5,196.78,194.8,194.96,12972
2008-05-08,194.5,194.5,193.85,194.15,10360
2008-05-09,196.5,197.48,196.5,197.48,14464
2008-05-12,198.15,198.38,197.03,197.38,11010
2008-05-13,197.26,197.49,196.55,196.6,8816
2008-05-14,194.8,194.8,194.1,194.63,8994
2008-05-15,194.16,195.35,193.5,195.3,10946
2008-05-16,197.3,198.1,196.8,197.86,13810
2008-05-19,202.11,203.98,202.01,203.48,15132
2008-05-20,202.68,203.5,202.01,203.33,12260
2008-05-21,204.99,205.74,204.6,204.68,17252
2008-05-22,208.16,208.25,207.16,208.02,15166
2008-05-23,204.63,204.82,204.08,204.7,12752
2008-05-26,206.5,207.58,206.4,207.13,8416
2008-05-27,208.11,208.11,206.75,206.8,10542
2008-05-28,203,203.4,202.61,203.38,12250
2008-05-29,202.2,202.45,200.09,200.33,20840
2008-05-30,196.5,197.3,195.02,195.07,17240
2008-06-02,197,197.59,196.01,196.35,18710
2008-06-03,197.61,200.16,197.61,199.84,17002
2008-06-04,195.51,196.63,195.33,196.15,13168
2008-06-05,195.96,196.55,195.5,196.55,13990
2008-06-06,196.99,197.75,196.36,197.28,13188
2008-06-09,196.99,197.75,196.36,197.28,13188
2008-06-10,198.5,198.85,197.6,198.4,14864
2008-06-11,194.99,195.69,194.4,195.6,18060
2008-06-12,196.5,196.7,193.61,194.13,20576
2008-06-13,194.5,195.3,194.5,194.69,13770
2008-06-16,195.5,195.88,193.8,193.85,14766
2008-06-17,195.87,197.77,195.72,197.61,24332
2008-06-18,197.05,197.45,196.3,196.86,9454
2008-06-19,198.02,198.58,197.7,198.33,10642
2008-06-20,198.72,200.23,198.3,199.88,14702
2008-06-23,200.01,201.24,199.88,200.95,12552
2008-06-24,197,197,196.18,196.59,13980
2008-06-25,196.35,197.4,196.35,196.91,6346
2008-06-26,196.88,197.68,196.8,197.28,10374
2008-06-27,202.99,203.49,202,202.58,14240
2008-06-30,205.51,205.85,204.7,205.71,13176
2008-07-01,204.5,205.75,204.03,205.55,12342
2008-07-02,207.95,208.63,207.45,208.06,13600
2008-07-03,208.1,208.69,207.65,208.3,14756
2008-07-04,206.31,206.88,206.3,206.31,11306
2008-07-07,205.88,205.98,203.51,203.61,13396
2008-07-08,204.18,206.3,204.18,205.75,12188
2008-07-09,203.58,204.58,202.66,204.27,11806
2008-07-10,205.8,206.15,204.73,205.59,12396
2008-07-11,208.11,208.5,207.85,208.41,11740
2008-07-14,212.46,212.5,211.5,212.2,15412
2008-07-15,212.88,213.92,212.75,213.9,17258
2008-07-16,211,212.49,211,211.62,17956
2008-07-17,211.5,211.5,210.8,211.12,6126
2008-07-20,209.99,211.5,209.52,211.36,12658
2008-07-21,211,212,210.81,211.95,14032
2008-07-22,212.61,214.2,212.5,214.11,15318
2008-07-23,209.98,209.98,206.5,206.6,23976
2008-07-24,202.29,204.38,200.45,203.4,19938
2008-07-25,203.88,205.78,203.88,205.22,11112
2008-07-28,205,205.2,203.93,204.3,9208
2008-07-29,205.41,205.7,204.59,204.68,8518
2008-07-30,202,202.4,201.3,202.11,9972
2008-07-31,201.27,202.9,201.02,202.84,18976
2008-08-01,201.5,201.97,201.31,201.6,9420
2008-08-04,201.66,203.38,201.66,203.35,10824
2008-08-05,197.8,199.46,195.8,196.75,20124
2008-08-06,195.77,196.95,195.1,196.91,13228
2008-08-07,196.02,197.49,196.02,197.4,9230
2008-08-08,194.5,194.87,193.52,194.11,14476
2008-08-11,192.31,193.38,191,191.4,17024
2008-08-12,182.82,182.82,182.82,182.82,2062
2008-08-13,180.1,184.6,179.1,184.5,38206
2008-08-14,186.6,186.87,184.04,186.09,22812
2008-08-15,176.28,177.87,176.1,176.1,27944
2008-08-18,179.33,181.52,178.81,181.44,22596
2008-08-19,178.28,178.72,176.18,176.44,24368
2008-08-20,183.03,183.29,181.86,182.41,19694
2008-08-21,183.3,184.55,182.73,184.3,17578
2008-08-22,187,187.3,186.12,186.59,15108
2008-08-25,182.51,183.18,181.1,182.81,15814
2008-08-26,182.05,183.35,181.56,182.3,15318
2008-08-27,184.49,185.34,184.15,184.85,12512
2008-08-28,185.11,186.12,184.72,185.75,11370
2008-08-29,184.38,185.75,184.35,185.45,10890
2008-09-01,185,185.18,184.5,184.91,8866
2008-09-02,180.5,181.4,179.37,179.66,17368
2008-09-03,180,180.24,178.1,178.7,16388
2008-09-04,179.8,180.32,179.35,180.3,14022
2008-09-05,176.5,178.33,176.3,178.08,15300
2008-09-08,181.4,182.09,180.8,181.23,17896
2008-09-09,179,179.27,177.5,178.48,18250
2008-09-10,170.81,173.85,170.71,173.21,25450
2008-09-11,169.2,169.9,168.5,168.93,21558
2008-09-12,168.9,169.8,168.4,169.73,25854
2008-09-15,168.9,170,168.4,170,26708
2008-09-16,174.02,174.38,171,172.97,44052
2008-09-17,174.66,174.88,173.41,174.55,22502
2008-09-18,182.86,182.86,182.86,182.86,1050
2008-09-19,189,189.7,185.8,187.31,50720
2008-09-22,191,191.86,189.5,191.7,34970
2008-09-23,199.38,199.5,196.25,196.3,39760
2008-09-24,195,196.66,193.38,196.28,36066
2008-09-25,195,197.48,194.47,197.28,28310
2008-09-26,195,195.46,192.88,193.69,23162
2008-10-06,184.35,184.68,184.35,184.35,7894
2008-10-07,188.3,192.09,188,192,47028
2008-10-08,194.08,199.98,193.12,199.4,51198
2008-10-09,198.1,199.18,193.88,194.72,64838
2008-10-10,203.5,204.5,199.1,202.75,168896
2008-10-13,191.54,191.96,191.54,191.54,17624
2008-10-14,188.7,188.7,185.69,186.6,48374
2008-10-15,186.41,187.28,185.5,186.71,51620
2008-10-16,184.5,185.49,177.1,179.7,71010
2008-10-17,176,177.8,173.6,176.56,48656
2008-10-20,175,177.6,172.61,177.15,57294
2008-10-21,176,176.3,172.33,172.75,44262
2008-10-22,169,169.33,165.35,165.35,35712
2008-10-23,155.44,159.97,155.44,159.55,40168
2008-10-24,158,159.5,148.88,148.88,104556
2008-10-27,160.3,160.65,152.13,155.84,93960
2008-10-28,159.85,164.32,155.8,164.19,86138
2008-10-29,163,164.48,161.21,163.88,68682
2008-10-30,168,168.4,165.66,167.91,79482
2008-10-31,159.1,159.74,159.1,159.1,31252
2008-11-03,159,161.1,157.97,160.69,68360
2008-11-04,159.5,159.6,156.51,158.41,65148
2008-11-05,166.05,166.05,163.3,164.16,55966
2008-11-06,160.5,160.88,159.38,159.63,47062
2008-11-07,156.81,159.68,156.01,159.3,54380
2008-11-10,162.97,163.88,162.01,163.22,46224
2008-11-11,161,161.19,159.84,160.3,51862
2008-11-12,158,160.33,157.69,160.1,42652
2008-11-13,155,155.31,153.37,153.55,54446
2008-11-14,158,158.5,157.38,157.99,40700
2008-11-17,158.6,160.97,158.6,160.97,41858
2008-11-18,159.8,160.8,159.5,159.55,30262
2008-11-19,160,160.78,160,160.75,19130
2008-11-20,159.69,164,159.69,161.44,58262
2008-11-21,161.4,165.3,161.22,164.88,67320
2008-11-24,171.47,171.47,171.47,171.47,5610
2008-11-25,178.85,178.85,176.05,177.96,57282
2008-11-26,177.01,177.75,176.7,177.4,26038
2008-11-27,177.02,179.47,177.02,177.68,32376
2008-11-28,177.4,177.96,176.77,177.61,22958
2008-12-01,177.01,178.08,175.88,177.33,30958
2008-12-02,168.51,169.58,168.07,168.07,32096
2008-12-03,168.5,170.3,168.43,169.7,29084
2008-12-04,168.76,169.03,167.01,167.82,39078
2008-12-05,168,168.77,167.34,168.69,50378
2008-12-08,166.99,170.4,166.7,170.24,47686
2008-12-09,170.25,171.47,169.6,170.4,32026
2008-12-10,171.85,173.16,171,173.08,39572
2008-12-11,176.6,180.84,176.6,180.8,39022
2008-12-12,181,181.88,177.12,178.02,62898
2008-12-15,182,184.38,181.7,183.61,46738
2008-12-16,184,184,182.61,183.1,40460
2008-12-17,186.66,186.7,183.9,184.28,45270
2008-12-18,186,188,185.8,186.66,46614
2008-12-19,183.52,185.26,183.11,184.98,37076
2008-12-22,184.99,186.1,183.91,184.29,46502
2008-12-23,184.07,185.5,183.88,185.19,26410
2008-12-24,183.99,184.45,183.69,184.22,16578
2008-12-25,184.75,186.16,184.51,185.84,16706
2008-12-26,185.51,186.1,185.15,185.41,14114
2008-12-29,194.88,194.88,192.6,193.87,33046
2008-12-30,191.8,192.5,190.32,190.91,22554
2008-12-31,190.75,190.98,188.4,189.21,21060
2009-01-05,191.03,192.01,188.3,190.25,43542
2009-01-06,185.5,186.88,184.32,184.61,35598
2009-01-07,187.01,188.15,186.22,187.63,33054
2009-01-08,184.7,185.09,183.98,184.79,26624
2009-01-09,185.88,186.97,185.53,186.94,17112
2009-01-12,185.7,186.98,185.24,185.82,19966
2009-01-13,180.38,181.05,179.02,179.2,25170
2009-01-14,179.9,180.99,179.53,180.9,20908
2009-01-15,178.02,178.28,176,177.48,26104
2009-01-16,178.5,180.73,178.5,180.41,22210
2009-01-19,183.38,184.56,183.11,184.12,19250
2009-01-20,181.71,182.2,180.9,181.65,13612
2009-01-21,185.88,187,185.7,186.43,13450
2009-01-22,187,187.38,186,186.61,8930
2009-01-23,186.59,188.59,186,187.51,7610
2009-02-02,200.16,200.16,198.38,198.46,19710
2009-02-03,197.58,198.5,197,197.31,16838
2009-02-04,197,197.55,196.52,196.85,12532
2009-02-05,197.6,198.85,197.38,198.75,17244
2009-02-06,199.24,200.55,199.22,200.31,17328
2009-02-09,198.75,198.98,197.5,198.33,18230
2009-02-10,196.78,197.25,195.65,195.99,17672
2009-02-11,200,200.58,199.35,199.58,18014
2009-02-12,205,205.78,204.65,205.54,21010
2009-02-13,205.21,206.12,205.21,206.08,13728
2009-02-16,205.38,205.68,204.8,205.52,13036
2009-02-17,206.5,215,206.5,210.83,34462
2009-02-18,212.1,213.96,211.8,213.59,24246
2009-02-19,215.66,215.9,213.69,214.01,23434
2009-02-20,213.46,214.45,212.92,214.4,17504
2009-02-23,217.8,217.84,216,216.5,23514
2009-02-24,216.21,217.39,215.74,216.8,19052
2009-02-25,211.49,211.94,209.41,209.63,27128
2009-02-26,209,209.29,206.8,208.23,30488
2009-02-27,206.9,207.44,205.88,206.48,24676
2009-03-02,208.68,209.5,208.03,209.31,21986
2009-03-03,204.18,204.8,203.5,203.96,26320
2009-03-04,201.52,201.59,200.63,201.48,21848
2009-03-05,201.09,202.5,200.72,202.5,35920
2009-03-06,205.6,207.78,205,207.73,32018
2009-03-09,207.12,207.35,205.81,206.06,23438
2009-03-10,202.49,202.7,201.5,201.58,23930
2009-03-11,197,198.6,196.53,198.49,24044
2009-03-12,200.65,202.15,200.21,201.79,22650
2009-03-13,203.13,203.63,202.71,202.75,20588
2009-03-16,203.49,204.28,203.43,203.63,14654
2009-03-17,203.37,203.66,201.6,202.01,19608
2009-03-18,201.26,201.5,199.8,200.57,20440
2009-03-19,204.6,205.68,203.2,205.28,32622
2009-03-20,209.02,211.12,208.66,210.41,25186
2009-03-23,209.63,212.12,209,211.43,34262
2009-03-24,208,208.47,206.81,206.96,25720
2009-03-25,204.59,205.4,203.9,204.4,22924
2009-03-26,205.51,206.55,205.26,206.35,16480
2009-03-27,205.36,206.29,204.91,205.62,17110
2009-03-30,204.24,204.24,202.32,204.15,19058
2009-03-31,201.31,202.8,201.31,202.49,14658
2009-04-01,202.81,203.15,202,202.13,14716
2009-04-02,203.68,204.55,202.7,202.85,14920
2009-04-03,198.96,199.29,198.51,198.94,18048
2009-04-07,192.65,193.66,192.31,193.4,20974
2009-04-08,193.98,195.8,193.68,195.53,18932
2009-04-09,194.16,194.75,193.5,193.76,12082
2009-04-10,193.68,194.65,193.5,194.59,7054
2009-04-13,194.99,195.8,194.6,195.78,9956
2009-04-14,196.8,198.4,196.75,197.95,11630
2009-04-15,196.6,197.2,196.51,196.6,6342
2009-04-16,196.28,197.01,195.12,196.87,10318
2009-04-17,193.38,193.38,192.08,192.41,15186
2009-04-20,190.23,192.99,190.23,191.3,13318
2009-04-21,195.58,197,195.2,196.63,23634
2009-04-22,195,195.45,194.62,195.31,13610
2009-04-23,197.27,197.5,196.08,196.7,14346
2009-04-24,199.31,201.27,199.1,201.15,21460
2009-04-27,201.91,201.96,201,201.43,17540
2009-04-28,197.88,198.36,197.2,197.41,17454
2009-04-29,196,197.81,195.87,197.2,14780
2009-04-30,196.83,198.2,196.79,198.18,13456
2009-05-01,197.59,197.59,197.16,197.21,10
2009-05-04,196,197.6,195.41,197.31,21404
2009-05-05,199.29,200.13,198.91,199.22,21654
2009-05-06,198.06,199.28,197.88,198.99,16660
2009-05-07,200.81,201.48,200.51,201.33,25708
2009-05-08,201.33,202.1,201.08,201.75,20618
2009-05-11,201.7,202.18,201.03,201.83,21098
2009-05-12,201.29,201.29,200.48,200.73,16980
2009-05-13,203.74,204.09,203.62,203.96,21262
2009-05-14,203.22,203.65,202.72,202.72,14108
2009-05-15,203.4,203.58,203.06,203.23,9952
2009-05-18,203.84,204.66,203.84,204.53,15046
2009-05-19,202,202.52,202,202.44,18764
2009-05-20,203.32,203.78,203.11,203.73,9508
2009-05-21,206,207.11,205.91,206.85,17934
2009-05-22,209.1,209.2,208.07,208.38,19752
2009-05-25,209.3,209.5,208.5,208.8,15162
2009-05-26,209.03,209.08,208.01,208.02,11978
2009-05-27,207.88,208.2,207.2,207.98,12912
2009-06-01,214.15,215.37,213.8,215.02,21484
2009-06-02,213.5,214.35,212.02,212.15,22006
2009-06-03,215.15,216.21,214.68,216.18,27090
2009-06-04,211.9,212.21,211.35,211.96,22964
2009-06-05,214,214.4,213.73,214.32,18306
2009-06-08,209.25,210.39,209.15,209.41,22658
2009-06-09,209.26,209.35,208.08,209.12,20136
2009-06-10,209.92,210.59,209.68,209.84,19594
2009-06-11,209.01,210.05,208.81,209.48,15150
2009-06-12,210,210.15,208.56,208.91,15106
2009-06-15,205.1,206,204.61,204.87,21978
2009-06-16,204.6,205.37,204.6,205.34,24762
2009-06-17,204.77,206.38,204.5,206.3,17560
2009-06-18,206.52,206.75,205.8,206.43,13106
2009-06-19,205.73,205.75,204.9,205.04,12756
2009-06-22,205,205.49,204.75,205,13614
2009-06-23,202.01,202.5,200.9,201.6,28548
2009-06-24,202.9,203.9,202.63,203.9,16324
2009-06-25,204.53,205.7,204.41,205.48,15088
2009-06-26,206.61,207.19,206.36,207.11,14748
2009-06-29,206.28,206.28,205.25,205.91,13026
2009-06-30,206.32,207.7,206.32,207.37,15454
2009-07-01,204.15,204.48,203.77,204.45,17094
2009-07-02,206.34,206.7,205.86,206.06,13820
2009-07-03,204.9,205.25,204.65,205.13,11130
2009-07-06,204.03,204.58,203.26,203.41,13208
2009-07-07,203.45,203.65,202.97,203.16,13572
2009-07-08,202.74,203.22,201.87,202.85,11952
2009-07-09,200.01,201.15,200.01,201.06,14952
2009-07-10,200.9,201.41,200.5,200.55,10914
2009-07-13,201.13,201.45,199.88,200.1,11398
2009-07-14,201.82,202.66,201.62,202.35,12674
2009-07-15,203.5,204.24,203.18,204.09,12684
2009-07-16,205.93,206.1,205.2,205.32,15540
2009-07-17,205.59,205.85,205.16,205.34,10586
2009-07-20,206.1,207.65,206.1,207.54,18286
2009-07-21,208.04,208.38,207.62,207.77,18542
2009-07-22,207.43,208.4,207.43,207.94,10702
2009-07-23,209,209.35,208.68,209.16,10290
2009-07-24,207.97,208.1,207.72,208.05,10108
2009-07-27,208.26,210.09,208.19,210.08,16098
2009-07-28,209,209.71,208.6,209.58,11716
2009-07-29,206.2,206.6,204.48,204.9,24984
2009-07-30,204.1,204.66,204,204.5,9888
2009-07-31,205.48,206.6,205.47,205.93,17120
2009-08-03,209.71,209.85,209.18,209.41,19694
2009-08-04,210.02,210.2,208.96,209.66,16070
2009-08-05,212,212.2,211.16,211.38,16950
2009-08-06,211.52,211.68,210.94,211.57,10142
2009-08-07,210.88,210.98,210.55,210.55,9720
2009-08-10,209.11,210.17,209.11,209.78,8766
2009-08-11,208.01,208.41,207.2,208.35,13830
2009-08-12,208.35,208.6,207.1,207.15,13454
2009-08-13,208.51,209.86,208.51,209.58,15998
2009-08-14,210.3,210.43,209.81,209.9,13296
2009-08-17,207.35,207.41,206.51,207.18,21862
2009-08-18,206.2,206.78,206.05,206.5,15478
2009-08-19,207,207.05,205.21,205.54,15192
2009-08-20,207,208.05,206.66,207.51,11856
2009-08-21,206.5,206.95,206.15,206.52,6834
2009-08-24,209.88,209.89,209.31,209.77,17952
2009-08-25,207.33,207.9,207.33,207.65,10426
2009-08-26,207.61,208.46,207.54,208.26,7314
2009-08-27,207.5,208.15,207.4,208,8164
2009-08-28,209,209.1,208.56,208.8,9286
2009-08-31,211,211,209.29,209.29,15852
2009-09-01,210.29,210.37,208.9,209.72,11192
2009-09-02,209.32,210.18,209.15,210,13704
2009-09-03,214.3,215.58,214.05,215.57,37810
2009-09-04,217.66,218.18,217.23,217.39,26326
2009-09-07,217.8,219.09,217.65,218.9,30036
2009-09-08,219.47,223.08,218.8,222.8,39874
2009-09-09,221.64,222.57,220.3,220.65,45092
2009-09-10,219.76,220.18,218.4,219.47,33842
2009-09-11,219,222.2,219,220.27,46754
2009-09-14,220.02,221.75,219.45,219.57,50382
2009-09-15,220.27,220.88,219.25,219.27,32292
2009-09-16,222.5,225.75,222,225.24,74634
2009-09-17,224.99,227.3,224.39,225.96,71664
2009-09-18,224.37,224.42,222.83,223.1,40774
2009-09-21,221.01,222.45,220.12,221.1,44680
2009-09-22,221.96,223.35,221.71,223.3,51320
2009-09-23,223.93,224.49,223.08,223.13,51478
2009-09-24,223.06,223.61,222.06,223.51,35748
2009-09-25,219,219.26,218.45,218.9,40506
2009-09-28,218.5,218.73,216.4,216.83,39468
2009-09-29,217.03,217.81,216.81,217.77,13300
2009-09-30,217.78,218.78,217.6,218.7,15000
2009-10-09,231.88,231.88,228,228.95,19046
2009-10-12,231.01,231.6,230,230.88,18524
2009-10-13,231.07,231.89,230.8,231.59,18944
2009-10-14,233,234.74,232.64,233.85,34562
2009-10-15,233.2,233.68,231.8,231.85,27606
2009-10-16,231.2,231.68,229.56,230.38,25960
2009-10-19,230.5,231.78,230.17,231.7,24824
2009-10-20,233.73,234.86,233.42,234.59,33534
2009-10-21,231.7,232.32,231.08,232.22,20752
2009-10-22,233,233.36,231.78,231.85,22524
2009-10-23,233,234.2,232.92,233.2,28920
2009-10-26,232.01,232.54,231.5,231.98,23838
2009-10-27,228.88,229.52,228.81,229.37,19242
2009-10-28,228.8,229.77,228.71,229,21814
2009-10-29,227,227.75,226.98,227.5,18520
2009-10-30,230,230.95,230,230.68,17424
2009-11-02,230.05,230.73,229.7,230.71,15340
2009-11-03,234,234.27,233.5,233.86,23180
2009-11-04,237.59,238.08,237.35,238.06,30152
2009-11-05,238.74,238.88,238.1,238.12,31746
2009-11-06,238.6,239.36,238.58,239.25,18918
2009-11-09,240.5,242.26,240.5,242.17,30742
2009-11-10,241.6,241.7,240.34,240.84,33316
2009-11-11,242.25,242.83,242.1,242.62,25968
2009-11-12,245,245.7,245,245.56,28716
2009-11-13,241.87,242.97,241.62,242.91,28042
2009-11-16,246.18,247.51,246.01,247.39,27022
2009-11-17,249.49,249.82,248.04,248.48,29234
2009-11-18,249.6,249.9,249.12,249.49,25944
2009-11-19,249.8,250.6,249.7,250.26,33114
2009-11-20,250.58,251.46,249.57,250.92,35088
2009-11-23,253.99,255.58,253.96,255.42,37460
2009-11-24,254,256.39,253.96,255.05,45582
2009-11-25,255.99,259.47,255.86,259.33,71268
2009-11-26,261.11,263.86,261.1,261.92,83696
2009-11-27,261,262.63,256,257.02,102384
2009-11-30,258.5,260.25,256.1,258.23,90894
2009-12-01,259.87,260.1,258.6,259.33,40718
2009-12-02,264.6,268.04,264.3,267.5,87220
2009-12-03,270.17,270.49,266.66,267.55,95160
2009-12-04,264.83,266,263.89,265.8,82192
2009-12-07,254,255.87,253.2,254.81,102638
2009-12-08,257.39,257.39,255.43,255.9,66656
2009-12-09,249.05,250.54,248.72,248.85,68012
2009-12-10,249.61,250.4,248.11,249.27,58438
2009-12-11,250.02,251.29,249.43,250.7,53848
2009-12-14,247,249.88,246.8,249.7,68328
2009-12-15,248.95,251.55,248.1,248.31,70656
2009-12-16,248.94,252.3,248.6,252.1,83472
2009-12-17,254,254.26,249.62,249.73,92360
2009-12-18,245.6,246.1,244.32,245.4,76048
2009-12-21,247.01,247.86,246.11,246.8,58328
2009-12-22,242.82,243.37,242.34,242.43,46622
2009-12-23,241.1,242.16,240.52,241.3,56468
2009-12-24,242.6,245.96,242,245.61,73994
2009-12-25,245.5,246.48,244.51,246.35,39492
2009-12-28,246,249.09,245.6,247.98,54726
2009-12-29,246.34,246.7,244.78,246.4,52070
2009-12-30,243,243.97,242.77,243.39,44012
2009-12-31,243.68,247.58,243.6,247.51,52368
2010-01-04,245.38,247.43,244.58,245.96,57752
2010-01-05,250,253.28,249.71,253.23,74798
2010-01-06,251.01,253.14,250.59,251.1,73904
2010-01-07,255.1,255.5,251.2,252.36,86698
2010-01-08,251.22,251.22,249,249.56,53716
2010-01-11,257.5,258.44,256.66,256.85,51302
2010-01-12,256.85,257.5,255.38,257.14,38234
2010-01-13,251,251,249.3,250.72,49252
2010-01-14,254.28,254.38,252.41,252.97,27014
2010-01-15,253.22,253.55,251.81,252.21,25270
2010-01-18,250.5,252.05,249.91,251.81,25412
2010-01-19,252.4,253,251.89,252.39,19448
2010-01-20,253.49,253.99,251.2,251.38,32490
2010-01-21,247.5,248.31,246.51,248.3,38986
2010-01-22,243.05,243.99,242.66,243.32,35292
2010-01-25,243.32,245.99,243,245.36,34950
2010-01-26,245.77,246.28,242.72,243.1,37918
2010-01-27,244.57,245.15,243.54,243.81,28192
2010-01-28,241.6,241.98,239.6,241.44,36302
2010-01-29,240.01,240.91,239.3,239.36,27932
2010-02-01,240.78,240.8,238.58,239.56,27820
2010-02-02,244.81,245.2,243.96,244.74,34270
2010-02-03,246.87,247.35,245.93,247.24,22686
2010-02-04,245,246.06,244.83,245.11,20660
2010-02-05,235,235.9,234.88,235.77,35700
2010-02-08,236.5,237.18,236.1,236.86,18356
2010-02-09,236.3,238.88,236.1,238.47,16136
2010-02-10,239.38,239.88,238.85,239.85,15046
2010-02-11,239.5,240.8,239.48,240.3,11930
2010-02-12,242.16,242.5,241.8,242.2,13110
2010-02-22,250.4,251.5,248.33,248.33,18470
2010-02-23,246.5,247.45,245.85,247.22,19936
2010-02-24,245,245.46,244.88,245.06,16490
2010-02-25,244,244,241.76,242.28,25200
2010-02-26,245.16,246.6,244.89,246.4,32442
2010-03-01,248.87,248.87,247.23,247.79,23066
2010-03-02,247.75,248.42,246.77,247.38,24652
2010-03-03,251.1,251.99,250.78,251.9,32232
2010-03-04,252.19,252.24,250.84,251.05,30632
2010-03-05,250.69,251.73,250.41,251.28,19616
2010-03-08,251.06,252.16,250.88,252.01,23400
2010-03-09,248.99,249.19,248.3,248.36,23422
2010-03-10,248.39,249.69,248.36,249.44,19254
2010-03-11,245.95,246.46,245.62,245.93,22378
2010-03-12,246.49,246.83,245.81,246.82,14970
2010-03-15,244.7,244.99,244.26,244.99,18538
2010-03-16,245.41,246.78,245.33,246.34,17994
2010-03-17,249.48,250.18,249.21,250.13,21258
2010-03-18,248.6,248.94,248.27,248.53,15000
2010-03-19,248.79,249.09,248.5,248.71,14040
2010-03-22,244.7,245.49,244.69,244.99,19182
2010-03-23,244.8,245.01,244.42,244.5,17904
2010-03-24,244.5,244.86,243.77,243.9,22050
2010-03-25,241.36,242,241.2,241.8,22358
2010-03-26,242,243.89,241.89,243.88,19008
2010-03-29,245.3,246.22,244.85,246.01,22830
2010-03-30,245.8,246.68,245.6,246.46,15366
2010-03-31,245.11,245.56,244.97,245.28,14766
2010-04-01,246.69,246.95,245.89,245.91,15094
2010-04-02,248.5,248.51,247.72,248.03,18890
2010-04-06,249,249.2,248.18,248.7,11272
2010-04-07,250.02,250.68,249.68,250.68,15292
2010-04-08,252,252.28,251.62,251.8,15164
2010-04-09,253.01,255,252.9,254.97,20336
2010-04-12,256.97,257.35,256.38,256.45,19266
2010-04-13,254.66,254.79,253.8,254.35,17326
2010-04-14,254,255.37,254,254.45,21188
2010-04-15,254.61,255.15,254.1,254.16,14914
2010-04-16,254.82,254.87,254.1,254.23,9956
2010-04-19,250.53,251.02,249.5,249.7,21200
2010-04-20,250.78,251.36,250.56,251.07,21060
2010-04-21,251.67,252.83,251.55,252.56,19206
2010-04-22,252.8,253.26,252.4,252.5,16356
2010-04-23,251.01,251.59,251.01,251.26,16646
2010-04-26,254.85,255.85,254.73,255.41,18808
2010-04-27,255.1,255.38,254.16,254.39,17950
2010-04-28,257.25,257.3,256.5,256.8,21458
2010-04-29,256.8,257.32,256.64,257.08,16250
2010-04-30,258.86,258.97,257.98,258.58,19850
2010-05-03,257.67,258.38,257.33,257.58,20
2010-05-04,260,260.08,258.6,258.61,23662
2010-05-05,257,257.48,255.72,257.33,24552
2010-05-06,257.86,258.5,257.7,258.2,27734
2010-05-07,264,264.61,263.31,264.6,34792
2010-05-10,263.99,264.67,262.64,262.75,37106
2010-05-11,264.14,265.75,264.14,265.64,33772
2010-05-12,269.7,271.24,269.18,270.17,46428
2010-05-13,271.01,271.83,270.91,271.14,37740
2010-05-14,271.14,272.3,270.74,271.32,40830
2010-05-17,271.32,273.58,271.32,271.89,66552
2010-05-18,269.86,270,267.3,267.62,56578
2010-05-19,268.99,269.5,265.61,266.29,75546
2010-05-20,262,263.8,260.37,261.27,64916
2010-05-21,260.4,261.2,257.5,259.72,73574
2010-05-24,260.84,262.56,260.39,262.25,44208
2010-05-25,261.7,263.55,261.5,262.17,54428
2010-05-26,265,266.25,264.52,265.8,44236
2010-05-27,266.8,267.98,266.2,266.7,48384
2010-05-28,266.5,267.7,265.45,267.68,50270
2010-05-31,266.43,267.53,266.17,266.54,31608
2010-06-01,269,269.35,268.3,268.59,46650
2010-06-02,269.27,269.8,268.63,268.71,42082
2010-06-03,269.09,269.36,268.2,269.18,33872
2010-06-04,265,265.58,263.64,264.82,44450
2010-06-07,267,268.16,266.82,267.77,43016
2010-06-08,272.32,273,271.9,272.9,38104
2010-06-09,272.24,272.34,271,271.35,44988
2010-06-10,270.49,271.6,269.25,270.24,39270
2010-06-11,268,268.69,267.81,268.44,23324
2010-06-14,268,268.69,267.81,268.44,23324
2010-06-17,271.06,271.8,270.8,271.47,22766
2010-06-18,274.09,274.33,273.35,273.93,39298
2010-06-21,276.56,277.01,275.86,276.98,41182
2010-06-22,271.72,272.19,270.88,271.24,43244
2010-06-23,271.36,272.45,271.36,272.08,22152
2010-06-24,271.17,271.54,270.61,270.75,21380
2010-06-25,272.9,273.58,272.64,272.95,25832
2010-06-28,276,276.19,274.85,274.91,21814
2010-06-29,271.99,271.99,270.45,270.6,33154
2010-06-30,272.06,272.48,271.56,272.04,24188
2010-07-01,271.05,271.6,270.72,270.8,25238
2010-07-02,262.53,263.87,261.88,263.12,47410
2010-07-05,263.98,264.83,263.7,264.26,21122
2010-07-06,262.88,264,262.5,263.01,25252
2010-07-07,260.95,261.27,259.17,259.4,37286
2010-07-08,263.02,263.48,262.6,263.16,26662
2010-07-09,261.18,261.88,261.12,261.36,20958
2010-07-12,264,264.04,263.3,263.3,21098
2010-07-13,261.5,261.98,261.15,261.2,24626
2010-07-14,264,264.95,263.81,264.6,28432
2010-07-15,264.09,264.68,263.7,263.75,19926
2010-07-16,264,264.15,263,263.02,21536
2010-07-19,259.9,260.74,259.88,260.3,30682
2010-07-20,258.3,259.2,258.25,258.85,28818
2010-07-21,260.65,260.65,259.73,259.76,21112
2010-07-22,259.1,259.6,258.25,258.73,25562
2010-07-23,260.99,261.63,260.71,261.46,24718
2010-07-26,260.22,261.28,260.22,261.12,17752
2010-07-27,259.48,259.72,259.15,259.46,19310
2010-07-28,254.83,255.46,254.68,255.18,30888
2010-07-29,255.6,256.2,255.24,256.17,22442
2010-07-30,255.61,256.29,255.36,255.94,20384
2010-08-02,258.6,259.46,258.5,259.25,22792
2010-08-03,259.38,259.45,258.88,258.95,16370
2010-08-04,260.7,261.69,260.52,261.57,26324
2010-08-05,261.86,261.97,261.17,261.4,15292
2010-08-06,261.4,262.9,261.24,262.9,14528
2010-08-09,263.79,264.8,263.43,264.63,21442
2010-08-10,262.98,263.17,262,262,17080
2010-08-11,263.15,263.75,262.01,262.43,17026
2010-08-12,262.86,262.98,262.3,262.88,13234
2010-08-13,265.5,266.96,265.4,266.73,23508
2010-08-16,266.86,268.05,266.77,267.48,20088
2010-08-17,268.5,268.58,267.53,267.8,18196
2010-08-18,268.08,268.26,267.4,267.55,14844
2010-08-19,268.83,269.15,268.62,268.98,13192
2010-08-20,269.13,269.2,268.61,268.78,14916
2010-08-23,268.47,268.96,268.32,268.6,12292
2010-08-24,267.08,267.42,266.82,266.86,13486
2010-08-25,269,269.8,268.83,269.8,19852
2010-08-26,271.11,271.52,270.73,271.11,18426
2010-08-27,270.05,270.55,270.05,270.22,11954
2010-08-30,269.82,270.45,269.82,270.41,13000
2010-08-31,270.38,271.19,270.01,270.28,17014
2010-09-01,272.63,274.29,272.63,274.1,21192
2010-09-02,273.11,273.42,272.92,273.1,13358
2010-09-03,274.24,274.24,273.5,273.72,9532
2010-09-06,272.63,273.46,272.45,273.25,11320
2010-09-07,272.96,273.28,272.72,273.15,10130
2010-09-08,274.59,275.5,274.53,275.33,15884
2010-09-09,273.96,274.32,273.58,273.83,23692
2010-09-10,271.68,272.16,271.56,272.01,13612
2010-09-13,271.77,272.19,271.65,272.08,9122
2010-09-14,272.68,272.71,272.03,272.6,13242
2010-09-15,277.1,277.1,276.15,276.55,34820
2010-09-16,275.96,276.55,275.56,275.95,16342
2010-09-17,277.13,278.35,276.6,278.24,22150
2010-09-20,277.5,279.2,277.5,279.2,19264
2010-09-21,278.13,278.17,277.3,277.4,14914
2010-09-27,281.51,281.6,279.71,281.14,16508
2010-09-28,279.5,280.14,279.38,279.45,10616
2010-09-29,283,283.26,282.22,283.19,13600
2010-09-30,282.5,284.59,282.1,284.11,17228
2010-10-07,282.28,284.49,282.26,284.17,1046
2010-10-08,285.1,287.33,285.02,285.69,27108
2010-10-11,289.85,291.46,289.8,290.85,29380
2010-10-12,291,291.59,289.83,290.09,21102
2010-10-13,292,293.2,291.3,292.47,24142
2010-10-14,296.1,297.83,295.8,297.47,25754
2010-10-15,296.13,297.56,295.88,297.16,16436
2010-10-18,292,292.89,291.26,292.41,23972
2010-10-19,293.91,294.6,293.03,293.34,15402
2010-10-20,286.6,287.6,286.6,286.99,30388
2010-10-21,288.6,288.6,286.8,286.95,13572
2010-10-22,285.74,286.69,285.58,285.97,14690
2010-10-25,288.69,291.5,288.69,291.5,26286
2010-10-26,290.9,291.19,289.1,289.28,23402
2010-10-27,290.89,291,287.5,287.83,28762
2010-10-28,287.88,287.99,287.08,287.55,15034
2010-10-29,290,290.39,289.31,290.01,22482
2010-11-01,293.48,295.4,292.61,295.27,24076
2010-11-02,293.33,294.38,293.01,294.28,14764
2010-11-03,293.44,293.97,292.1,292.39,19246
2010-11-04,291.88,307,291.5,293.67,24400
2010-11-05,300,302.98,299.7,301.24,28842
2010-11-08,302.51,303.4,301.1,301.62,25836
2010-11-09,304.33,314,304.1,311.23,57822
2010-11-10,305.19,311.47,304.17,305.76,73698
2010-11-11,307.89,309.03,305.96,307.16,40290
2010-11-12,306.95,307.31,295.03,301,92764
2010-11-15,298,298.7,294.6,295.9,47410
2010-11-16,295.02,295.88,294,294.55,34130
2010-11-17,288.85,289.71,288.14,288.43,52908
2010-11-18,291.44,293.3,291.11,292.99,37008
2010-11-19,294.5,294.7,292.71,294,24500
2010-11-22,293.53,295.98,293.18,294.31,24038
2010-11-23,295.03,295.38,293.52,294.98,29744
2010-11-24,296.85,298.97,296.8,298.68,36412
2010-11-25,297.2,297.55,296.3,297.45,20838
2010-11-26,297.4,297.74,295,295.21,31486
2010-11-29,292,295.54,292,294.8,24566
2010-11-30,296.3,296.57,295.61,296.31,19932
2010-12-01,300.37,304.27,299.8,303.95,34258
2010-12-02,303,305.01,303,304.96,24484
2010-12-03,304.32,304.8,302.94,303.65,20782
2010-12-06,308.98,309.93,307.7,308.51,24876
2010-12-07,310.02,310.7,308,309.84,22966
2010-12-08,304,304.8,300.66,301.3,42622
2010-12-09,300.93,301.15,299.66,300.35,24922
2010-12-10,300.88,302.19,300.52,301.38,16936
2010-12-13,300.22,302.5,299.8,302.34,17572
2010-12-14,304.68,306.47,303.75,305.95,24984
2010-12-15,304,304,300.99,301.1,27918
2010-12-16,299.01,300.28,298.69,300.25,19962
2010-12-17,298.95,299.8,298.35,299.53,17958
2010-12-20,301.55,302.6,301.39,302.35,33136
2010-12-21,301.51,302.45,301.35,302.38,16924
2010-12-22,302.7,303.09,302.01,302.33,13410
2010-12-23,302,302.39,301.16,302.01,10228
2010-12-24,300.38,301.5,300.12,301.5,7764
2010-12-27,300,301.9,299.4,301.6,12198
2010-12-28,302,304.38,301.86,303.73,23022
2010-12-29,306,307.15,305.5,307.1,19566
2010-12-30,307.23,309.1,307.23,308.37,19304
2010-12-31,306.68,309.13,306.47,309.11,18322
2011-01-04,308.79,309.29,307.63,307.81,21202
2011-01-05,300,300.8,298.88,299.95,39874
2011-01-06,299.3,299.6,298.82,298.91,17494
2011-01-07,298,298.4,296.83,297.01,26024
2011-01-10,298.01,299.47,297.79,299.21,16818
2011-01-11,299.22,299.73,298.83,299.66,12766
2011-01-12,300.97,301.29,300.41,301.06,12006
2011-01-13,301.38,301.38,299.61,299.84,14382
2011-01-14,298.84,298.84,297,297.4,13028
2011-01-17,295.46,295.81,292.44,292.75,28964
2011-01-18,293.45,294.7,293.12,294.33,13558
2011-01-19,295.45,296.06,295.1,295.86,11696
2011-01-20,294.37,294.49,293.28,293.3,13676
2011-01-21,288.83,290.35,288.83,290.2,17514
2011-01-24,290.74,292.38,290.6,291.6,15424
2011-01-25,288.28,288.3,287.32,287.75,13782
2011-01-26,288.25,297.74,288.13,288.95,16580
2011-01-27,290.51,291.37,290.1,290.41,12208
2011-01-28,283.5,284.73,283.28,284.73,17086
2011-01-31,289.93,289.97,287.94,288.35,14784
2011-02-01,288.91,289.61,288.59,289.61,14014
2011-02-09,293.9,294.52,292.8,292.96,16022
2011-02-10,292.66,293.15,292.56,292.7,7068
2011-02-11,293.5,294.18,292.93,293.32,10452
2011-02-14,292,293.1,291.93,293,7616
2011-02-15,293.78,294.48,293.32,293.59,9080
2011-02-16,294.78,295.98,294.78,295.88,9814
2011-02-17,295.55,296.39,295.53,296.06,9196
2011-02-18,297.02,297.77,297.02,297.42,9702
2011-02-21,298.79,299.61,298.68,299.27,10378
2011-02-22,301.54,302.11,298.9,299.5,24686
2011-02-23,298.23,299.75,298.1,299.7,9420
2011-02-24,302.99,303,300.1,301.2,15986
2011-02-25,299.6,299.96,284.3,299.61,10994
2011-02-28,301.7,301.9,300.51,301.28,10578
2011-03-01,300.3,302.1,299.5,302,15390
2011-03-02,304.83,304.97,303.35,303.58,17504
2011-03-03,304,304.42,301.08,301.61,17128
2011-03-04,300.98,301.11,299.8,299.99,10534
2011-03-07,303.1,304.54,302.86,304.33,13578
2011-03-08,302.83,303.32,301.37,301.92,16952
2011-03-09,301.56,302.3,300.85,301.78,8902
2011-03-10,301.7,303.31,301.49,303.17,14034
2011-03-11,299.89,300.69,299.05,299.12,16716
2011-03-14,302.6,302.99,300.21,301.26,13776
2011-03-15,301.47,301.47,298.36,299.38,16504
2011-03-16,296.15,297.1,295.55,296.82,13982
2011-03-17,294.76,295.8,294.76,295.8,8940
2011-03-18,298,299.29,297.98,299.05,11818
2011-03-21,302.53,303.84,302.23,303.1,17756
2011-03-22,302.9,303.08,302,302.29,11292
2011-03-23,302,302.75,301.94,302.42,8702
2011-03-24,304,304.08,303.26,303.3,9984
2011-03-25,302.38,303.3,302.27,303.28,7794
2011-03-28,301.28,302.1,299.7,299.9,10668
2011-03-29,299.5,300.45,299.38,299.82,7600
2011-03-30,299.97,300.5,299.08,300.35,7570
2011-03-31,300.8,301.3,300.47,301.26,5554
2011-04-01,302.03,302.27,301.32,301.89,7342
2011-04-06,304.95,306.17,304.89,306.13,15904
2011-04-07,305.87,306.22,305.31,305.33,8766
2011-04-08,305.94,307.96,305.93,307.8,8812
2011-04-11,309.5,309.5,307,307.47,9788
2011-04-12,305.01,306.36,304.97,305.89,9040
2011-04-13,305.97,307.49,305.38,307.11,6020
2011-04-14,308,309.23,307.66,309,7296
2011-04-15,311.32,311.58,310.42,310.5,12288
2011-04-18,312,312.35,311.11,312.22,12530
2011-04-19,312.89,313.3,311.1,311.25,20332
2011-04-20,312.18,314.68,312.12,314.54,20838
2011-04-21,316,316.29,314.57,315.14,19248
2011-04-22,314.77,315.73,314.77,315.64,8958
2011-04-25,317.02,317.12,315.53,316.69,16162
2011-04-26,313.49,313.51,312.25,312.8,28688
2011-04-27,314.2,314.8,313.35,313.36,15906
2011-04-28,317.18,318.56,317.12,318.1,25064
2011-04-29,318.81,318.92,317.25,317.4,18524
2011-05-03,318,318.3,316.35,317.15,22722
2011-05-04,315.98,316.19,314.15,314.21,30008
2011-05-05,313.39,313.39,312,313.11,31644
2011-05-06,308.9,310.03,308.1,309.38,30998
2011-05-09,310,310.99,309.51,310.9,21630
2011-05-10,311,312.64,310.9,312.09,23524
2011-05-11,313.5,314.65,313.4,314.64,20268
2011-05-12,312.18,312.89,309.67,310.1,35394
2011-05-13,312,314.28,311.98,314.24,27546
2011-05-16,311.53,311.59,310.71,310.9,23312
2011-05-17,310.8,311.82,310.66,311.59,19974
2011-05-18,311,311.63,310.5,310.86,21510
2011-05-19,312.47,312.9,312,312.37,19812
2011-05-20,312.4,313.25,312.38,313.24,13416
2011-05-23,315.3,315.3,314.06,314.14,13246
2011-05-24,316,317.31,316,317.09,15264
2011-05-25,317.5,317.89,316.6,317.23,13878
2011-05-26,318.1,318.5,317.8,317.9,11786
2011-05-27,317.78,317.85,317.02,317.54,10912
2011-05-30,319.13,319.92,319.13,319.49,13096
2011-05-31,320.8,321,319.71,320.01,11824
2011-06-01,319.7,319.7,317.25,317.53,18538
2011-06-02,319.19,320.3,319.05,320.25,19372
2011-06-03,319.4,319.6,319,319.35,12096
2011-06-07,321.1,321.4,320.55,321.3,16658
2011-06-08,320.6,320.8,320,320.05,13974
2011-06-09,319.99,320,318.87,319,11820
2011-06-10,320.8,321.02,320.43,320.56,9854
2011-06-13,318.99,319.26,318,318.5,12528
2011-06-14,316.5,317.19,316.3,317.11,11606
2011-06-15,317.87,318.06,317.12,317.19,9166
2011-06-16,318,318.4,317.81,318.15,9804
2011-06-17,318.3,318.47,317.61,317.66,8938
2011-06-20,319.85,320.88,319.85,320.27,12502
2011-06-21,320.97,321.89,320.62,321.31,13322
2011-06-22,321.92,322.18,321.2,321.2,8226
2011-06-23,321.4,321.5,320.83,321.07,10174
2011-06-24,317.5,337.27,316.61,316.82,22780
2011-06-27,313.3,313.5,311.52,311.52,20898
2011-06-28,313.08,313.35,311.52,312.16,13052
2011-06-29,313.3,313.73,313.05,313.57,10390
2011-06-30,314.4,314.98,313.9,314.18,13118
2011-07-01,312.01,312.44,311.67,311.8,14302
2011-07-04,311.38,312.08,310.93,311.95,22718
2011-07-05,312.33,312.87,311.16,311.24,13566
2011-07-06,315,316.63,314.88,316.56,18922
2011-07-07,318.02,320.11,317.55,319.55,16230
2011-07-08,319.01,320,319.01,319.19,8718
2011-07-11,321.41,322.17,321.13,321.86,15988
2011-07-12,323.09,323.48,321.9,322.07,16038
2011-07-13,325.58,326.95,325.58,326.66,22456
2011-07-14,330,330.3,328.51,329.67,20592
2011-07-15,329.53,329.9,328,328.11,24342
2011-07-18,330.99,332.5,330.8,332.48,25986
2011-07-19,333.1,334.25,332.61,334.11,19188
2011-07-20,330.23,331.64,330.23,330.59,20148
2011-07-21,332.78,333.68,332.33,333.45,19296
2011-07-22,331.1,331.4,329.83,330.2,22248
2011-07-25,335.85,336.29,334.3,336.1,19212
2011-07-26,334.92,335.76,334.7,335.41,12456
2011-07-27,336.75,337.43,336.2,336.62,18812
2011-07-28,334.7,335.75,334.65,335.21,15138
2011-07-29,335.4,335.92,334.41,334.48,18600
2011-08-01,333.94,334.7,333.07,333.51,19386
2011-08-02,335,336.06,334.67,335.58,21332
2011-08-03,341,345.8,340.6,345.3,60610
2011-08-04,345,346.99,344.31,345.62,64268
2011-08-05,341.02,345.47,341.02,344.08,65082
2011-08-08,349.6,356.2,349.6,354.47,99700
2011-08-09,358,365.02,358,362.46,167118
2011-08-10,362.03,364.33,360.06,361.78,140262
2011-08-11,372.18,374.75,366.66,367.43,157554
2011-08-12,363.66,365.75,361.5,362.99,138760
2011-08-15,359.6,362.66,359.5,360.27,96730
2011-08-16,365.09,366.6,364.04,366.46,88014
2011-08-17,368.92,369.76,367.2,369.31,83620
2011-08-18,368,370.61,367.93,370.38,74180
2011-08-19,379,383.89,378.1,383.8,144632
2011-08-22,387.71,392.67,384.67,392.38,215912
2011-08-23,394.2,394.6,390.9,391.69,225334
2011-08-24,382,384.49,380.5,380.9,222524
2011-08-25,363.51,366.62,363.51,363.51,162386
2011-08-26,366,370.4,364.45,367.8,290460
2011-08-29,374.5,377.39,373.5,376.79,243114
2011-08-30,372.95,373.85,371.2,372.3,173142
2011-08-31,378.03,380.26,377.91,380.19,139162
2011-09-01,378.89,378.92,376.22,376.31,162496
2011-09-02,377.8,381.5,377.61,381.24,122968
2011-09-05,389.17,390.66,387.85,390.6,159716
2011-09-06,392.06,398.08,391.5,395.25,260000
2011-09-07,388.97,389.88,376.82,378.7,320426
2011-09-08,378.7,382.1,377.9,382,296516
2011-09-09,384.4,389.28,383.11,388.31,291588
2011-09-13,378.2,380,376.67,378.59,206798
2011-09-14,381.97,383.04,376.84,378.33,218396
2011-09-15,378.01,378.58,373.1,375.54,259918
2011-09-16,369,369.5,364.82,365.71,210454
2011-09-19,376.2,378.03,375.4,377.96,170324
2011-09-20,369.08,369.5,366.16,368.8,163546
2011-09-21,373.39,375.54,371.73,375.2,162338
2011-09-22,368.29,369.44,366.22,367.01,201854
2011-09-23,361.48,363.68,355.88,361.24,225766
2011-09-26,341.94,344.29,341.94,341.94,43018
2011-09-27,338.34,343.56,336.21,341.44,238134
2011-09-28,339.99,341.8,337.05,341.27,163330
2011-09-29,327.03,336.47,327.02,335.09,157916
2011-09-30,334.78,339.6,334.6,338.39,113756
2011-10-10,341,342.6,340.94,341.63,54982
2011-10-11,345.8,348.35,345.23,345.93,100124
2011-10-12,344.51,346.87,343.59,346.83,86014
2011-10-13,348,348.7,345.32,346.42,80182
2011-10-14,344.17,346.12,343.54,346.09,62788
2011-10-17,347.01,348.2,346.65,347.35,53818
2011-10-18,346.75,346.9,343,343.01,68924
2011-10-19,343.08,345.49,340.33,340.53,94936
2011-10-20,336,336.51,329.09,333.28,162768
2011-10-21,332.98,337,332.9,335.25,78198
2011-10-24,339.4,342.54,337.2,341.7,82178
2011-10-25,341.9,343.7,340.5,341.1,48266
2011-10-26,352.95,355.51,352.1,354.14,79682
2011-10-27,355.8,357.16,354.9,355.44,49954
2011-10-28,361.81,362.55,357.67,357.93,61204
2011-10-31,358.79,359.55,350.6,352.62,94220
2011-11-01,353.5,355,352.63,352.66,44304
2011-11-02,353.85,357,353.7,355.8,71370
2011-11-03,356.98,357.16,353.65,355.98,67040
2011-11-04,361.61,362.99,361,362.03,53180
2011-11-07,362.09,364.92,362.09,364.6,66574
2011-11-08,368.57,369.13,367.79,368.18,60424
2011-11-09,368.18,369.1,366.52,367.02,57632
2011-11-10,363.21,363.84,359.2,360.15,105008
2011-11-11,359.19,363.6,359.11,362.9,64932
2011-11-14,367.51,369.28,367.36,367.36,58254
2011-11-15,365.9,366.81,362.75,363.53,59694
2011-11-16,366.02,366.65,362.06,362.82,67142
2011-11-17,362.31,363.29,360.86,362.88,55382
2011-11-18,352.67,354.96,351.5,353.56,72574
2011-11-21,352.63,354.48,351.9,353.71,60016
2011-11-22,346,347.8,345.04,346.59,62686
2011-11-23,349.51,351.61,349.31,351,57924
2011-11-24,348.59,349.38,347.95,348.8,53546
2011-11-25,348,348.85,346.35,346.5,49166
2011-11-28,349.23,351.95,349.23,351.23,60382
2011-11-29,352,353.1,351.31,352.7,44094
2011-11-30,354.29,355.48,353.2,353.22,69898
2011-12-01,360.6,361.98,358.75,359,65886
2011-12-05,360.14,360.14,358.66,359,38906
2011-12-06,354.54,354.88,351.89,352.75,56034
2011-12-07,356.17,356.23,355.51,356.21,36662
2011-12-08,357.85,357.93,357,357.9,32000
2011-12-09,352.34,352.99,351.24,351.35,46260
2011-12-12,352.63,352.7,346,346.96,80720
2011-12-13,342.5,342.8,339.47,339.66,92710
2011-12-14,336.39,338.1,336.01,337.53,74652
2011-12-15,325.79,325.99,322.33,322.33,116566
2011-12-16,325.01,328.89,324.75,328.75,104306
2011-12-19,329.5,329.56,326.36,328.45,111768
2011-12-20,329.17,329.73,328.24,329.7,80518
2011-12-21,334,335.13,333.03,334.48,67334
2011-12-22,332.32,332.48,329.24,331.51,99292
2011-12-23,331.19,332.31,330.63,330.92,71686
2011-12-26,330.22,330.66,326.44,327.35,90440
2011-12-27,327.4,328.33,325.96,326.23,70162
2011-12-28,324.6,325.66,323.84,324.18,73048
2011-12-29,318,318.49,315.93,316,75388
2011-12-30,317.8,320.2,317.6,319.45,97682
2012-01-04,328.98,328.98,325.67,327.33,84528
2012-01-05,330,332.1,328.67,331.95,81846
2012-01-06,331.13,333.66,330.76,333.41,94146
2012-01-09,330,330.76,328.61,330.3,69124
2012-01-10,330.18,332.71,329.94,332.2,63600
2012-01-11,334.88,336.32,333.84,336.2,61456
2012-01-12,336.14,337.6,335.71,336.98,55546
2012-01-13,337.23,337.23,333.52,336.65,112706
2012-01-16,334.18,336.38,333.61,335.15,66672
2012-01-17,336.4,340.15,336.33,339.77,68104
2012-01-18,338.33,339.3,336.05,338.65,71258
2012-01-19,339,341.1,338.9,340.68,47288
2012-01-20,339.14,339.63,337.9,339.57,53370
2012-01-30,354,354.78,352.59,353.21,58930
2012-01-31,354.13,355.7,354.13,355.04,53062
2012-02-01,354.88,355.81,353.96,354.07,55802
2012-02-02,357.21,357.88,356.08,356.84,60364
2012-02-03,358.57,358.88,358.08,358.59,43908
2012-02-06,353.26,354.64,353.26,353.36,58894
2012-02-07,351.38,352.63,351.08,352.63,56500
2012-02-08,356.19,357.82,356.16,357.66,56860
2012-02-09,353.4,355.13,352.35,355.09,61206
2012-02-10,353,354.08,352.79,353.1,49510
2012-02-13,351.79,353.18,351.34,352.56,47128
2012-02-14,351.46,351.85,349.9,350.3,45314
2012-02-15,351.2,352.7,351.18,352.18,46580
2012-02-16,352.33,352.33,349.99,350.81,67264
2012-02-17,353,354.02,353,353.34,55068
2012-02-20,354.11,354.62,353.71,353.73,40452
2012-02-21,353.91,355.8,353.34,355.59,51688
2012-02-22,358.31,358.49,357.8,358.22,35098
2012-02-23,361.63,362.51,361.34,362.47,48592
2012-02-24,362.44,363.09,361.9,362.31,43366
2012-02-27,361.51,362.78,360.81,360.9,40432
2012-02-28,360.5,361.96,360.24,361.92,41098
2012-02-29,364.14,364.9,363.83,364.75,36556
2012-03-01,348.83,351.65,348.83,349.83,103474
2012-03-02,350.85,351.68,350.4,350.49,46134
2012-03-05,349.55,350.39,348.6,348.82,50688
2012-03-06,348.4,348.89,346.7,346.76,49458
2012-03-07,341.92,342.58,341.2,341.28,53896
2012-03-08,343.61,344.68,343.29,344.61,34218
2012-03-09,346.7,348.22,346.25,347.67,44950
2012-03-12,349.18,349.64,347.26,347.96,49552
2012-03-13,347.37,348.13,347.3,347.55,34830
2012-03-14,342.57,343.29,341.1,341.39,67038
2012-03-15,335.23,338.07,335.08,337.36,69306
2012-03-16,339.36,340.98,339.11,340.7,48050
2012-03-19,340.29,341.3,340.06,340.92,35598
2012-03-20,341,341.24,338.36,338.52,53172
2012-03-21,338.78,339.41,337.56,338.6,46036
2012-03-22,338.4,339.2,337.29,337.99,44366
2012-03-23,337.51,338.08,336.21,337.21,49178
2012-03-26,340.86,342.16,340.09,340.78,36238
2012-03-27,345.78,345.99,345.08,345.84,37540
2012-03-28,344.11,344.2,342.3,342.4,31972
2012-03-29,340,340.18,338.63,339.97,35732
2012-03-30,340.07,340.38,339.65,340.2,27388
2012-04-05,332.1,333.47,332.06,333.06,32836
2012-04-06,334,334.4,332.8,334.4,22144
2012-04-09,335.63,336.8,334.8,336.42,31908
2012-04-10,337,339.9,337,337.7,42800
2012-04-11,339.11,340.25,338.7,340.23,36306
2012-04-12,339.77,339.92,338.99,339.4,26934
2012-04-13,343,343.1,342.13,342.62,28896
2012-04-16,338.45,338.45,335.6,335.8,47934
2012-04-17,337.64,337.7,336.3,336.3,32514
2012-04-18,337.62,338.65,337.19,338.46,41382
2012-04-19,336,336.1,335,336.01,39990
2012-04-20,335.8,337.08,335.8,336.3,34880
2012-04-23,335.65,336.46,335.65,335.92,27114
2012-04-24,335.35,335.98,334.81,335.12,41058
2012-04-25,336.48,336.57,335.98,336.2,26172
2012-04-26,336.49,338.04,336.48,338.03,38702
2012-04-27,339.34,339.44,338.17,338.22,36908
2012-05-02,340,340,337.97,338.15,40734
2012-05-03,337.9,338.09,335.81,335.92,33914
2012-05-04,334.51,335.05,334.18,334.56,34154
2012-05-07,335.34,335.79,334.2,335.39,48066
2012-05-08,334.94,335.29,333.5,333.59,44376
2012-05-09,328,328.38,325.54,325.98,74534
2012-05-10,326.37,326.84,325.81,326.41,45274
2012-05-11,326,326.07,323.9,324.16,60604
2012-05-14,324.59,324.94,322.58,322.89,53216
2012-05-15,318.95,319.28,317.27,318.91,70276
2012-05-16,315.8,316.78,313.72,313.95,73582
2012-05-17,316.97,318.96,316.55,318.31,62388
2012-05-18,323,323.78,321.74,323.19,74954
2012-05-21,327,327.99,326.96,327.63,49428
2012-05-22,326.45,327.03,325.15,325.26,41462
2012-05-23,319.62,320.55,318.92,320.02,63048
2012-05-24,320.27,322.52,319.3,321.4,64848
2012-05-25,320.33,322.78,318.82,321.74,77752
2012-05-28,323.77,326.63,323.65,326.3,52194
2012-05-29,324.49,325.97,324.16,325.5,48716
2012-05-30,320.31,320.8,318.88,319.86,62898
2012-05-31,322.64,324.43,322.22,323.01,63652
2012-06-01,321.39,322.9,320.7,322.63,51008
2012-06-04,333.5,337.04,333.02,335.67,107284
2012-06-05,335.12,336.06,333.65,334.36,63156
2012-06-06,336.94,337.3,335.57,336.4,73350
2012-06-07,335.48,335.6,333.89,334.7,66446
2012-06-08,327.03,327.75,322.51,324.92,90694
2012-06-11,330.95,331.4,329.13,329.88,59312
2012-06-12,328.62,329.2,327.76,328.34,47782
2012-06-13,331,332.69,330.88,332.58,52132
2012-06-14,333.4,335.01,333.1,333.61,42562
2012-06-15,334.43,335.68,334.37,335.31,50412
2012-06-18,335.73,336.45,333.31,333.5,58604
2012-06-19,335.56,336.18,335.14,335.56,37686
2012-06-20,333.32,334.15,332.9,333.49,34266
2012-06-21,329.31,330.7,328.69,330.37,45710
2012-06-25,325,325.58,324.2,325.14,41032
2012-06-26,327.6,327.77,326.45,326.9,27880
2012-06-27,325,325.42,323.82,324.35,34948
2012-06-28,326.01,326.41,325.08,325.38,35236
2012-06-29,321.34,325.13,321.06,324.6,57122
2012-07-02,329.2,329.21,327.71,328.13,41244
2012-07-03,329.2,331.8,328.89,331.78,46312
2012-07-04,333.35,333.87,332.8,333.3,35464
2012-07-05,333.32,334,332.55,333.8,38600
2012-07-06,331.76,331.82,330.4,330.59,38478
2012-07-09,327,327.5,326.5,326.94,39632
2012-07-10,327.5,328.37,327.08,327.3,33144
2012-07-11,325,326.35,324.88,326.12,40936
2012-07-12,326,326.08,324.2,324.7,49696
2012-07-13,324.7,326.99,324.64,326.44,49290
2012-07-16,328.23,329.26,325.42,328.82,46394
2012-07-17,329.74,330.37,328.73,329.64,45130
2012-07-18,328.04,328.34,326.2,327.13,44252
2012-07-19,326.17,327.68,326.11,326.95,45706
2012-07-20,327.3,327.66,326.94,327.5,40692
2012-07-23,326.75,327.22,325.61,326.15,49470
2012-07-24,326.38,327.28,326,326.5,48332
2012-07-25,327,328.64,327,327.49,65674
2012-07-26,331.73,333.19,331.2,332.88,65218
2012-07-27,333.88,335.48,333.43,335.3,53714
2012-07-30,335.71,335.85,334.01,334.45,48702
2012-07-31,334.97,336.26,334.92,335.58,46586
2012-08-01,333.27,334.36,332.86,334.12,36476
2012-08-02,331,331.98,330.55,331.48,37200
2012-08-03,329,329.96,329,329.85,31712
2012-08-06,332.1,333.28,332.04,332.79,35680
2012-08-07,333.75,333.95,333.06,333.68,29604
2012-08-08,333.42,333.8,332.45,332.55,31298
2012-08-09,333.82,335,333.8,334.81,37382
2012-08-10,334.39,334.53,333.4,334,31950
2012-08-13,335.08,336.49,334.95,336.02,50630
2012-08-14,333.74,334.28,333.33,334.03,39790
2012-08-15,331.28,331.91,330.9,331.2,33816
2012-08-16,332.47,332.84,331.51,331.71,33088
2012-08-17,334.7,335.49,334.43,335.34,31248
2012-08-20,334.74,335.43,334.41,335.13,25632
2012-08-21,335.28,336.4,335.28,336.3,30532
2012-08-22,338.82,339.8,338.8,339.51,38854
2012-08-23,342.5,346.36,342.48,345.99,86310
2012-08-24,345.98,346,344.36,344.79,50894
2012-08-27,346.8,348.28,346.34,346.63,46782
2012-08-28,343.72,343.99,343.13,343.93,35934
2012-08-29,344.34,345.85,344.34,345.5,38508
2012-08-30,342.63,343.94,342.5,343.38,37766
2012-08-31,342.97,343.6,342.21,343.39,39098
2012-09-03,349.76,350.76,349.52,349.71,54018
2012-09-04,351.3,351.85,350.16,350.3,45698
2012-09-05,350,350.61,349.67,350.16,31656
2012-09-06,350.17,354,350.17,352.6,77258
2012-09-07,350.99,351.37,348.63,349.61,66978
2012-09-10,358.37,359.59,358,358.23,52414
2012-09-11,357.2,358,356.6,357.78,41632
2012-09-12,358.71,358.71,357.5,357.89,36160
2012-09-13,357.49,357.49,356.01,356.13,34780
2012-09-14,365.18,366.3,364.88,365.19,85294
2012-09-17,364.94,365.95,364.05,364.4,42346
2012-09-18,361.2,362.09,360.62,361.87,41878
2012-09-19,363.9,366.2,362.56,365.41,71696
2012-09-20,363.98,364.5,361.65,361.92,52086
2012-09-21,364.42,364.51,363.2,363.67,44594
2012-09-24,362,362,358.92,360.12,55690
2012-09-25,361.86,361.96,360.3,360.86,34250
2012-09-26,360,361.44,359.97,360.86,30496
2012-09-27,359.01,360.9,359.01,360.31,38788
2012-09-28,365,365.58,364.22,365.48,33576
2012-10-08,364.22,364.25,360.21,361.38,40980
2012-10-09,362.83,363.25,361.77,361.8,31770
2012-10-10,359,359.85,358.11,359.5,32030
2012-10-11,358.8,359.99,358.38,359.51,29688
2012-10-12,360.18,360.75,359.67,359.95,26312
2012-10-15,354.73,354.73,353.23,354.19,31996
2012-10-16,352.29,353.75,352.29,353.61,26182
2012-10-17,355,356.08,354.75,354.8,29338
2012-10-18,354.79,355.3,354.12,354.46,25400
2012-10-19,352.8,353.3,350.53,351.67,30012
2012-10-22,349.42,350.1,348.51,350.09,19380
2012-10-23,349.75,350.68,349.02,349.7,27262
2012-10-24,347.4,349.2,344.43,347.3,36934
2012-10-25,346.84,348.33,345.8,347.7,41728
2012-10-26,347.72,347.9,344.23,345,33532
2012-10-29,347,348.4,346.54,347.57,32072
2012-10-30,346.7,347.28,346.24,347.28,28720
2012-10-31,349.62,350.23,349.23,349.89,15164
2012-11-01,351.18,352.36,350.93,352,22920
2012-11-02,350.36,350.59,347.17,347.9,38870
2012-11-05,343,343.06,341.71,342.02,31182
2012-11-06,342.79,344.38,342.79,343.9,26644
2012-11-07,348.5,352.5,347.99,351.98,62586
2012-11-08,349.34,350.99,349.33,350.68,36982
2012-11-09,353.16,355,353.16,354.54,44824
2012-11-12,354.3,354.58,353.08,353.82,32046
2012-11-13,351.3,351.98,350.58,351.53,35172
2012-11-14,352.25,352.88,351.77,352.38,29840
2012-11-15,351.5,352.07,351.06,351.25,25480
2012-11-16,349.88,350.09,348.58,348.95,35678
2012-11-19,350.21,351.6,350.1,351.33,33922
2012-11-20,353.12,353.92,353.12,353.25,31524
2012-11-21,352.13,352.36,350.04,351.55,25722
2012-11-22,353.14,353.47,352.64,352.64,24618
2012-11-23,352.65,353.58,352.44,353.5,21982
2012-11-26,357.11,357.39,356.51,356.83,33728
2012-11-27,357.2,357.43,356.51,356.55,24790
2012-11-28,355.01,355.3,353.8,354.18,32820
2012-11-29,350.82,351.08,349.8,349.92,35450
2012-11-30,351.3,352.29,350.88,352.08,31988
2012-12-03,349.76,350,348.52,349.3,39828
2012-12-04,348.3,348.44,344.67,345.53,55020
2012-12-05,344.41,346.56,344.32,346.47,42400
2012-12-06,344.35,344.9,342.91,343.6,54296
2012-12-07,346.11,346.59,345.77,346.28,38824
2012-12-10,347.1,347.6,346.67,347.27,30042
2012-12-11,347.4,347.86,347.08,347.69,30292
2012-12-12,347.79,348.66,347.58,348.47,29736
2012-12-13,347,347,344,344.99,61082
2012-12-14,344.31,345.84,344.3,345.43,41032
2012-12-17,343.89,344.56,343.38,343.89,44610
2012-12-18,345.45,348.09,345.43,347.37,60964
2012-12-19,341.52,342,340.89,341.84,53100
2012-12-20,340.12,341.1,339.72,340.76,40542
2012-12-21,336.03,336.42,333.53,335.92,63190
2012-12-24,337.2,339.26,336.63,338.81,45938
2012-12-25,337.28,338.8,337.11,337.24,34366
2012-12-26,336.73,337.77,336.6,337.38,26366
2012-12-27,337.01,339,336.8,337.96,36670
2012-12-28,339.2,340.12,339.05,339.2,36610
2012-12-31,338.68,340.6,338.29,340.29,35982
2013-01-04,337.19,337.2,335.38,336.84,63218
2013-01-07,338.02,339.52,338,338.54,44956
2013-01-08,337,337.3,336.2,336.53,32290
2013-01-09,338.53,339.55,338.24,339.32,37642
2013-01-10,337.51,339.09,337.28,338.68,29456
2013-01-11,341.72,341.92,340.81,341.39,36272
2013-01-14,339.02,340.43,339.02,340.35,28512
2013-01-15,340.66,341.8,339.9,340.9,46930
2013-01-16,343.5,343.6,342.6,343.5,38706
2013-01-17,342.53,342.86,341.68,342.45,33988
2013-01-18,344,344.49,343.81,344.28,28408
2013-01-21,343.7,344.4,343.7,344.06,20808
2013-01-22,344.2,345.6,344.1,345.5,28632
2013-01-23,345.11,345.39,344.42,344.81,20290
2013-01-24,342,342.68,341.12,341.73,38244
2013-01-25,338.5,340.2,338.5,340.1,28120
2013-01-28,337.78,338.65,337.77,338.47,27998
2013-01-29,338,339.2,337.8,339.07,27830
2013-01-30,339.34,339.82,338.89,339.5,22760
2013-01-31,341.76,342.03,341.18,341.3,25778
2013-02-01,338.2,338.78,337.94,338.67,24454
2013-02-04,339.18,340.74,338.86,340.15,31138
2013-02-05,340.88,341.95,340.77,341.85,25824
2013-02-06,340.9,341.19,340.11,340.83,24604
2013-02-07,341.88,342.41,341.41,341.73,19554
2013-02-08,339.78,341.3,339.78,341.09,17576
2013-02-18,329.7,330.32,329.26,329.76,42594
2013-02-19,329.5,330.12,329.5,329.73,24126
2013-02-20,328.7,329.12,328.44,328.97,23096
2013-02-21,321.3,321.58,318,320.84,64880
2013-02-22,322.52,324.76,322.52,324.32,32438
2013-02-25,322.88,324.81,322.8,324.04,37884
2013-02-26,326.31,326.45,324.32,324.54,38824
2013-02-27,328.99,328.99,328,328.09,41952
2013-02-28,325.8,327.19,325.4,326.4,33604
2013-03-01,323.63,323.63,322.51,323.1,32316
2013-03-04,323.4,324.14,322.26,322.56,38268
2013-03-05,322.4,323.82,322.22,323.47,35010
2013-03-06,322.68,323.06,322,322.33,33756
2013-03-07,323.16,323.59,322.58,323.05,40758
2013-03-08,322.18,322.66,321.02,321.3,44658
2013-03-11,321.5,322.88,321.44,322.74,35484
2013-03-12,321.72,322.83,321.72,322.11,27724
2013-03-13,324.54,324.66,323,324.3,29128
2013-03-14,322.82,323.49,322.02,322.95,33144
2013-03-15,323.66,324.19,323.43,324.19,24082
2013-03-18,325.82,325.97,323.02,324.21,44560
2013-03-19,325.19,325.95,324.5,325.73,34172
2013-03-20,326.64,327.15,326.2,326.88,26116
2013-03-21,325.19,326,325.02,325.8,13868
2013-03-22,327,327.15,326.08,326.33,23060
2013-03-25,324.94,326.64,324.94,325.58,24792
2013-03-26,324.76,325.2,324.02,324.57,28382
2013-03-27,324.54,324.69,322.92,322.97,29518
2013-03-28,325.05,325.53,324.93,325.03,23738
2013-03-29,323,323.66,322.2,323.45,17616
2013-04-01,323.82,324.97,322.88,322.98,23182
2013-04-02,324.25,324.77,323.36,323.73,21740
2013-04-03,319,319.1,315.69,316.24,48494
2013-04-08,318.47,320.01,318.24,319.29,34714
2013-04-09,317.79,318.99,317.79,318.82,25110
2013-04-10,320.97,321,320.01,320.25,19836
2013-04-11,314.06,314.98,313.7,314.35,36508
2013-04-12,314.91,315.85,314.21,314.49,22016
2013-04-15,299,299,298.93,298.93,4482
2013-04-16,275.03,298.93,275.03,276.38,74334
2013-04-17,276,277.09,272.84,275.09,107104
2013-04-18,271.93,276.42,264.59,275.78,157854
2013-04-19,277,285.01,275.92,282.28,121000
2013-04-22,284.46,287.1,284.46,285.6,58128
2013-04-23,286.77,287.19,281.43,283.31,90224
2013-04-24,284.5,287.9,284.3,286.49,73846
2013-04-25,287.96,292,287,290.35,56874
2013-04-26,297.54,299.77,295.78,296.15,82926
2013-05-02,292,292,289.74,290.9,65746
2013-05-03,293.21,295.59,293.14,295.41,61436
2013-05-06,295.41,296.5,294.15,294.15,70272
2013-05-07,293.67,293.95,289.84,289.98,116040
2013-05-08,289,290.8,287.2,290.27,124912
2013-05-09,293.19,294.4,292.58,292.87,75494
2013-05-10,289.14,291.6,288.64,291.6,82266
2013-05-13,286.68,287.63,283.9,285.43,142078
2013-05-14,286.68,288.48,286,286.31,75890
2013-05-15,283.98,285.24,281.51,281.82,96854
2013-05-16,278.02,280,277.53,278.18,104736
2013-05-17,278.14,279.28,274.65,275.11,147690
2013-05-20,269.7,270.93,268.4,269.5,155846
2013-05-21,279.99,280.88,276.66,279.51,146816
2013-05-22,276.6,279.1,276.27,278.86,89024
2013-05-23,273.52,276.62,272.4,276.23,127236
2013-05-24,279.02,279.88,277.91,278.36,94582
2013-05-27,277.04,279.55,277.04,279.32,57426
2013-05-28,278.36,279.2,277.82,278.44,63016
2013-05-29,277.79,278.79,276.65,277.46,84464
2013-05-30,278.5,282.52,278.11,281.88,112980
2013-05-31,283.11,284.68,282.88,283.57,66136
2013-06-03,279.62,280.13,278.81,279.52,61714
2013-06-04,283.4,283.44,281.06,281.26,63018
2013-06-05,279.96,281.58,279.3,280.62,65502
2013-06-06,280.47,280.68,278.66,279.01,52378
2013-06-07,283.09,283.16,281.7,281.82,53088
2013-06-13,276.61,279.18,276.6,278.24,58694
2013-06-14,278,278.13,276.68,277.15,44294
2013-06-17,278.03,278.55,277.53,277.58,31652
2013-06-18,277.02,277.58,275.51,275.97,47930
2013-06-19,274.16,274.68,273.26,274.48,56836
2013-06-20,269.1,270.12,266.72,266.94,87300
2013-06-21,255.59,261.32,255.59,261.3,153406
2013-06-24,260.75,261.9,256.35,256.9,117220
2013-06-25,257.85,259.55,256.7,257.9,97416
2013-06-26,256.6,257,249.3,251.05,176738
2013-06-27,248.35,251.4,248.3,250.5,136470
2013-06-28,240.1,245.15,238.9,243.8,177536
2013-07-01,248.55,252.8,247.3,252.4,160940
2013-07-02,253.75,255.3,253.15,254.8,106224
2013-07-03,251.95,252.85,251.35,252.35,76396
2013-07-04,254,255.2,252.35,253.45,52880
2013-07-05,247.45,247.45,244.15,245.45,224320
2013-07-08,248.65,254.5,248,253.35,376336
2013-07-09,252.4,253.55,250.8,251.5,290672
2013-07-10,253,254.75,251.65,253.85,386576
2013-07-11,259.4,259.7,258.05,258.95,279720
2013-07-12,256.95,258.5,256.65,258.3,300382
2013-07-15,258.6,259.4,258.3,258.85,188014
2013-07-16,260.1,261,259.45,260.35,226664
2013-07-17,260.35,261.5,255.1,256.6,465196
2013-07-18,258.15,258.65,257,257.95,273246
2013-07-19,259,259.95,258.7,259.4,188036
2013-07-22,265,267.95,264.8,267.4,271428
2013-07-23,266.1,268,265.65,267.85,171626
2013-07-24,266.1,267.15,263.05,263.8,320044
2013-07-25,264.7,265.55,264.25,265.05,189842
2013-07-26,263.95,265.15,262,263.75,319018
2013-07-29,264.1,264.6,263.75,264.35,157984
2013-07-30,263.85,264.05,262.6,263.7,211900
2013-07-31,263.9,264.1,260.7,262.85,445550
2013-08-01,264.25,264.3,261.5,261.95,283752
2013-08-02,263,263,261.15,261.55,248000
2013-08-05,260.8,261.75,260,260.75,214848
2013-08-06,258,258,256.05,256.75,268984
2013-08-07,256.1,257.4,255.8,257.25,239454
2013-08-08,258.65,262.05,258.2,261.8,378430
2013-08-09,261.1,262.7,260.95,261.85,286386
2013-08-12,265.8,268.5,265.7,267.35,231448
2013-08-13,266.75,267.25,263.8,264.95,293614
2013-08-14,264.8,266.75,263.75,266.35,286220
2013-08-15,264.1,273.9,263.85,272.55,472528
2013-08-16,272.65,275.7,271,274.8,300730
2013-08-19,274.1,274.35,272.3,273.1,250596
2013-08-20,273.2,274.75,272.65,273.85,204624
2013-08-21,273,274.25,272,273.2,268302
2013-08-22,274.35,275.2,273,273.5,226654
2013-08-23,273.7,278.9,273.6,278.7,295686
2013-08-26,278.35,279.2,277.3,278.05,169478
2013-08-27,282.65,283.6,281.75,282.5,194064
2013-08-28,284.45,284.9,281.6,282.9,260168
2013-08-29,281.85,281.85,279.45,281.05,190224
2013-08-30,277.85,279.9,277.3,278.2,202988
2013-09-02,277.85,278.9,277.2,277.55,112292
2013-09-03,279.45,282.65,279.15,281.7,229504
2013-09-04,277.6,277.95,276.35,277.1,188214
2013-09-05,277.1,277.5,272.4,273.55,308582
2013-09-06,276.3,277.3,275.75,277,225262
2013-09-09,276.9,277.25,276.2,276.55,105374
2013-09-10,272.25,272.55,271.05,272.45,159802
2013-09-11,271.85,272.55,271.6,272.2,89972
2013-09-12,265.6,266.2,264.25,265.5,181692
2013-09-13,263.2,263.9,261.05,262.7,171666
2013-09-16,262,264.5,261.85,262.7,146492
2013-09-17,262.2,262.55,260.6,261.5,134698
2013-09-18,262.2,262.55,257.6,260.4,289294
2013-09-19,260.4,260.4,260.4,260.4,289294
2013-09-23,263.85,265.35,263,264.35,124752
2013-09-24,261,264.55,260.5,264.2,141764
2013-09-25,263.7,266.95,263.45,266.3,149754
2013-09-26,266.15,266.45,263.35,264.15,121096
2013-09-27,266.5,267.75,266,267.05,87268
2013-09-30,266.5,267.75,266,267.4,120910
2013-10-01,267.4,267.4,267.4,267.4,120910
2013-10-08,263.9,265.65,263.9,264.25,122956
2013-10-09,261.2,262.8,259.4,260.85,162196
2013-10-10,259.6,260.5,259.2,259.5,141728
2013-10-11,253.95,254.8,253,253.55,187938
2013-10-14,256.7,257.25,255.25,255.4,126724
2013-10-15,252.5,256.45,252.25,256.4,213778
2013-10-16,256.05,256.55,254,256.35,273234
2013-10-17,261.7,262.95,261.7,262.9,209658
2013-10-18,262.3,262.7,261.5,261.9,109590
2013-10-21,262.25,262.85,262,262.1,90928
2013-10-22,264.3,266.85,264.15,266.3,167346
2013-10-23,264.9,265.35,264.25,264.75,100300
2013-10-24,265.7,266.6,265.45,266,122988
2013-10-25,264.9,267,264.25,265.9,123802
2013-10-28,266.2,267.5,265.55,266.6,145982
2013-10-29,265.15,265.95,264.5,264.75,135004
2013-10-30,266.55,267.75,263.3,263.7,167842
2013-10-31,261.45,262.5,260.6,261.55,140848
2013-11-01,261.9,262.55,260.1,261.75,11698
2013-11-04,262.85,263.3,261.6,261.95,9482
2013-11-05,262.1,262.5,260.3,260.65,12046
2013-11-06,262.2,262.6,261.6,262.15,15420
2013-11-07,263.05,263.45,258.35,260.5,33762
2013-11-08,260.2,261,255.7,256.25,36042
2013-11-11,255.75,255.8,255.25,255.35,11088
2013-11-12,254.95,255.85,253.65,253.8,32828
2013-11-13,254.5,254.75,253.05,253.2,34230
2013-11-14,254.7,257.3,254.6,256.3,57176
2013-11-15,255.4,256.55,255.25,256.3,29268
2013-11-18,255,255.7,253,253.45,47386
2013-11-19,253.95,254.15,253.15,253.35,41634
2013-11-20,251.35,253,250.85,252,112724
2013-11-21,248.85,249.1,247.15,248.6,122520
2013-11-22,249.1,249.35,248.3,248.55,57102
2013-11-25,246.1,248.15,245.15,248,128800
2013-11-26,249,249.35,247.8,248.2,101426
2013-11-27,249.45,250.4,247.5,247.6,147948
2013-11-28,248.35,248.8,248.2,248.65,41358
2013-11-29,250.35,250.35,249.75,249.9,70656
2013-12-02,247.2,247.7,245.8,245.95,142042
2013-12-03,245.35,245.6,244.4,245.15,113776
2013-12-04,245.4,250.3,244.05,249.75,222322
2013-12-05,246.5,247.6,244.55,247.2,226162
2013-12-06,246,249.25,242.4,246.9,336676
2013-12-09,246.8,248.1,246.7,247.55,112636
2013-12-10,249.8,252.15,249.55,251.35,194482
2013-12-11,250.3,251.9,250.2,250.85,155638
2013-12-12,246.75,247.15,244.65,244.65,182040
2013-12-13,245.2,246.35,244.8,245.75,116564
2013-12-16,245.8,249.45,245.7,247.85,198000
2013-12-17,246.35,247.9,245.1,245.55,208786
2013-12-18,245.75,246.85,245.25,246.3,127664
2013-12-19,240.3,240.9,238.7,238.75,225764
2013-12-20,238.8,240.95,237.9,240.15,190494
2013-12-23,239.55,240.35,238.9,238.9,113762
2013-12-24,239.5,240.6,239.2,240.25,64112
2013-12-25,240.95,241.05,240.5,240.65,14066
2013-12-26,240.65,242.95,240.6,242.15,113070
2013-12-27,242.5,243.85,242.3,243.2,89900
2013-12-30,240.55,241.8,240.45,240.9,82516
2013-12-31,240.55,241.8,238.6,239.4,153486
2014-01-02,242.95,244.7,242.8,244.55,140182
2014-01-03,245.5,247.1,244.65,246.8,138198
2014-01-06,246.4,248.35,245.95,246.6,193522
2014-01-07,246,246.6,243.6,244.7,168184
2014-01-08,244.55,244.95,242.3,243.6,177540
2014-01-09,244.35,244.45,242.85,244,134338
2014-01-10,244.95,247.7,243.7,247.45,173946
2014-01-13,247,248.35,246.3,247.85,98840
2014-01-14,246.9,248.05,245.85,246.5,139274
2014-01-15,244.8,245.9,244.4,245.25,116510
2014-01-16,245.05,246.4,244.75,245.35,105210
2014-01-17,245.5,247.6,245.4,247.3,112272
2014-01-20,248.05,248.25,247.25,247.5,45102
2014-01-21,245.75,245.95,244.25,245.4,109440
2014-01-22,245.15,245.5,244.65,244.7,57644
2014-01-23,246.55,248.8,246.25,248.05,166792
2014-01-24,249.8,250.55,248.3,248.85,142558
2014-01-27,248.95,249.25,247.7,248.5,122142
2014-01-28,247.6,248.7,245.9,246.55,95810
2014-01-29,248.6,249.45,248.15,248.7,80892
2014-01-30,248.6,249.45,247.8,247.95,117008
2014-02-07,248.75,250.8,247.4,249.15,132672
2014-02-10,251.3,251.9,250.95,251.15,89240
2014-02-11,253.35,254,251.2,253.4,198946
2014-02-12,253.7,254.4,253.05,254.25,126894
2014-02-13,254,255.1,253.7,255.1,137880
2014-02-14,258.4,259.3,258,259.05,136280
2014-02-17,261.05,261.5,260.45,261.2,73664
2014-02-18,258.4,260.4,258.1,260.4,122708
2014-02-19,259.2,260.1,259.15,259.7,86916
2014-02-20,258,259.5,257.6,258.95,115054
2014-02-21,260.1,261,259.55,260.4,93100
2014-02-24,262.5,263.35,261.45,263.35,141558
2014-02-25,263,265.05,262.75,264.75,161588
2014-02-26,263.1,263.6,260.9,261.85,211488
2014-02-27,262.25,263.25,261.9,262.25,134574
2014-02-28,262.95,263.35,260.9,261,143302
2014-03-03,265.8,267.5,265.6,266.8,140238
2014-03-04,263.2,264.1,262.65,263.7,132780
2014-03-05,263.3,264.5,263.05,263.8,125974
2014-03-06,262.65,265.9,262.6,265.7,171878
2014-03-07,265.3,266.55,261,262.35,279296
2014-03-10,262.45,263.3,261.9,262.6,119480
2014-03-11,265,265.45,262.2,264.8,174420
2014-03-12,268.45,269.95,267.85,269.35,173054
2014-03-13,268.65,270.5,268.5,270.15,140764
2014-03-14,272.2,273.4,270.3,271.3,207528
2014-03-17,272,272.45,269.15,269.65,170740
2014-03-18,266.35,268.6,266.2,268.35,143460
2014-03-19,265.45,267,264.75,264.9,275072
2014-03-20,263.4,265.2,263.3,265,145454
2014-03-21,265.95,266.35,265.25,265.6,109062
2014-03-24,261.5,262.3,260.25,260.6,168332
2014-03-25,260.05,261.5,260,260.65,123454
2014-03-26,261,261,258.8,259.3,168122
2014-03-27,257.85,259,257.35,258,144104
2014-03-28,258,259.65,257.2,259.05,183584
2014-03-31,258.15,258.95,256.7,257.15,151676
2014-04-01,257,257.5,256,256.05,104632
2014-04-02,258.7,259.1,258.05,258.25,108840
2014-04-03,257.5,257.95,256.75,257.4,102910
2014-04-04,257.5,258,256.75,257.95,134654
2014-04-08,262.5,262.65,261.55,262.15,82924
2014-04-09,260.5,262.7,259.9,262.45,103580
2014-04-10,263.05,263.7,262.6,263.4,113828
2014-04-11,262.9,263.6,262.65,263.1,97000
2014-04-14,264.4,265.55,264.3,264.7,87376
2014-04-15,258.2,260.15,258.1,259.85,185394
2014-04-16,260.1,260.35,259.1,259.5,102944
2014-04-17,259.35,259.6,257.6,257.65,122746
2014-04-18,258.05,258.3,257.9,258.25,7488
2014-04-21,256.5,257.35,255.6,256.6,105098
2014-04-22,257.35,257.4,255.25,256.55,139940
2014-04-23,257,257.25,255.95,256.75,106398
2014-04-24,254.6,268.95,254.35,259.25,274654
2014-04-25,260.15,262.1,259.9,261.3,162938
2014-04-28,262,262.25,260.05,261,132586
2014-04-29,260.3,261.5,260.3,260.55,90860
2014-04-30,260.3,261.5,260.05,260.35,131958
2014-05-05,265.75,265.9,264.6,264.75,29116
2014-05-06,263.95,264.2,263.4,264,12152
2014-05-07,262.75,263.05,259.9,260.65,40154
2014-05-08,259.6,260.25,259.15,259.9,31110
2014-05-09,259.65,260.2,258.8,259.3,33646
2014-05-12,262.2,262.7,261.2,261.2,45136
2014-05-13,261.5,261.6,260.6,260.7,55952
2014-05-14,263.2,263.2,261.6,262.3,92128
2014-05-15,260.3,261.85,260.25,260.65,106768
2014-05-16,259.85,260.8,259.6,260.25,70228
2014-05-19,262.5,262.55,260.4,260.65,77264
2014-05-20,259.65,261.35,259.3,260.95,100392
2014-05-21,259.65,260.35,258.8,260.15,113276
2014-05-22,262,262,260.45,260.8,88844
2014-05-23,260.45,261.05,260.3,260.65,54530
2014-05-26,260.65,260.85,260.3,260.35,15726
2014-05-27,257.5,257.9,255.25,255.6,186548
2014-05-28,255.6,255.6,253.7,254.35,134952
2014-05-29,252.9,253.75,252.4,253.1,107278
2014-05-30,252.9,253.85,252.4,253.3,171250
2014-06-03,251,251.15,250.15,250.95,91544
2014-06-04,251.5,251.8,250.9,251.1,74696
2014-06-05,252.9,253.5,252.05,253.35,130146
2014-06-06,253.55,253.75,251.75,252.8,139004
2014-06-09,252.8,253,252.5,252.8,49084
2014-06-10,252.8,253.2,252.5,252.6,90714
2014-06-11,253.6,254.3,253.35,254.2,94510
2014-06-12,254.35,254.4,253.45,253.7,76428
2014-06-13,254.45,256.35,254.15,255.75,176702
2014-06-16,255.45,258.15,255.3,257.9,126882
2014-06-17,257.6,257.6,254.4,254.65,152206
2014-06-18,254.2,255.95,254.05,255,128858
2014-06-19,255.65,258.1,255.05,257.85,144764
2014-06-20,259,267,258.85,264.55,364114
2014-06-23,264.65,266.3,264.1,265.8,193844
2014-06-24,265.8,265.9,264.8,265.3,131144
2014-06-25,266.2,266.6,263.35,264.5,180112
2014-06-26,265.2,266.25,264.2,264.3,153746
2014-06-27,264.25,265.65,263.4,265.15,160444
2014-06-30,264.55,265.2,263.8,263.9,111866
2014-07-01,263.8,269.1,263.6,265.6,151054
2014-07-02,265.85,266.8,265.3,265.95,132040
2014-07-03,266.1,267.1,264.65,265.2,140656
2014-07-04,264,265.6,263.8,265.35,134650
2014-07-07,265.5,265.55,262.5,262.9,106164
2014-07-08,263.35,264.4,262.4,264.15,93344
2014-07-09,264.65,265.45,262.9,265.25,161800
2014-07-10,265.5,266.65,264.55,266.05,151388
2014-07-11,268.25,269.35,268.05,268.4,137356
2014-07-14,268.55,268.9,264,264.3,150374
2014-07-15,263.1,263.1,261.2,262.45,151358
2014-07-16,262.2,263.2,259,260,173478
2014-07-17,260.5,262.35,260.1,261.5,121844
2014-07-18,261.7,266.45,261,263.25,217794
2014-07-21,262.35,263.3,261.45,263.3,128894
2014-07-22,263.45,263.6,261.55,262.1,110756
2014-07-23,263.1,263.3,261.3,261.9,117582
2014-07-24,262.4,262.4,259.15,260,143250
2014-07-25,260.2,260.4,257.75,258.5,180196
2014-07-28,258.8,261.45,258.55,260.9,142462
2014-07-29,260.8,261.4,259.95,260.95,86192
2014-07-30,262,262.15,259.2,259.75,118494
2014-07-31,259.7,259.75,258.05,259,126390
2014-08-01,257.4,257.95,256.25,256.6,141776
2014-08-04,257.4,259.55,257.3,258.9,132296
2014-08-05,258.5,259.1,257.4,258.1,96448
2014-08-06,257.6,258.8,256.5,257.9,124514
2014-08-07,259.9,261,259.85,260.5,155574
2014-08-08,260.2,263.5,259.8,262.85,221156
2014-08-11,261,262,260.1,260.55,142758
2014-08-12,260.75,261.1,260.4,261,86940
2014-08-13,262.1,262.5,260.65,261.05,134404
2014-08-14,261.55,262,260.75,261.65,132548
2014-08-15,261.95,261.95,260.9,261.4,105380
2014-08-18,258.2,261,257.45,258.9,242636
2014-08-19,258.3,258.7,257.85,258.15,96908
2014-08-20,258.1,258.35,257.05,257.75,122570
2014-08-21,257.7,258.1,254.45,254.55,182704
2014-08-22,253.9,255.35,253.6,255.1,144324
2014-08-25,254.65,255.55,254.25,254.55,127490
2014-08-26,254.8,257.25,254.35,257,119032
2014-08-27,256.85,256.85,255.5,255.95,100634
2014-08-28,256.05,256.7,255.1,256.3,107500
2014-08-29,257.2,257.3,256.05,256.75,94176
2014-09-01,256.15,256.85,255.65,256.15,85460
2014-09-02,256,256.05,253.5,253.75,93350
2014-09-03,252.35,252.7,251.4,252.3,128502
2014-09-04,251.9,253.25,251.75,252.45,78672
2014-09-05,252.1,254.15,251,251.4,163662
2014-09-09,250,250.45,249.35,249.65,59662
2014-09-10,249.3,249.9,247.7,249.55,135338
2014-09-11,248,249,247.2,248.15,145674
2014-09-12,247.3,247.85,244.85,246.25,198534
2014-09-15,245.5,245.85,244.05,245.7,162102
2014-09-16,245.8,247.05,245.35,246.45,119940
2014-09-17,246.2,247.7,245.6,246.85,144234
2014-09-18,246.75,247.3,243.8,244.3,140466
2014-09-19,243.7,245.25,243.1,243.7,217886
2014-09-22,244.4,244.4,239.35,241.3,281546
2014-09-23,241.2,242.7,240.7,241.8,159356
2014-09-24,243.65,244.1,242.4,243.6,148156
2014-09-25,242.85,243.5,240.15,240.65,190080
2014-09-26,241,245.6,240.25,244.2,226368
2014-09-29,241.95,244,241.5,242.9,113038
2014-09-30,243.35,243.8,242.6,242.85,69364
2014-10-08,239,240.25,239,239,6
2014-10-09,242.5,244.35,240.2,243.95,217558
2014-10-10,244.15,244.5,242.8,243,173212
2014-10-13,242.85,246.2,242.5,245.15,173238
2014-10-14,244.4,245.8,243.95,244.9,100376
2014-10-15,245.15,245.45,243.1,243.2,143484
2014-10-16,245.7,247.6,244.8,245.6,298144
2014-10-17,245.3,246.45,245.05,245.8,163722
2014-10-20,245.6,246.1,244.4,245.8,132482
2014-10-21,246.6,247.3,246.1,247,117982
2014-10-22,247.5,248.1,246.7,246.95,118338
2014-10-23,245.45,246.7,245.4,245.95,110200
2014-10-24,244.8,244.8,243.05,243.8,145710
2014-10-27,243.6,244,243.15,243.2,86954
2014-10-28,243.35,243.45,242.3,242.55,104240
2014-10-29,243.25,244.15,242.7,242.95,103664
2014-10-30,241.5,242.45,237.55,238.1,237888
2014-10-31,237.9,238.5,232.45,233.45,327624
2014-11-03,229.1,230.9,227.85,229.9,238672
2014-11-04,231.1,231.4,230.1,230.85,53094
2014-11-05,230.55,231.2,225.15,225.5,139648
2014-11-06,224,227,223.6,225.9,146924
2014-11-07,225.65,227.2,223.65,226.5,206300
2014-11-10,226.8,235,226.6,232.05,354332
2014-11-11,230.6,231.45,227.75,228.1,179758
2014-11-12,228.8,234.55,228.5,231.75,237752
2014-11-13,230.85,232.15,229.55,230.25,177500
2014-11-14,230.75,231.7,227.35,228.65,276634
2014-11-17,228.3,237.9,227,236,623698
2014-11-18,235.95,237,235,236.05,240332
2014-11-19,237.8,237.9,235.95,236.8,228922
2014-11-20,236.9,238.2,232.65,234.3,444058
2014-11-21,236.25,236.9,235.1,236.6,232652
2014-11-24,237.35,239.85,236.3,238.4,342456
2014-11-25,237.65,239,237.3,238.6,190204
2014-11-26,238.45,239.35,235.4,238.3,293758
2014-11-27,237.7,238.4,236.5,237.85,221970
2014-11-28,237.35,237.8,235.2,236.05,169358
2014-12-01,235.7,236.5,227.35,229.35,383938
2014-12-02,233.5,242.95,233.5,240.35,540948
2014-12-03,237.9,240.4,237.65,239.5,324594
2014-12-04,239.9,242.35,239.6,240.65,260480
2014-12-05,240.45,242.3,239.7,240.3,289044
2014-12-08,240,241.25,237,238.15,328006
2014-12-09,238.55,242.1,238.2,242,204642
2014-12-10,243,249.8,242.95,248.05,567346
2014-12-11,247.2,248,244.8,245.4,316142
2014-12-12,245.2,247.2,243.85,244.8,246862
2014-12-15,245.6,246.35,243.35,244.95,296532
2014-12-16,242.95,244.35,239.55,240.6,286078
2014-12-17,244.4,245,237.95,240.7,458098
2014-12-18,240.65,242.4,238.95,241.7,284400
2014-12-19,242.6,243.4,240.65,242.2,208832
2014-12-22,242.1,242.7,241.8,242.15,126462
2014-12-23,241.15,242.05,237.35,238.55,213230
2014-12-24,238.45,239,237.4,238.5,182810
2014-12-25,238.1,238.4,237.4,238.05,85694
2014-12-26,238.3,240,237.7,239.5,79378
2014-12-29,241.6,242.1,240.4,241.6,144430
2014-12-30,241.1,241.65,238.8,240,161936
2014-12-31,239.25,244.8,239.25,241.65,232960
2015-01-05,240,242.5,240,242.15,61846
2015-01-06,240.95,245,240.35,244.45,237512
2015-01-07,244.7,247.3,243.8,245.25,237538
2015-01-08,245.2,246.2,244.3,244.5,176986
2015-01-09,245,246.15,244.55,245.15,148366
2015-01-12,244.7,248.7,243.95,247.75,271728
2015-01-13,246.35,250,246,249,197054
2015-01-14,249.5,250.5,246.3,247.9,249476
2015-01-15,248,250.1,246.35,246.75,288116
2015-01-16,251.85,253.75,251,253.65,403772
2015-01-19,253.8,259,253.5,257.85,381174
2015-01-20,258,258.3,256.85,257.65,139018
2015-01-21,260.55,263,259.15,262.2,294908
2015-01-22,262.15,263.2,258.05,259.05,349310
2015-01-23,259.55,262.85,258.95,261.4,380550
2015-01-26,261.6,262.55,259.25,261.6,237780
2015-01-27,259.85,260.6,258.3,259.9,225122
2015-01-28,259.75,261.95,259.05,260.8,219708
2015-01-29,261.2,261.75,258.6,259.3,204518
2015-01-30,256.55,257.7,252.75,255.05,332588
2015-02-02,255.8,260,254.6,259.1,291006
2015-02-03,258,259.6,256.75,259.4,212940
2015-02-04,258,258.2,254.9,256.35,288614
2015-02-05,257,258.3,255.3,257.5,232176
2015-02-06,256.05,256.85,255,256.7,178268
2015-02-09,256.25,260.25,249.7,251.4,419660
2015-02-10,251.45,252.4,250.6,252.05,140404
2015-02-11,251.15,251.45,250,250.8,163350
2015-02-12,250.7,250.85,247.35,247.85,204948
2015-02-13,248.25,249.65,247.55,249.45,179138
2015-02-16,248.55,250.75,248.45,250.3,142798
2015-02-17,250.15,250.75,248.8,249,70090
2015-02-25,244.6,247.85,244.15,245.1,10
2015-02-26,245.85,246.75,244.1,246.45,127444
2015-02-27,247.5,248.15,245.7,246.65,137716
2015-03-02,246.3,249.75,246.3,249.3,206588
2015-03-03,248.4,249.05,243.85,247.05,234398
2015-03-04,247.4,248.35,245.75,246.7,198668
2015-03-05,246.35,246.9,245,245.65,162428
2015-03-06,245.4,246.9,244.4,245,147354
2015-03-09,244.65,244.85,238.25,239.9,327884
2015-03-10,239.65,240.3,237.1,237.5,153080
2015-03-11,238.7,239.4,237.2,238.25,175340
2015-03-12,237.45,238.8,235.05,238.4,251356
2015-03-13,236.85,237.9,235.75,237.2,145612
2015-03-16,237.5,238.3,236.05,238,152944
2015-03-17,236.4,237.25,235.65,236.25,155364
2015-03-18,235.1,241.35,224.5,233.65,334944
2015-03-19,233.3,239.55,233.3,237.75,228062
2015-03-20,235.75,238.15,235.75,237.4,176958
2015-03-23,236.95,241.1,236.95,239.75,219436
2015-03-24,240.2,241.9,239.8,241.1,167166
2015-03-25,241.85,242.55,240.5,241.15,262864
2015-03-26,243,243.95,242.1,243.9,169740
2015-03-27,243.85,244.25,242.75,243.25,156580
2015-03-30,242.8,243.15,240.3,240.4,199746
2015-03-31,239.3,239.9,237.85,237.85,175542
2015-04-01,239.3,239.65,237.75,238.35,165432
2015-04-02,239.95,243.05,239.5,242.95,244050
2015-04-03,242.4,242.65,240.2,241.75,173668
2015-04-07,243.15,244.1,243.15,243.9,48968
2015-04-08,243.5,244.2,242.65,243.75,123654
2015-04-09,243,243.65,239.7,240.5,185616
2015-04-10,240.9,241.2,239.5,240.25,134150
2015-04-13,242.4,243.6,242,242.6,163286
2015-04-14,242.65,243.05,239.15,240.15,172328
2015-04-15,239.2,242.7,239.05,240.1,159376
2015-04-16,240.1,242.6,239.8,241.75,162448
2015-04-17,242.05,242.15,239.85,240.85,162154
2015-04-20,241.3,242.9,240.95,242.75,141530
2015-04-21,240.45,241.2,239.45,239.9,167564
2015-04-22,241.05,241.65,240,241.2,139054
2015-04-23,240.4,240.45,236.95,237.4,275116
2015-04-24,237.65,239.4,237.2,238.9,156290
2015-04-27,237.6,238.1,235.5,236.55,211312
2015-04-28,237.65,242.5,237.35,240.75,264478
2015-04-29,241.5,243.65,240.85,242.45,191776
2015-04-30,242.3,243.15,240.5,241.2,179948
2015-05-04,236.55,237.95,236,237.55,60848
2015-05-05,237.65,240,237.65,238.5,107084
2015-05-06,240.5,240.65,239,239.75,103940
2015-05-07,243.4,243.6,240.05,240.05,45224
2015-05-08,240,241.5,239.25,241.05,42984
2015-05-11,241.8,242.4,240.5,241.15,49412
2015-05-12,241.65,242.2,239.5,240.6,48302
2015-05-13,243.2,243.3,241.35,242.7,59310
2015-05-14,244.6,247.45,244.15,247.15,155688
2015-05-15,247.5,248.8,246.55,247.45,146534
2015-05-18,246.55,250.15,246.3,249.2,148128
2015-05-19,249,249.55,247.25,247.75,117590
2015-05-20,246,246.65,243.6,244.25,157826
2015-05-21,245,246.05,244.6,245.1,95594
2015-05-22,243.75,244.95,243.3,244.6,93404
2015-05-25,244,244.6,243.05,244.2,96058
2015-05-26,244,245.3,242.15,242.5,104142
2015-05-27,240.2,241.6,240.2,241.1,143194
2015-05-28,240.5,241.5,240.4,241.05,98436
2015-05-29,240.8,241.5,239,240.8,121018
2015-06-01,241.45,242,240.5,240.55,103334
2015-06-02,240.65,243.95,240.3,240.85,181356
2015-06-03,241.15,242.15,240.95,241.15,115948
2015-06-04,240.85,241.45,238.4,239.2,140880
2015-06-05,238.7,238.85,237.3,238.35,153790
2015-06-08,236.25,238.65,235.5,237.7,171370
2015-06-09,237.35,238.65,237.15,238.6,88838
2015-06-10,239,239.8,238.2,239.65,95576
2015-06-11,241.1,241.8,239.85,240.1,90162
2015-06-12,239.7,240,238.7,239.5,91472
2015-06-15,238.75,239.85,238.45,239.75,81150
2015-06-16,238.85,241.1,238.65,240.55,116438
2015-06-17,239.9,240,238.3,238.65,112048
2015-06-18,238.65,240.8,237.85,240.3,130180
2015-06-19,242.95,243.5,242.1,242.55,134734
2015-06-23,239.35,239.35,234.45,237.85,70
2015-06-24,238.2,238.85,238,238.6,86736
2015-06-25,238,238.5,237.35,238.25,94536
2015-06-26,237.7,238.05,237.1,237.35,70318
2015-06-29,237.15,240.45,236.5,239.25,102474
2015-06-30,239.5,239.55,237.7,238.05,108750
2015-07-01,237.1,238.75,236.25,237.7,130804
2015-07-02,235.9,235.9,235.65,235.9,129988
2015-07-03,236.2,237,235.6,236.7,112654
2015-07-06,236.9,237.5,236.2,236.35,80562
2015-07-07,236.2,238.15,235.65,236.9,89786
2015-07-08,235.45,235.5,226.05,231.7,490996
2015-07-09,232.7,244.25,232.3,235.4,241776
2015-07-10,235.85,236.5,234.2,235.2,112944
2015-07-13,235.2,236.15,234.65,235.15,90552
2015-07-14,233.75,234.65,233,233.3,133862
2015-07-15,233.8,234.7,233.3,233.5,81074
2015-07-16,232.8,232.9,230.65,231.5,173142
2015-07-17,230.25,231.75,230.25,231.3,98002
2015-07-20,230,230.1,220.15,225.65,384974
2015-07-21,224.6,225,222.3,223.05,264440
2015-07-22,222.7,224.2,219.55,220.65,283762
2015-07-23,219.9,222.25,219.25,221.1,278334
2015-07-24,221,221.8,216.8,219.3,303596
2015-07-27,219,223.7,218.1,223.7,318958
2015-07-28,221.5,223.35,220.7,221.75,208244
2015-07-29,221.3,222.4,221.2,221.85,143350
2015-07-30,221.4,223.1,218.15,219.05,320076
2015-07-31,219.45,221.35,218.05,218.15,289880
2015-08-03,219.9,222.95,219.65,221.6,272524
2015-08-04,220.1,220.85,217.7,219.3,209816
2015-08-05,220.05,220.45,218.55,219.15,143808
2015-08-06,219.55,219.8,218.15,218.7,175434
2015-08-07,218.7,221.5,218.45,221.2,218824
2015-08-10,218.8,222,218.6,221.55,251200
2015-08-11,220.95,227.3,220.95,226.3,464794
2015-08-12,227.9,235.55,227.5,235.45,503090
2015-08-13,235.35,236.65,232.95,234.25,416448
2015-08-14,233.15,233.85,231.15,232.85,228462
2015-08-17,233,233.65,230,232.85,230864
2015-08-18,233.1,233.45,232.05,232.45,165702
2015-08-19,232.1,233.75,230.35,233.55,235948
2015-08-20,233.4,237.9,233.05,236.95,323534
2015-08-21,237.15,243.55,237.15,240.8,450916
2015-08-24,240.3,242.5,238.85,240,590824
2015-08-25,240.4,244.2,238.1,239.5,664454
2015-08-26,240.05,240.45,235.8,236.8,518780
2015-08-27,234.8,235.3,232.5,234.75,367310
2015-08-28,233.6,235.85,233,235.25,391728
2015-08-31,234.7,237.2,233.7,235.55,344230
2015-09-01,234.05,237.1,233.4,236.75,242728
2015-09-02,236.65,238.75,235,236.6,248968
2015-09-03,236.65,238.75,235,236.2,0
2015-09-07,232.85,234.4,232.85,233.25,26
2015-09-08,232.5,232.65,231.4,232.25,131530
2015-09-09,232.7,233.85,232.5,232.9,207002
2015-09-10,232.1,232.1,228.55,229.8,281406
2015-09-11,230.45,230.7,229,229.6,238658
2015-09-14,229.1,229.65,227.55,229.25,232764
2015-09-15,228.8,230.15,228.3,229.3,148064
2015-09-16,229.05,229.55,228.65,229.3,116810
2015-09-17,231.05,233.15,230.5,231.95,247974
2015-09-18,231.2,234.6,231.05,233.3,234892
2015-09-21,235.6,235.95,234.55,235.7,178226
2015-09-22,234.7,234.95,234.15,234.45,86282
2015-09-23,232.95,233.6,232.25,233.6,115666
2015-09-24,234,235.7,233.95,235.5,126276
2015-09-25,235.95,239.35,235.8,237.2,290832
2015-09-28,237,237.2,234.65,234.75,68928
2015-09-29,233.05,234.5,231.7,232.25,143358
2015-09-30,232.7,233.15,230.7,231,113082
2015-10-01,232.7,233.15,230.7,231.9,0
2015-10-08,235.35,235.8,234.6,234.9,63344
2015-10-09,234,236.5,233.9,235.05,137844
2015-10-12,237.1,238.55,235.65,238.25,198656
2015-10-13,238.3,238.4,235.4,236.45,180082
2015-10-14,237.35,240.6,236.9,240.35,229870
2015-10-15,240.2,242.85,239.95,241.65,232528
2015-10-16,241,243.1,240.2,240.95,277960
2015-10-19,242,242.4,239.6,240.2,219320
2015-10-20,240.8,241.2,238.75,239.95,183632
2015-10-21,240.15,241.55,239.55,240.2,215012
2015-10-22,240.65,240.8,238.3,239.4,193706
2015-10-23,238.75,241,238.4,240.9,197752
2015-10-26,241.5,241.5,237.8,238.7,210274
2015-10-27,239,239.9,238.5,238.95,127366
2015-10-28,238.45,240.9,238.3,240.45,164766
2015-10-29,241.15,242.9,237.15,237.75,301848
2015-10-30,236.6,237.1,234.45,234.85,195092
2015-11-02,233.3,233.95,232.25,233.5,139320
2015-11-03,233.05,233.25,232.1,232.55,93756
2015-11-04,231.7,231.85,228.2,229.25,144696
2015-11-05,228.55,229.65,227.2,227.4,157222
2015-11-06,227.2,228.2,226.85,227.8,111246
2015-11-09,227.7,228.2,223.3,224.65,196986
2015-11-10,224.7,225.15,223.65,224.8,103676
2015-11-11,226.95,227.7,225.65,227.2,67062
2015-11-12,227.05,227.05,226,226.35,46310
2015-11-13,225.35,226.4,223.6,225.3,121770
2015-11-16,225.3,228.85,224.85,228.75,121480
2015-11-17,227.95,228,223.9,224.5,145864
2015-11-18,224.5,225.55,221.35,223.1,187126
2015-11-19,222.85,224.6,222,224.4,133616
2015-11-20,223.35,226.3,222.5,225.9,174986
2015-11-23,225.65,226.65,222.3,222.95,192624
2015-11-24,222.9,223.85,221.75,223.1,180118
2015-11-25,224,225.75,223.7,224.95,257482
2015-11-26,224,224.3,222.6,223.55,218074
2015-11-27,223.4,223.9,222.2,222.95,139772
2015-11-30,222.5,222.55,218.8,219.15,342424
2015-12-01,219.6,224.5,219.4,224.15,293192
2015-12-02,223.45,224.35,222.3,222.9,163072
2015-12-03,222.7,222.7,218.55,220,254426
2015-12-04,220.55,227.35,220.05,221.95,287942
2015-12-07,221.85,228.05,221.5,227.55,532342
2015-12-08,227.05,227.35,224.05,225.3,239974
2015-12-09,224.6,226.75,223.8,226.3,220362
2015-12-10,226.85,228.7,225.15,225.7,324392
2015-12-11,225.65,226,224.1,225.95,209364
2015-12-14,224.45,228.5,224.05,226.95,353682
2015-12-15,225.9,227.8,224.8,224.85,253672
2015-12-16,225.2,226,224.2,225.25,186970
2015-12-17,225.55,227.4,225.05,225.85,261370
2015-12-18,225.65,226.25,223,224.2,337284
2015-12-21,224.6,227.5,223.9,227.25,275556
2015-12-22,226.95,229.4,226.55,228.75,275796
2015-12-23,228.4,229.3,227.4,227.7,179424
2015-12-24,227.55,228.1,227.05,227.95,125158
2015-12-25,227.95,228.65,227.6,228.35,86556
2015-12-28,228.35,228.85,227.05,227.65,64944
2015-12-29,227.5,228.4,226.9,228.3,105574
2015-12-30,227.8,228.9,227.35,228.15,128336
2015-12-31,227.35,227.8,225.65,226.05,167370
2016-01-04,226.7,228.5,226.2,228.2,115918
2016-01-05,229.05,230.85,228.45,230.3,262396
2016-01-06,230.5,231.75,229.05,231.4,269668
2016-01-07,233.05,237.4,231.65,236.6,475962
2016-01-08,236.7,238.15,235.95,236.8,378540
2016-01-11,236.8,238.3,235,237.45,353852
2016-01-12,236.6,236.95,233.95,234.6,295580
2016-01-13,232.85,233.25,232.05,232.25,237332
2016-01-14,232,234.8,231.35,234.05,316336
2016-01-15,233.05,233.8,231.2,232.6,263662
2016-01-18,232.8,234.75,232.75,233.5,334226
2016-01-19,233.55,234,232.5,233.2,148870
2016-01-20,232.5,234.1,232.35,233.8,178390
2016-01-21,235.8,237.25,235,236.25,299478
2016-01-22,235.5,235.85,234.35,235.2,239830
2016-01-25,235.1,236.15,234.55,235.8,199426
2016-01-26,236.25,239.05,236,238.9,248890
2016-01-27,238.3,240.1,237.8,239.35,238910
2016-01-28,239.4,240.1,238.65,238.8,201368
2016-01-29,239.1,239.75,237.8,238.3,232398
2016-02-01,238.4,240.1,237.5,239.9,199550
2016-02-02,240.25,241.35,239.4,240.55,184274
2016-02-03,240.55,241.85,240.2,241.45,197552
2016-02-04,242,244.2,240.8,243.95,268622
2016-02-05,244.6,246.25,244.4,245.9,225544
2016-02-15,258.5,259.9,255.6,256.15,190718
2016-02-16,254.8,255.3,251.5,253.1,309996
2016-02-17,255.4,255.85,252.15,255.05,397254
2016-02-18,255,255.75,253.8,254.85,310824
2016-02-19,254.5,259.5,254.3,258,369542
2016-02-22,258.95,259.6,255.9,256.2,468326
2016-02-23,254.35,257,254.35,256.3,374288
2016-02-24,256.95,259.25,256.6,258.45,449322
2016-02-25,260.25,264.6,259.4,261.5,797662
2016-02-26,261.3,262.5,259.15,261.85,608646
2016-02-29,261.65,261.7,256.25,259.4,756284
2016-03-01,260.1,263.65,259,263.05,552970
2016-03-02,263,263.9,259.1,259.85,637386
2016-03-03,260.5,262.55,259.7,262.05,520756
2016-03-04,262.7,265.95,261.6,265.6,627072
2016-03-07,265.95,268.7,263.25,265.65,896440
2016-03-08,267.25,267.8,265.2,266.7,535820
2016-03-09,267.65,267.95,263,264.05,513264
2016-03-10,263.95,264.35,261.1,261.9,530230
2016-03-11,261,268.85,260.15,265.75,868980
2016-03-14,265.3,265.9,262.1,262.5,544586
2016-03-15,263,263.75,257.05,257.85,586332
2016-03-16,259.15,259.55,257.35,259.45,402560
2016-03-17,258.75,264.35,257.65,263.3,500638
2016-03-18,263.8,264.85,262.6,263.35,403442
2016-03-21,261.1,262.5,259.2,259.7,340072
2016-03-22,259.6,261.45,259.25,261.4,263124
2016-03-23,262.4,262.95,258.15,258.35,331106
2016-03-24,256.35,256.85,255,255.1,380646
2016-03-25,256.3,256.75,255.65,256.1,164146
2016-03-28,255.95,256.65,254,255.05,147416
2016-03-29,255.75,256.6,255.25,255.75,185942
2016-03-30,256.15,259.8,255.85,258.6,378770
2016-03-31,258,258.1,255.35,256.15,269920
2016-04-01,257.5,257.8,256.1,257.2,232786
2016-04-05,258.9,258.9,245.65,258.9,16
2016-04-06,257.5,257.7,256.1,256.75,194794
2016-04-07,255.2,257.05,255,256.45,227246
2016-04-08,258.4,259.35,257.65,258,257602
2016-04-11,257.7,261.1,257.4,260.55,245542
2016-04-12,260.95,262,260.4,261.8,189268
2016-04-13,262.05,262.65,260.05,260.4,268234
2016-04-14,260.5,261.05,257,257.8,273610
2016-04-15,257.6,258.25,256.05,257.2,236076
2016-04-18,257.15,258.7,256.2,257.35,217164
2016-04-19,258.55,260,256.55,259.85,239320
2016-04-20,261,262.45,259.65,260.65,325448
2016-04-21,261,264.1,260,264,350660
2016-04-22,265.7,266.5,260,260.6,401306
2016-04-25,260.7,261.3,256.95,258.65,372910
2016-04-26,258.75,260,258,258.1,172382
2016-04-27,258.55,261.45,258.25,261.3,253034
2016-04-28,261.9,262.75,259.3,262.25,342874
2016-04-29,262.15,267.85,261.75,266.45,347256
2016-05-03,273,274.45,272.4,274.45,64
2016-05-04,273.65,273.65,270.3,270.65,166064
2016-05-05,271.55,272.7,269.3,270.25,168280
2016-05-06,271.75,272,267.65,270.75,257778
2016-05-09,272.8,273.45,269.7,270.05,364526
2016-05-10,268.75,268.95,266.2,267.6,269504
2016-05-11,267.25,269.45,265.35,268.9,252092
2016-05-12,269.45,270,267.65,268.1,195620
2016-05-13,268.25,270.7,267.3,270.1,309730
2016-05-16,267.9,272.4,267.8,272.05,297706
2016-05-17,272.7,273.15,269.2,270.1,278192
2016-05-18,269.65,271.55,269.5,270.2,236438
2016-05-19,269.95,271.2,265.9,265.95,362390
2016-05-20,264.1,266.85,264.1,266.1,229012
2016-05-23,266.8,267.45,264.75,265.45,237010
2016-05-24,264.55,265.75,263.5,263.6,244742
2016-05-25,262.8,263.6,259.55,259.7,318086
2016-05-26,259.2,261.75,258.35,260.7,236722
2016-05-27,260.9,261.55,257.15,259.5,282392
2016-05-30,258.8,258.95,255.15,256.45,298804
2016-05-31,256.75,259,256.5,258.95,207452
2016-06-01,258.2,260.45,258.15,259.35,224472
2016-06-02,259.8,259.8,257.3,259.65,206500
2016-06-03,259.5,259.5,257.9,258.65,148472
2016-06-06,263.25,264.75,262.95,264.4,298338
2016-06-07,264.9,265.5,263.9,264.85,183862
2016-06-08,264,266.7,263.8,266.55,161948
2016-06-13,272,274.4,271.45,274.15,181804
2016-06-14,275,275.25,272.75,273.35,210538
2016-06-15,274.5,275.8,273.8,275,246178
2016-06-16,274.4,280.4,273.65,279.95,363092
2016-06-17,279.95,281.15,272.1,273.2,546056
2016-06-20,274.6,276.35,272.8,273.75,327082
2016-06-21,273.65,275.05,272.55,273.2,252118
2016-06-22,271,271.6,268.8,269.6,275022
2016-06-23,269.1,271.15,269,269.75,240326
2016-06-24,268.4,283.35,268.2,282.25,997696
2016-06-27,283.5,285.15,280.35,284.65,580666
2016-06-28,285.1,285.65,282.85,283.35,325764
2016-06-29,282.85,284.7,282.2,284.3,300974
2016-06-30,284.5,285.5,282.7,283,287436
2016-07-01,283.55,288.6,283.1,287.15,445956
2016-07-04,288.05,293.7,287.5,292.15,558068
2016-07-05,292.6,292.85,288.6,290.8,344286
2016-07-06,291.75,297.7,289.75,296.7,542390
2016-07-07,296.95,297.4,295.1,295.7,341338
2016-07-08,294.6,294.6,291.75,292.8,337310
2016-07-11,291.05,297,290.9,295,434348
2016-07-12,293,294.75,292.55,293.6,252080
2016-07-13,291.8,292.35,287.65,290.8,450672
2016-07-14,290.55,291.85,288.55,288.85,304580
2016-07-15,286.3,289.2,285.75,288.95,277810
2016-07-18,288.25,289.2,286.75,288.15,303768
2016-07-19,288.4,290.25,287.65,288.7,239612
2016-07-20,288.8,289.7,287.55,287.55,219452
2016-07-21,284.85,285.6,283.5,284.6,263726
2016-07-22,284.9,288,284.15,286.3,284348
2016-07-25,286.2,286.5,284.05,284.8,194602
2016-07-26,284.7,286.25,283.65,285.2,197578
2016-07-27,285.5,285.95,284.3,285,170012
2016-07-28,285.6,289.8,285.6,289.25,282092
2016-07-29,289.8,289.8,287.15,287.45,218240
2016-08-01,290,290.7,287.9,289.65,263120
2016-08-02,289.95,291.4,289.65,291.15,186350
2016-08-03,292.7,293.35,292.1,292.6,182442
2016-08-04,292.55,292.55,289.65,289.75,229126
2016-08-05,292.65,293.5,291.8,293.3,189834
2016-08-08,290,290.1,286.9,287.05,260816
2016-08-09,287.65,288.2,286.7,286.8,133298
2016-08-10,287.15,291.4,287,290.9,208638
2016-08-11,291.15,291.25,287.95,288.5,218884
2016-08-12,289.25,290.6,287,288.25,207452
2016-08-15,290.7,291.05,283.8,287.7,276634
2016-08-16,287.2,289.6,287.05,289,168358
2016-08-17,288.85,289.35,287.3,287.6,220036
2016-08-18,288.15,290.25,286.15,289.3,202202
2016-08-19,289.3,289.9,288.45,289.3,159760
2016-08-22,287.3,289.5,286.3,286.7,230778
2016-08-23,287.35,287.65,286.8,287.25,105430
2016-08-24,288.15,288.45,287,287.4,134914
2016-08-25,286.65,286.65,284.3,284.75,192890
2016-08-26,283.75,285.15,283.15,284.8,118746
2016-08-29,286.3,288.8,283.2,283.9,418364
2016-08-30,284.5,285.65,284.35,284.65,143950
2016-08-31,284.25,284.75,282.8,283.4,197694
2016-09-01,282.4,283.6,282.15,282.75,166752
2016-09-02,282.1,284.05,282,283.15,214742
2016-09-05,285.85,287,284.85,286.65,227614
2016-09-06,286.75,287,286.4,286.95,77624
2016-09-07,288.25,291.7,288.05,290.85,237860
2016-09-08,290.95,291,289.15,290.45,131246
2016-09-09,290,290.15,288.45,288.65,179550
2016-09-12,288.6,289.2,286.6,287.5,183842
2016-09-13,286.65,288.1,285.85,287.45,190612
2016-09-14,286.5,287.1,284.85,286,173902
2016-09-19,283.55,284.85,283.05,284.55,84438
2016-09-20,284.1,284.9,284.1,284.85,103348
2016-09-21,284.55,285.75,283.75,285.35,152780
2016-09-22,287,288.25,284.85,287.7,208376
2016-09-23,288.3,289.7,287.85,288.15,169772
2016-09-26,288.7,288.9,287.5,288.1,126784
2016-09-27,288.65,289.3,287.6,287.7,135572
2016-09-28,287.45,287.5,285.3,285.45,173412
2016-09-29,285.6,285.95,284.4,284.75,133208
2016-09-30,283.9,285.55,283.9,285.3,125074
2016-10-10,273.6,274.2,272.35,274,151026
2016-10-11,273.3,274.1,273.05,273.9,180290
2016-10-12,273.05,274.05,272.95,273.3,142370
2016-10-13,273.05,274.7,272.5,274.2,211380
2016-10-14,273.75,274.9,273.25,273.45,156426
2016-10-17,272.8,274.25,272.6,273.7,194610
2016-10-18,273.65,275.4,273.45,275.2,150702
2016-10-19,275.05,275.75,274.15,275.2,136832
2016-10-20,276.8,277.7,276.5,277.25,156082
2016-10-21,277.25,277.95,275.7,276.3,165012
2016-10-24,277.1,277.4,276.5,277.05,130816
2016-10-25,278.25,278.8,276.6,277.9,170374
2016-10-26,278.15,279.9,277.9,279.2,186498
2016-10-27,278.6,279.1,277.4,278.25,154518
2016-10-28,279.1,279.45,277.95,278.5,146162
2016-10-31,277.45,281.35,277.45,279.65,231556
2016-11-01,279.2,280.75,278.75,280.25,122000
2016-11-02,281.55,283.1,281.35,282.95,142370
2016-11-03,283.4,285,283.1,283.75,153342
2016-11-04,282.4,284.55,282.1,282.4,135836
2016-11-07,284.05,284.75,281.6,281.85,134896
2016-11-08,281.75,281.8,279.65,281.2,98046
2016-11-09,283.3,293,281.75,291.65,270780
2016-11-10,288,289.6,283.3,286.15,217030
2016-11-11,285.05,286,279.25,281.75,248716
2016-11-14,280.9,282,269.8,272.95,360232
2016-11-15,273.95,276.45,272.8,275.95,245686
2016-11-16,275.85,277.65,275,277.05,180050
2016-11-17,276.55,277.5,276.25,276.5,136938
2016-11-18,277,277.15,273.05,273.45,216120
2016-11-21,273.85,275.6,273,275.55,189682
2016-11-22,275.6,276.95,274.5,276.25,179428
2016-11-23,276.2,276.95,275.05,276.6,177860
2016-11-24,276,276,272.7,273.7,340644
2016-11-25,273.4,273.65,268.45,271.4,253516
2016-11-28,272.5,275.3,271.25,273.8,256832
2016-11-29,273.6,274.55,272.4,272.75,204490
2016-11-30,271.5,272.3,270.55,271.05,200036
2016-12-01,270.15,270.9,266.6,269.25,318392
2016-12-02,267.95,269.4,266.6,268.85,206838
2016-12-05,268.1,270.9,267.05,268.75,289230
2016-12-06,268.3,269.5,267.1,268.15,234960
2016-12-07,268.6,268.65,267.45,267.7,170588
2016-12-08,268.6,270.95,268.35,269.75,244680
2016-12-09,269.35,270.2,268.3,269.5,177508
2016-12-12,268.35,269.35,267.2,267.95,203912
2016-12-13,267.7,269.35,267.25,268.2,173102
2016-12-14,268.15,269.9,267.65,269.65,247566
2016-12-15,269.6,270.6,264.8,266.95,312470
2016-12-16,265,265.85,264.3,265.35,235872
2016-12-19,265.45,266.95,265.1,266.6,172448
2016-12-20,266.45,266.9,264.55,265.25,157024
2016-12-21,263.8,265.45,262.1,264.85,208540
2016-12-22,264.45,264.85,262.8,263.3,119052
2016-12-23,262.8,264.3,262.45,263.55,155500
2016-12-26,263.75,265.1,263.3,264.75,127840
2016-12-27,264.85,266.1,264.4,266.1,132016
2016-12-28,266.15,267.85,265.35,267.3,172420
2016-12-29,266.5,269.15,266,268.75,217154
2016-12-30,268.05,272.15,268,271.35,257682
2017-01-02,268.05,272.15,268,268.05,0
2017-01-03,269.7,271.15,269.45,269.75,134748
2017-01-04,268.5,271.25,268.35,270.4,237240
2017-01-05,270.3,270.6,268.15,269.5,281262
2017-01-06,269,269.85,268.7,268.85,231806
2017-01-09,268.65,270.4,268.65,269.75,175304
2017-01-10,270.35,272.1,270.2,271.5,201672
2017-01-11,271.25,272.4,270.9,271.85,183268
2017-01-12,271.7,272.55,268.65,272.25,342304
2017-01-13,272.3,272.5,270.5,271.25,185390
2017-01-16,271.6,273.45,270.45,272.95,215196
2017-01-17,272.5,274.9,272.25,274.6,158070
2017-01-18,274.1,274.95,272.45,273.5,194254
2017-01-19,273.15,273.6,270.2,270.7,176830
2017-01-20,271.2,271.75,270.1,271.4,159596
2017-01-23,270.85,273.7,270.55,272.75,175522
2017-01-24,272.7,273.3,272.1,272.35,119818
2017-01-25,272.15,272.8,267.85,269.6,149430
2017-01-26,269.6,270.05,266.65,267.6,142822
2017-02-03,270.1,271.95,270.1,271.6,82082
2017-02-06,271.3,274.4,270.25,274.3,190770
2017-02-07,275.15,276.7,274.6,276.5,160366
2017-02-08,276.35,277.25,275.85,276.75,142374
2017-02-09,278.7,279.2,278.05,278.2,148408
2017-02-10,278.1,278.85,274.6,275.25,220922
2017-02-13,275.6,277.3,275.3,276.4,197398
2017-02-14,276,276.2,274.05,276,163040
2017-02-15,276.6,276.7,274,274.95,188556
2017-02-16,275,277.15,273.5,276.35,224336
2017-02-17,277.25,277.9,276.8,277.45,155914
2017-02-20,278.2,278.6,276.2,276.85,148746
2017-02-21,277.15,277.65,276.6,277.5,99214
2017-02-22,276.5,278.15,275.75,277.2,159914
2017-02-23,277.65,278.15,276.5,277.75,153238
2017-02-24,278.8,281.7,278.4,281.15,273622
2017-02-27,282.2,282.45,280.55,282.15,180334
2017-02-28,281.85,283.35,280.95,281.2,160636
2017-03-01,281.15,281.95,278.65,279.15,209236
2017-03-02,279.1,280.4,278.15,279.45,170848
2017-03-03,278.9,279.25,276.9,277.4,238202
2017-03-06,276.9,278.55,276.5,277.45,182046
2017-03-07,277.45,277.9,276.1,276.4,137414
2017-03-08,276,276,274.5,274.55,174404
2017-03-09,273.95,274.7,272.6,273.25,213736
2017-03-10,273.4,273.85,271,271.05,200774
2017-03-13,271.15,273.65,270.75,273.65,247398
2017-03-14,272.5,273.1,272.2,272.35,129460
2017-03-15,272.55,273.25,271.6,272.5,150980
2017-03-16,271.8,277.3,271.6,277.15,261416
2017-03-17,278.15,278.25,276.5,277.05,137970
2017-03-20,277.4,278.55,276.95,278.45,138722
2017-03-21,278.25,278.75,276.65,277.35,167944
2017-03-22,277.65,280.35,277.5,279.8,244648
2017-03-23,279.75,280.2,278.9,279.75,164432
2017-03-24,280.45,280.7,278.45,278.95,184200
2017-03-27,279.2,282.25,278.75,282,162888
2017-03-28,282.05,282.35,280.95,281.2,148832
2017-03-29,282.05,282.15,280.05,280.6,159592
2017-03-30,280.95,281.2,280.1,280.6,126756
2017-03-31,280.35,280.35,278.2,278.6,178510
2017-04-05,281.2,281.75,280.75,281.25,74992
2017-04-06,280.2,281.7,279.2,281.25,198064
2017-04-07,281.05,285.45,280.4,283.5,294194
2017-04-10,284.45,285.05,281.15,282.2,254310
2017-04-11,281.25,282.95,280.9,282.75,169940
2017-04-12,283.4,287.1,283.25,285.85,316430
2017-04-13,286.1,288,285.1,287.15,242774
2017-04-14,287.55,288.05,286.75,287.7,152170
2017-04-17,288.05,290.05,286.95,287.2,196830
2017-04-18,286.9,287.9,285.8,286.45,194112
2017-04-19,286.6,287.7,285.2,286.3,250222
2017-04-20,286.55,286.75,284.75,286.1,216358
2017-04-21,285.95,286.35,285.25,285.9,170642
2017-04-24,286.35,287.95,283.5,283.9,310052
2017-04-25,283.35,284.4,282.95,283.9,166292
2017-04-26,282.75,283.55,282.15,282.45,183112
2017-04-27,282.55,283.55,282.05,282.85,154594
2017-04-28,283.1,283.25,282.3,283.2,129946
2017-05-02,283.8,284.4,283.55,283.9,39920
2017-05-03,283.05,283.7,282.85,283.3,30714
2017-05-04,283,283.25,278.7,279.65,92606
2017-05-05,278.05,280,277.4,278.8,102698
2017-05-08,278.3,279.35,278.05,278.5,86346
2017-05-09,278.65,279.4,277.5,278.45,128798
2017-05-10,277.35,277.4,275.65,277.05,118918
2017-05-11,277.25,277.55,276.3,277.35,92586
2017-05-12,277,278.5,276.95,278.1,119980
2017-05-15,278.75,279.55,277.75,279.4,124840
2017-05-16,280.15,280.65,279,280,118992
2017-05-17,280.05,281.3,279.5,280.95,133590
2017-05-18,282.5,284.75,282.35,283.25,230310
2017-05-19,283.55,284.2,281.6,282.65,186950
2017-05-22,283.3,283.6,282.15,283.3,114482
2017-05-23,284.05,285.2,283.45,285.2,123256
2017-05-24,285,285.1,281.5,281.85,170178
2017-05-25,282.5,283.8,281.75,283.3,136700
2017-05-26,282.75,283.5,282,283.35,104532
2017-05-31,283.05,283.3,281.65,281.65,74258
2017-06-01,282.35,283.15,281.4,281.85,157458
2017-06-02,281.25,282.2,280.6,280.85,129192
2017-06-05,283,285.2,282.75,284.55,215452
2017-06-06,284.8,286.5,284.05,286.3,135910
2017-06-07,286.6,287.2,286.25,286.6,138618
2017-06-08,286.55,286.9,285.05,285.75,141700
2017-06-09,285.15,285.4,282.15,282.5,223770
2017-06-12,281.8,281.9,281,281.05,151544
2017-06-13,280.85,281.6,280.35,281.15,105884
2017-06-14,280.35,282.4,280.05,281.7,131122
2017-06-15,283,284.65,279.7,279.85,238286
2017-06-16,278.5,279.8,278.3,279.35,147956
2017-06-19,279.65,279.8,278.5,278.85,99854
2017-06-20,278.55,278.9,277.6,278.25,111782
2017-06-21,278.05,278.5,277.3,278.15,104238
2017-06-22,277.85,280.3,277.3,279.9,135198
2017-06-23,280.15,280.55,279.1,280.45,119404
2017-06-26,281.55,281.55,280.35,280.6,78260
2017-06-27,278.35,279.45,277.9,279.4,170412
2017-06-28,278.6,279.3,278.05,278.75,168850
2017-06-29,278.95,279.15,277.7,278.15,158992
2017-06-30,276.4,277.35,275.4,275.5,221690
2017-07-03,275.3,276.3,274.35,274.6,142246
2017-07-04,273.25,273.35,271.6,272.6,190506
2017-07-05,272.7,273.3,272.05,272.4,102604
2017-07-06,271.1,273.2,271.05,272.85,129270
2017-07-07,272.9,273.25,271.6,272.2,115020
2017-07-10,272.25,272.35,268,268.8,241862
2017-07-11,269.35,270.7,268.95,270,139294
2017-07-12,270.1,271.65,269.25,271,156136
2017-07-13,272.35,272.45,271.05,271.75,154644
2017-07-14,271.5,271.5,269.85,270.65,113550
2017-07-17,273.15,273.45,272.3,273,163458
2017-07-18,273.7,274.4,273.5,273.7,125924
2017-07-19,274.3,274.75,273.85,274.05,113988
2017-07-20,274.55,274.75,273.9,274.2,100138
2017-07-21,274.3,275.85,273.5,275.8,173552
2017-07-24,276.7,277.45,276.05,276.45,124830
2017-07-25,277.35,277.4,276.15,276.8,99046
2017-07-26,276.1,276.5,274.15,274.4,142662
2017-07-27,274.8,278.05,274.6,277.6,164112
2017-07-28,277.9,277.95,276.6,277.25,149302
2017-07-31,277.95,278.95,277.65,278.05,147076
2017-08-01,278.3,278.5,277.75,278,92472
2017-08-02,278,279.05,277.55,277.95,160750
2017-08-03,277.6,278.8,276.6,276.9,147540
2017-08-04,277.55,278.55,277.4,278.45,143116
2017-08-07,277,277.25,275.65,275.95,175064
2017-08-08,275.85,276.5,275.35,275.7,112310
2017-08-09,276.2,277.6,274.15,276.45,186480
2017-08-10,278.1,278.8,277.4,278.45,187428
2017-08-11,279.35,280.3,278.85,279.85,222826
2017-08-14,279.75,280.3,278.55,279.75,175078
2017-08-15,278.9,279.75,277,277.85,182520
2017-08-16,276.55,277.9,276.35,276.95,119916
2017-08-17,277.1,280.45,276.65,279.95,192184
2017-08-18,279.45,280.5,278.75,280.5,144594
2017-08-21,281.8,282.6,278.75,279.7,238136
2017-08-22,279.8,280.95,279,279.1,149470
2017-08-23,279.65,280.4,278.35,279.15,148734
2017-08-24,279.75,279.9,279.05,279.25,119042
2017-08-25,279.3,279.75,278.6,279.05,111830
2017-08-28,278.95,280.9,276.5,280.45,263900
2017-08-29,280.3,283.8,279.75,283.8,215014
2017-08-30,283.8,284.3,280.25,280.35,220274
2017-08-31,280.35,281.3,279.2,279.9,141360
2017-09-01,280.9,282.65,280.7,281.8,173324
2017-09-04,282.25,285,281.2,284.2,248002
2017-09-05,283.2,284.05,282.75,283.65,118342
2017-09-06,282.9,284.45,282.85,284.1,167572
2017-09-07,283.9,284.1,282.4,283.05,171472
2017-09-08,283.65,283.95,282.75,283.7,234876
2017-09-11,283.25,283.85,281.75,282.4,205840
2017-09-12,282.3,282.75,280.9,281.1,138828
2017-09-13,281.2,282.05,281.05,281.5,105588
2017-09-14,281.8,282.05,280.55,281.15,152354
2017-09-15,281.75,282.9,281.4,282.45,148056
2017-09-18,281.8,281.95,279.75,279.85,166142
2017-09-19,279.65,280.3,278.85,279.8,146266
2017-09-20,279.65,280.35,279.45,280.05,93828
2017-09-21,280.05,280.95,277.5,277.5,196020
2017-09-22,276.7,278,276.55,277.95,152812
2017-09-25,277.2,277.85,277,277.6,101102
2017-09-26,278,282.15,277.75,281.8,209918
2017-09-27,280.15,281.2,279.05,279.2,177298
2017-09-28,278.55,278.95,277.35,277.7,157036
2017-09-29,278.05,279.05,277.75,278.9,99056
2017-10-09,278.1,278.1,278.1,278.1,6
2017-10-10,276.65,277.3,276.4,276.65,89448
2017-10-11,276.65,277.3,275.85,276.1,102690
2017-10-12,276.35,277.5,275.5,277.1,106566
2017-10-13,276.75,277.5,276.3,277.2,81608
2017-10-16,277.75,278.85,277.3,278.7,122152
2017-10-17,279,279.05,277,277.25,132882
2017-10-18,276.75,276.95,276.1,276.15,109406
2017-10-19,275.95,276.45,275.2,275.7,108490
2017-10-20,276.2,276.9,275.8,276.05,116690
2017-10-23,276,276.05,274.8,274.9,123402
2017-10-24,274.7,276.25,274.45,275.8,102460
2017-10-25,275.35,275.45,274.5,274.55,105748
2017-10-26,274.4,275.85,274.4,275.8,127364
2017-10-27,275.2,275.65,273.65,273.95,146570
2017-10-30,273.65,274.8,273.65,274.3,132546
2017-10-31,274.25,275.15,274.15,274.5,129702
2017-11-01,273.9,274.15,273.1,273.9,107352
2017-11-02,273.8,274.2,273,274,82780
2017-11-03,273.7,274.8,273.5,274,81612
2017-11-06,274.1,274.65,272.8,273.4,95554
2017-11-07,273.75,275.4,273.55,274.75,81728
2017-11-08,274.8,275.05,273.9,274.8,63420
2017-11-09,275.1,276.15,275.05,275.75,82990
2017-11-10,280.9,281.2,280.3,280.85,58324
2017-11-13,281.1,281.15,279.3,279.65,43774
2017-11-14,279.8,280.15,279.2,279.3,36148
2017-11-15,278.85,280.3,278.25,279.8,82062
2017-11-16,280.2,280.65,278.85,279.15,109230
2017-11-17,279.35,280.1,279.05,280.1,83458
2017-11-20,280,284.15,279.9,281.65,124816
2017-11-21,281.6,282,279.1,279.9,125686
2017-11-22,279.35,280.6,279.25,279.95,98470
2017-11-23,280.15,280.95,279.85,280.1,92712
2017-11-24,280.15,280.45,279.5,280.45,61598
2017-11-27,280.05,280.5,279.65,280.45,75548
2017-11-28,281.25,282.4,281,281.55,141338
2017-11-29,281.75,282.05,280.65,281.75,89514
2017-11-30,281.55,281.6,279.3,279.55,160322
2017-12-01,279.35,279.35,277.4,277.75,116132
2017-12-04,277.6,279.95,276.7,277.55,158454
2017-12-05,277.3,278.3,277.25,277.7,77562
2017-12-06,277.55,277.7,275.1,276.05,151124
2017-12-07,275.85,276.35,273.45,274.15,128306
2017-12-08,273.65,273.95,272.05,272.35,115350
2017-12-11,272.25,273.2,271.5,272.55,112536
2017-12-12,272.9,272.9,271.25,271.9,77378
2017-12-13,271.6,272.05,270.9,271.85,77742
2017-12-14,271.75,275.15,271.6,274.25,148848
2017-12-15,274.1,274.6,273.5,274.25,84622
2017-12-18,274.75,275.3,273.7,274.4,110138
2017-12-19,274.95,275.9,274.45,275.55,107556
2017-12-20,275.35,275.5,274.8,274.95,73426
2017-12-21,275.15,275.3,274.35,274.7,87822
2017-12-22,274.5,275.05,274.25,274.9,64172
2017-12-25,275.25,276.75,274.9,276.6,85190
2017-12-26,276.45,276.6,275.6,276.5,41718
2017-12-27,276.5,277.2,276.3,277.15,71938
2017-12-28,277.45,278.55,277.35,278.05,75412
2017-12-29,278,278.3,277.45,277.8,70460
2018-01-02,279.55,279.9,278.95,279.4,54760
2018-01-03,279.8,281.45,279.45,280.35,120498
2018-01-04,280.25,280.5,278.35,279,115606
2018-01-05,279.3,280.5,278.4,279.85,131968
2018-01-08,279.55,280.8,279.05,280.2,122670
2018-01-09,280.35,281,280,280.55,97146
2018-01-10,280.6,280.85,279.75,279.95,100630
2018-01-11,281.7,281.85,280.5,280.85,107986
2018-01-12,280.95,281.8,280.55,281.55,107150
2018-01-15,281.7,282.6,280.05,282.05,154100
2018-01-16,282.25,282.35,281.65,281.85,59212
2018-01-17,281.05,281.9,280.55,280.8,120036
2018-01-18,280.95,281,278.65,279.25,120704
2018-01-19,278.8,279.4,277.9,278.35,123998
2018-01-22,278.9,279.15,278.45,278.5,91784
2018-01-23,278.9,279.6,278.6,279.4,106384
2018-01-24,279.65,280.7,279.15,280.7,129994
2018-01-25,281.25,282.05,280.75,281.75,147606
2018-01-26,280.65,281.25,279.15,279.95,160632
2018-01-29,279.4,280,278.55,278.7,116526
2018-01-30,278.25,278.75,276.2,276.35,142162
2018-01-31,277.55,278.05,276.45,276.6,130220
2018-02-01,276.1,276.8,275.6,276.05,107992
2018-02-02,275.85,276.85,275.6,276.4,95114
2018-02-05,276.15,276.5,273.75,274,179670
2018-02-06,274.3,277.4,273.8,276,165138
2018-02-07,274.95,274.95,271.65,272.3,173706
2018-02-08,271.65,272.15,270.35,271.7,169214
2018-02-09,272.3,274.5,271.8,273.05,153838
2018-02-12,271.85,273.1,270.85,272.9,165634
2018-02-13,272.7,274.3,272.65,274.25,106204
2018-02-14,274.65,276.15,273.55,276.1,101596
2018-02-22,274.7,274.8,273.3,273.65,69122
2018-02-23,274,275,274,274.6,89858
2018-02-26,275.05,275.95,274.1,275.85,105090
2018-02-27,275.25,275.6,274.05,274.4,109948
2018-02-28,274.35,274.4,271.7,272.05,164380
2018-03-01,272.35,272.75,271.35,271.7,96650
2018-03-02,270.95,273.05,270.7,272.7,176954
2018-03-05,273.3,273.9,272.45,273.65,128004
2018-03-06,273.35,273.5,272.35,273.3,81380
2018-03-07,273.7,275.3,273.6,274.5,159050
2018-03-08,274,274.35,273.15,274,130368
2018-03-09,273.75,274.15,272.35,272.55,119300
2018-03-12,272.4,273.25,271.45,272.5,155822
2018-03-13,271.8,272.9,271.65,272.3,91312
2018-03-14,273,273.6,271.9,272.75,144588
2018-03-15,272.2,272.85,272,272.5,86940
2018-03-16,271.75,271.9,270.9,271.35,112028
2018-03-19,271.5,271.6,269.65,270.05,133874
2018-03-20,270.55,271.5,270.3,271.2,94422
2018-03-21,270.45,271.3,269.9,271.15,104436
2018-03-22,271.6,274.25,271.55,273.5,214702
2018-03-23,274.2,276.55,273.3,276.5,222076
2018-03-26,276.9,277.25,275.85,276.15,176800
2018-03-27,275.45,276.65,275.35,275.8,132922
2018-03-28,274.3,275.15,273.95,274.2,137984
2018-03-29,273.45,273.7,270.95,271.05,197124
2018-03-30,271,271.6,270.85,271.55,77390
2018-04-02,271.65,272.35,271.3,271.75,73540
2018-04-03,272.5,274.6,272.3,273.75,159884
2018-04-04,273.35,273.5,271.6,273.4,139306
2018-04-09,273,273.2,272.4,272.55,63718
2018-04-10,273.35,274.15,272.4,272.7,119642
2018-04-11,273.35,274.35,272.75,274.3,144666
2018-04-12,275.9,276.8,274.35,275.2,281170
2018-04-13,274.4,274.65,272.65,273.15,170916
2018-04-16,273.2,274.9,272.9,274.25,175852
2018-04-17,274.25,274.85,273.85,274.65,109886
2018-04-18,273.15,274.75,273.05,274.5,123876
2018-04-19,275.6,275.8,274.55,275.2,155956
2018-04-20,274.35,274.75,273.5,273.85,142614
2018-04-23,273.65,273.65,272,272.55,185234
2018-04-24,271.5,272.2,271.05,271.85,154496
2018-04-25,271.65,272.65,271.5,271.6,134470
2018-04-26,271.3,272.05,271.2,271.9,112116
2018-04-27,271.6,271.75,270.65,271.15,167128
2018-05-02,269.35,270.55,268.6,270.4,80522
2018-05-03,273.8,274.9,273.35,274.15,98418
2018-05-04,275.05,275.15,274.05,274.3,89614
2018-05-07,275,275.75,274.35,275.15,94876
2018-05-08,275.25,275.45,274.75,274.95,89848
2018-05-09,274.9,275.1,274.5,274.6,145340
2018-05-10,275.1,275.55,274.65,274.8,112892
2018-05-11,275.7,275.75,274.75,275.2,98314
2018-05-14,275.7,275.7,275,275.15,68000
2018-05-15,275,275.2,273.6,273.8,84694
2018-05-16,272,272.05,270.55,271.25,143926
2018-05-17,270.1,270.8,269.75,269.85,112742
2018-05-18,270,270.45,269.9,270.3,87276
2018-05-21,270.05,271.15,269.45,269.5,131962
2018-05-22,270.15,270.8,270,270.25,101034
2018-05-23,270.8,270.85,270.2,270.5,105426
2018-05-24,271.15,272.3,270.65,272.25,150568
2018-05-25,272.6,273.85,272.25,273.55,137342
2018-05-28,274.1,274.3,272.15,272.35,126806
2018-05-29,273,273.65,272.65,273.25,82968
2018-05-30,273.5,274.95,272.8,274.15,183800
2018-05-31,274.4,274.55,273.8,274.5,93610
2018-06-01,274.1,275,273.3,273.85,122792
2018-06-04,272.65,273.65,272.3,272.4,103898
2018-06-05,273,273,271.65,271.9,84728
2018-06-06,272,273.35,271.7,272.4,109980
2018-06-07,272.4,272.85,271.8,272.15,79982
2018-06-08,272.7,272.75,271.8,272.1,106106
2018-06-11,272.65,273.35,272.35,272.7,111914
2018-06-12,272.8,273.45,272.2,272.4,104024
2018-06-13,272,272.9,271.95,272.1,79628
2018-06-14,272.2,273.35,271.95,273.35,126162
2018-06-15,274.3,274.4,273.3,273.65,133752
2018-06-19,271,271.5,270.75,271.4,87632
2018-06-20,270.7,271.4,270.15,270.2,108996
2018-06-21,270.55,270.85,269.1,269.45,119712
2018-06-22,269.6,270.65,269.4,270.55,90424
2018-06-25,270.4,271.7,270.15,271.15,130972
2018-06-26,271.4,272,271.2,271.25,98760
2018-06-27,270.95,271.75,270.85,271.6,111946
2018-06-28,271.5,271.9,270.9,270.9,90456
2018-06-29,271.5,271.75,270.75,271.4,97584
2018-07-02,271.4,272.45,271,272.1,94590
2018-07-03,272.95,273,271.3,271.9,123536
2018-07-04,272.2,273.7,272.1,272.65,145476
2018-07-05,272.5,273.3,272.3,272.75,89982
2018-07-06,272.7,273.55,272.4,273.25,108998
2018-07-09,273,273.4,272.7,273.1,88894
2018-07-10,273.2,273.3,271.55,272,95614
2018-07-11,272.15,273.05,271.85,272.85,101934
2018-07-12,273.1,273.3,271.75,271.9,94882
2018-07-13,271.8,272.35,271.6,271.7,68156
2018-07-16,272.1,272.45,271.7,272.05,69242
2018-07-17,271.55,271.75,270.75,271.55,99132
2018-07-18,271.25,271.4,268.6,269.05,181010
2018-07-19,269.5,270.35,269.2,270.3,105332
2018-07-20,269.3,271.1,269.2,270.65,132416
2018-07-23,271.5,272.3,271.45,271.9,107080
2018-07-24,272.1,272.2,271.5,271.7,104896
2018-07-25,272.05,272.2,271.5,271.7,75446
2018-07-26,271.75,272.1,271.3,272.1,94872
2018-07-27,271.65,272.1,271.3,271.5,88686
2018-07-30,271.85,272.05,271.4,271.55,77966
2018-07-31,271.7,271.9,271.3,271.65,67996
2018-08-01,271.35,271.55,270.15,271.45,122992
2018-08-02,270.85,271.55,270.5,270.75,93806
2018-08-03,271.3,271.4,269.9,270.2,86800
2018-08-06,270.25,271.2,270,270.25,109278
2018-08-07,269.6,270.55,269.55,270.1,74168
2018-08-08,269.7,269.85,268.3,269.5,112194
2018-08-09,269,269.65,268.6,269.55,87262
2018-08-10,269.35,269.75,269.1,269.4,81740
2018-08-13,270.15,270.7,269.95,270.1,113674
2018-08-14,269.05,269.15,267.5,267.65,148122
2018-08-15,268,268.4,267,267.4,97428
2018-08-16,267.25,267.45,262.7,264,237028
2018-08-17,264,264.65,263.25,263.4,130468
2018-08-20,263.55,265.15,263.4,265.15,91574
2018-08-21,265.1,266.45,264.8,266.35,94642
2018-08-22,265.9,266.55,265,266.25,103968
2018-08-23,267,267.2,266.15,266.2,89684
2018-08-24,266.7,266.8,265.55,266.3,82384
2018-08-27,265.9,267.65,265.8,267.45,125174
2018-08-28,267.5,268.35,267.25,268.3,79354
2018-08-29,268.05,268.15,266.05,267.05,93472
2018-08-30,267.5,267.85,267.05,267.45,77472
2018-08-31,268.05,268.1,266.6,267.8,111716
2018-09-03,267.8,267.8,266.55,266.6,89258
2018-09-04,266.65,266.9,265.5,265.6,66944
2018-09-05,265.8,265.85,265.05,265.6,88146
2018-09-06,266.05,266.75,265.65,266.4,83454
2018-09-07,267.25,267.6,266.5,267.2,113874
2018-09-10,266.5,267,266,266.25,100898
2018-09-11,266.55,267.1,266.5,267,67076
2018-09-12,266.05,267.55,265.75,266.8,99166
2018-09-13,266.85,268.2,266.7,268.1,116310
2018-09-14,268.35,269.05,267.1,268.65,142808
2018-09-17,268.15,268.15,267.1,267.35,105902
2018-09-18,267.8,268.5,267.6,267.65,91380
2018-09-19,268.25,268.45,267.2,267.95,77474
2018-09-20,268.5,268.6,267.75,268.2,87642
2018-09-21,268.45,269.35,267.95,269.05,95930
2018-09-25,267.9,268,267.35,267.95,56136
2018-09-26,268.2,268.7,268,268.35,70508
2018-09-27,267.65,268.5,267.15,267.4,107108
2018-09-28,266.2,266.2,264.85,264.9,132906
2018-10-08,269.7,269.95,268,268.65,77522
2018-10-09,267.4,268.25,267.2,267.9,106262
2018-10-10,267.55,268.2,267.2,267.9,99802
2018-10-11,267.7,269.45,267.5,269.45,152014
2018-10-12,271.3,273.8,270.5,272.85,292244
2018-10-15,273.45,275.35,273.15,275.35,171490
2018-10-16,276,276.15,274.75,275.25,154004
2018-10-17,275.65,276,274.15,274.5,123992
2018-10-18,275.2,275.8,274.35,274.75,135758
2018-10-19,275.4,277.2,275.1,276.05,185180
2018-10-22,276.2,276.35,275.6,275.85,110412
2018-10-23,275.65,277,275,276.95,139484
2018-10-24,278.55,279.3,277.05,277.15,199308
2018-10-25,276.8,279.25,276.75,278.5,175852
2018-10-26,278,278.6,277.1,278.3,148646
2018-10-29,278.4,280.45,277.85,277.85,256378
2018-10-30,277.85,278.2,276.4,277.25,153456
2018-10-31,276.15,277.1,274.85,274.9,192764
2018-11-01,274.8,275.4,273.75,275.3,135758
2018-11-02,276,276.3,275.25,275.4,156600
2018-11-05,274.95,275.95,274.55,275.6,96254
2018-11-06,275.35,276.45,275.3,275.85,85740
2018-11-07,276.5,276.7,274.9,275.9,104606
2018-11-08,280.5,280.55,279.2,279.4,58390
2018-11-09,279.4,279.75,278.6,278.7,65422
2018-11-12,278.8,278.8,276.4,276.55,119420
2018-11-13,276.5,276.6,275.35,275.45,96610
2018-11-14,275.1,275.85,274.95,275.5,115628
2018-11-15,275.15,277.1,274.55,277.05,108868
2018-11-16,276.65,277.55,276.05,277.5,124384
2018-11-19,277.75,279,277.7,278.25,148594
2018-11-20,278.5,279.4,278.45,279.3,102492
2018-11-21,279.9,280.35,278.75,279,124620
2018-11-22,279.2,280.15,278.7,279.65,103356
2018-11-23,279.9,280.1,279.5,279.65,64856
2018-11-26,279.25,279.8,278.8,279.5,103560
2018-11-27,279.55,279.75,278.75,278.9,87732
2018-11-28,279.35,279.65,277.25,277.55,146380
2018-11-29,277.45,279.7,277.1,279.55,153582
2018-11-30,279.9,280.2,279.2,279.45,107410
2018-12-03,279,279.45,278.2,278.35,156940
2018-12-04,278.6,279.45,278.3,278.35,150018
2018-12-05,278.55,279.3,278.1,278.9,107694
2018-12-06,279,280.55,278.75,279.9,147522
2018-12-07,279.95,281.4,279.85,280.25,173004
2018-12-10,280.8,283.15,280.4,283.1,235966
2018-12-11,282.65,283.1,282.2,282.65,124962
2018-12-12,282.3,282.45,281.1,281.2,122580
2018-12-13,281.4,281.85,280.55,280.8,94850
2018-12-14,280.5,281.05,280.1,280.35,96230
2018-12-17,280.25,280.85,279.7,280.2,99312
2018-12-18,280.6,282.4,280.55,281.9,100036
2018-12-19,281.95,282.8,281.85,282.55,98696
2018-12-20,282.3,284.35,281.65,282.15,216128
2018-12-21,283.4,285.75,283.1,284.8,204216
2018-12-24,285.05,286,284.1,285.45,148724
2018-12-25,285.6,287.7,285.3,287.1,136042
2018-12-26,287.05,287.6,285.9,287.5,90834
2018-12-27,287,287.95,285.8,286.3,192058
2018-12-28,286.95,287.9,286.3,287.85,171054
2019-01-02,287.55,288.7,287.15,288.3,91402
2019-01-03,288.45,290.75,287.9,290.7,198374
2019-01-04,289.95,291.6,289.35,290.55,217562
2019-01-07,290,290.15,286.9,288.65,280434
2019-01-08,289,289.7,286.9,287.25,193804
2019-01-09,286.95,287.65,285.85,286.2,184668
2019-01-10,285.7,287.85,285.6,286.9,223516
2019-01-11,286.35,286.45,284.55,284.95,204814
2019-01-14,284.95,285.45,283.8,285.05,171396
2019-01-15,285.65,285.95,284.15,284.3,168666
2019-01-16,284.75,285.5,284.25,284.6,159836
2019-01-17,284.3,285.25,284.2,285.1,120016
2019-01-18,285.55,285.65,284.7,285.05,147008
2019-01-21,284.15,284.2,282.7,283.2,193586
2019-01-22,282.55,283.45,282.3,283.25,124106
2019-01-23,283.9,284.65,283.3,283.6,138716
2019-01-24,283.9,284.1,282.9,283.3,137742
2019-01-25,283,283.85,282.65,282.9,142372
2019-01-28,283.05,285.95,282.75,285.6,223994
2019-01-29,285.45,286.75,285,286.6,164764
2019-01-30,287.25,287.95,286.7,287.55,207730
2019-01-31,287,288,286.35,287.85,153858
2019-02-01,288.4,289.3,287.8,289.2,150578
2019-02-11,288.6,289.2,288.15,288.75,87420
2019-02-12,288.15,289.15,287.85,288.85,130022
2019-02-13,289,289.3,287.9,288.25,121432
2019-02-14,287.85,289.75,287.5,287.6,171608
2019-02-15,287.05,289.7,287.05,289.6,188342
2019-02-18,289.8,291.2,289.2,290.95,182550
2019-02-19,291.5,292.1,291.1,291.35,106198
2019-02-20,292.6,294.25,292.5,293.35,187480
2019-02-21,293.5,293.95,291.4,291.5,163306
2019-02-22,291.25,291.9,289.35,289.6,160092
2019-02-25,289.05,290.75,288.65,289.3,179152
2019-02-26,289.1,289.55,287.95,289,152828
2019-02-27,288.2,289.2,288.1,288.65,119290
2019-02-28,288.15,288.85,285.9,286.85,173762
2019-03-01,287.7,288,285.55,285.85,179312
2019-03-04,285,286.15,281.45,281.8,275324
2019-03-05,280.45,281.6,280.1,280.8,161400
2019-03-06,280.75,282.35,280,282.35,177812
2019-03-07,281.5,282,280.75,280.9,145488
2019-03-08,281.6,283.75,280.75,283.55,203048
2019-03-11,283.7,285.5,283.35,284.75,207238
2019-03-12,284.35,284.65,283.2,284.2,158734
2019-03-13,284.45,285.75,283.75,285.65,131632
2019-03-14,285.9,286.4,285,285.1,146008
2019-03-15,284.35,285.3,282.95,284.9,207268
2019-03-18,284.95,285.55,283.95,285.2,138202
2019-03-19,285.75,286.3,285,285.95,135022
2019-03-20,286.25,286.8,285.3,285.55,121822
2019-03-21,285.6,287.55,283.9,287.4,225440
2019-03-22,287.5,287.6,285.3,286.35,177166
2019-03-25,286.85,288.1,286.4,288.05,175704
2019-03-26,288.6,289.5,288.1,288.3,166586
2019-03-27,288.1,288.7,287.6,288.25,157278
2019-03-28,288.25,288.55,286.95,287.45,203166
2019-03-29,285.8,285.8,281.85,282,345786
2019-04-01,283.6,284,281.9,282.1,208964
2019-04-02,283.75,283.75,282.1,282.15,155618
2019-04-03,282.7,283.35,282.5,282.9,143928
2019-04-04,282.85,283.15,282,282.95,145032
2019-04-08,283,284.3,283,284.15,80336
2019-04-09,285.2,285.35,283.7,284.4,134752
2019-04-10,285.4,285.85,284.9,285.8,149918
2019-04-11,285.5,286.9,285.35,286.15,160374
2019-04-12,284,284.7,282.9,283.3,198178
2019-04-15,282.55,283.45,281.6,281.75,160802
2019-04-16,281.25,282.2,280.9,281.5,123516
2019-04-17,280.45,280.55,279.65,280,191974
2019-04-18,279.5,279.65,277.8,278.2,144252
2019-04-19,278.85,279.85,278.7,279.5,108638
2019-04-23,280.3,280.55,278.9,279,114824
2019-04-24,278.3,279.6,277.9,278.85,146590
2019-04-25,279.45,280.9,278.75,280.4,153468
2019-04-26,281.05,281.95,280.6,281.45,171400
2019-04-29,281.7,282.35,281.3,281.3,144702
2019-04-30,281.15,281.9,280.35,281.6,118084
2019-05-06,284.6,284.75,282.4,282.7,94280
2019-05-07,281.65,283,281.35,282.4,104218
2019-05-08,282.25,284,282.1,283.95,108570
2019-05-09,284.4,284.75,282.95,284.1,116104
2019-05-10,284.6,285.95,284.15,284.45,120938
2019-05-13,288.9,289.6,288.15,289.2,152
2019-05-14,290.9,293.9,290.9,292.75,226
2019-05-15,293.1,293.3,291,291.25,172
2019-05-16,293.15,293.25,291.6,292.35,156062
2019-05-17,291,291.85,290.15,291.7,164084
2019-05-20,291.1,291.35,289.15,289.4,157110
2019-05-21,289.85,290.25,288.65,289.15,129642
2019-05-22,288.45,289.1,287.7,288.9,121064
2019-05-23,289.2,289.75,288.9,289.35,107242
2019-05-24,290.9,291.8,290.55,291.1,182408
2019-05-27,291.05,291.45,290.2,291.25,108838
2019-05-28,291.1,291.25,290.55,291,65916
2019-05-29,290.2,291.5,289.55,291.45,144184
2019-05-30,291.15,291.55,289.65,290.1,146190
2019-05-31,290.7,293.55,290.5,293.45,210680
2019-06-03,294.2,297.1,293.8,296.7,244464
2019-06-04,297.7,300.1,296.95,299.75,238932
2019-06-05,299.1,301.9,298.75,301.7,255926
2019-06-06,302.85,303.7,300.25,301.7,314902
2019-06-10,302.55,302.6,300.4,300.85,136076
2019-06-11,301.05,301.4,299.3,299.55,194824
2019-06-12,299.15,303.4,298.65,302.6,294244
2019-06-13,302.1,303.25,301.3,303.2,215912
2019-06-14,302.5,307.8,302.35,307.75,303908
2019-06-17,306.3,307.55,303.45,304.1,384246
2019-06-18,304.55,306.65,304.15,306.15,231638
2019-06-19,307.3,307.85,302.8,304.3,461924
2019-06-20,303.95,313.85,303.55,311.25,462906
2019-06-21,310.95,316.5,310.05,313.6,555740
2019-06-24,314.45,317.3,312.3,315.8,472448
2019-06-25,316.35,323.05,315.7,321.8,618906
2019-06-26,320.95,323.25,316.05,316.4,735628
2019-06-27,317,318.3,315.35,315.6,527472
2019-06-28,315.15,320.8,314.1,316.85,570526
2019-07-01,317.2,317.4,308.55,308.85,553248
2019-07-02,310.8,312.75,309.7,312.05,406836
2019-07-03,312.35,323.5,311.75,321.1,833052
2019-07-04,319.2,319.85,317,317.65,529756
2019-07-05,317.6,319.35,317.25,318,253758
2019-07-08,315,316.65,305.5,316.35,657334
2019-07-09,315.95,315.95,313.1,313.45,373548
2019-07-10,314.15,315.55,312.85,313.2,304398
2019-07-11,317.3,320.85,315.5,319,523114
2019-07-12,317.8,318.15,315.55,316.65,323508
2019-07-15,316.35,318.55,316,317.75,287420
2019-07-16,317.2,318.3,316.4,317.75,254618
2019-07-17,317.15,317.8,315.15,315.8,388820
2019-07-18,316.1,321.15,316,319.1,571732
2019-07-19,318.8,324.75,318.35,323.3,510780
2019-07-22,322.6,324.6,319.5,320.65,602472
2019-07-23,320.65,321.45,317.8,318.7,336826
2019-07-24,320.5,321.7,319.05,319.65,352292
2019-07-25,320.2,321.15,319.2,320.3,281702
2019-07-26,320.05,320.3,317.05,319.1,399032
2019-07-29,319.2,320.6,318.75,319.6,331518
2019-07-30,319.75,321.1,318.75,320.85,230910
2019-07-31,321.05,322.5,320.55,322.25,265788
2019-08-01,322,322.25,316.25,316.6,533458
2019-08-02,316.95,326.6,315.6,324.25,682648
2019-08-05,324.45,334,323.4,334,798694
2019-08-06,336.9,339.95,334.35,335.55,816194
2019-08-07,336,343.3,335.55,341.8,791646
2019-08-08,344.6,349.5,342.7,344.35,1077880
2019-08-09,343.4,347.75,342.65,345.9,589716
2019-08-12,345.6,347.95,343.95,344.25,585598
2019-08-13,346.65,352.9,346.1,352.3,706168
2019-08-14,351.55,352,340.05,342.95,1244366
2019-08-15,347,350.3,345.45,347.4,1055546
2019-08-16,346.9,350.9,346.7,347.75,779522
2019-08-19,346.6,348.1,344.85,346.4,722720
2019-08-20,344.5,345.85,344.05,344.75,387210
2019-08-21,346.3,347.25,345.2,345.35,395370
2019-08-22,346.1,347,345.55,346.45,304902
2019-08-23,345.6,347.45,345.4,346.25,344700
2019-08-26,347.5,360.2,347.5,358.25,1147984
2019-08-27,355.7,359.25,355.4,358.7,631176
2019-08-28,357.7,362.15,357.4,358.85,915220
2019-08-29,360,363.4,358.35,362.8,673124
2019-08-30,359.75,361.35,354.5,356.7,832864
2019-09-02,357,357.7,353.75,355.8,700888
2019-09-03,355.8,359.05,355.75,357.45,392124
2019-09-04,358.65,363.85,358.25,359,1084804
2019-09-05,359.45,362.9,359.05,360.9,736108
2019-09-06,358.1,359.15,348.55,349.2,1155934
2019-09-09,351.1,354.85,347,350.6,1061678
2019-09-10,351.4,351.9,343.45,344.85,776900
2019-09-11,345.5,347.85,344.3,345.95,632320
2019-09-12,345.85,346.65,344,346.15,471986
2019-09-16,346.2,347.65,345.4,346.25,226262
2019-09-17,345.9,346.8,344.05,344.95,387278
2019-09-18,346.95,347.8,345.65,346.5,392910
2019-09-19,346.9,348.6,343.3,346,506858
2019-09-20,347.15,347.5,345.7,346.7,282234
2019-09-23,346.5,352.1,345.85,350.3,462948
2019-09-24,351.65,353.45,351.25,352.05,402674
2019-09-25,352.05,355.4,350.35,353.85,583176
2019-09-26,353.6,354.45,347.5,349.55,584586
2019-09-27,349,350.4,345.6,346.35,423570
2019-09-30,345.75,348.3,342.85,345.05,493700
2019-10-08,343.9,345.8,343.8,344.5,130064
2019-10-09,348.1,349.9,347.35,349.5,396842
2019-10-10,348.45,350,346.6,347.7,374118
2019-10-11,347.3,347.7,343.45,345.85,400130
2019-10-14,341.85,342.85,338.55,340.7,613868
2019-10-15,341.75,343.1,341,341.65,279672
2019-10-16,342.1,342.5,338.9,340.2,376596
2019-10-17,342.45,343.15,340.85,342.7,300068
2019-10-18,341.6,343.1,341.35,342,297062
2019-10-21,341.85,342.4,340.7,341.75,277642
2019-10-22,341.7,342.55,339.4,340.45,291530
2019-10-23,340.75,342,339.75,341.95,234268
2019-10-24,341.75,342.35,341.1,341.5,206760
2019-10-25,341.65,345,341.45,344.65,417910
2019-10-28,346.65,347.75,342.9,344.6,403356
2019-10-29,342.9,343.45,340.65,340.9,347034
2019-10-30,340.85,341.5,339.2,340.55,342796
2019-10-31,340.95,341.85,340.05,341.1,317778
2019-11-01,343.4,344.85,343,344.05,330950
2019-11-04,343.35,345.3,343.1,343.7,265216
2019-11-05,344.25,344.45,341,341.4,204130
2019-11-06,339.75,339.9,335.3,336.55,389228
2019-11-07,336.5,338.9,336.05,338.35,213364
2019-11-08,335,335.95,328.85,332.1,387596
2019-11-11,329.65,332.45,329.2,331.5,259932
2019-11-12,331.65,331.75,327.6,328.3,236804
2019-11-13,329.25,332.15,327.8,331.85,220224
2019-11-14,332.4,333.05,331.35,332.7,185748
2019-11-15,333.65,334.7,331.55,331.9,166476
2019-11-18,331.8,332.75,331.65,332.05,103654
2019-11-19,330.6,334.65,330.5,334.05,151282
2019-11-20,334.85,336.85,333.9,336.5,206724
2019-11-21,336.2,337.35,334.6,336,216710
2019-11-22,335.5,335.85,333.65,334.95,219186
2019-11-25,335.7,336.05,332.45,332.65,224144
2019-11-26,332.55,333.2,330.65,332.35,206198
2019-11-27,332.35,333.7,331.15,333.15,226340
2019-11-28,332.8,332.85,331.45,332.05,184922
2019-11-29,332.35,333.5,332.2,333.1,80236
2019-12-02,332.5,335.55,331.85,333.5,180376
2019-12-03,333.2,335,333.2,334.2,268800
2019-12-04,337.15,340.75,336.85,340.4,401684
2019-12-05,338.9,339.9,337.25,338.75,273464
2019-12-06,337.85,339,336.15,336.4,241042
2019-12-09,336.85,337.75,332.95,333.6,294828
2019-12-10,334.36,334.54,333.38,333.9,102434
2019-12-11,335,335.06,333.66,334.12,144942
2019-12-12,334.86,336.46,334.44,336.02,131188
2019-12-13,336.72,339.32,330.44,331.76,352310
2019-12-16,333.14,336.18,330.92,335.32,305166
2019-12-17,335.46,335.94,334.3,335.14,110102
2019-12-18,335.5,335.76,334.48,335.6,99762
2019-12-19,335.22,335.78,333.9,335.18,131902
2019-12-20,334.84,336.26,334.8,336.08,106442
2019-12-23,335.88,337.88,334.9,337.18,139204
2019-12-24,336.82,339.08,336.58,338.68,112772
2019-12-25,338.52,341.28,338.52,340.62,109160
2019-12-26,340.48,341.48,339.52,340.92,69598
2019-12-27,345.04,346.74,344.54,345.3,198500
2019-12-30,345.92,346.56,345.12,345.46,128800
2019-12-31,345.4,347.94,344.7,347.48,197576
2020-01-02,346,346.58,345.44,346.24,41087
2020-01-03,346.82,351.96,346.58,351.16,144392
2020-01-06,352.3,359.82,350.72,358.34,185964
2020-01-07,358.58,358.92,353.22,354.94,200630
2020-01-08,354.6,364.44,354.52,360.68,253483
2020-01-09,356.66,357.32,346.82,348.04,291906
2020-01-10,350.7,350.86,348.56,349.3,144194
2020-01-13,349.48,351.48,348.4,349.42,173686
2020-01-14,348.9,349.16,342.9,344.7,144966
2020-01-15,345.7,348.68,345.16,347.54,123625
2020-01-16,347.68,349.28,346.82,347.96,127605
2020-01-17,348.5,348.5,346.32,347.78,108652
2020-01-20,347.98,348.54,346.94,347.94,96285
2020-01-21,348.52,351.82,347.92,351.34,86646
2020-01-22,349.48,349.8,346.66,348.32,132216
2020-01-23,348.88,351.24,348.66,350.72,81197
2020-02-03,359.18,360.5,357.2,359.3,78891
2020-02-04,359.18,359.44,356.06,356.2,74093
2020-02-05,352.36,354.96,352.14,354.22,61136
2020-02-06,352.3,352.78,350.52,352.4,61641
2020-02-07,355.28,355.62,353.72,354.3,48697
2020-02-10,357.36,357.62,355.36,355.56,50977
2020-02-11,355.76,355.88,354.42,354.6,42388
2020-02-12,354.64,354.64,353.08,354,43088
2020-02-13,355.6,356.96,355,356.52,54165
2020-02-14,357.22,357.5,356.1,356.78,47751
2020-02-17,358.04,358.76,357.66,357.9,50160
2020-02-18,359.46,359.96,359,359.68,54774
2020-02-19,363.06,364.58,363,364.06,77534
2020-02-20,365.16,366.92,364.28,365.06,85991
2020-02-21,368.96,372.3,368.78,371.9,103882
2020-02-24,379.12,380.78,377.76,379.7,129984
2020-02-25,374.64,377.16,370.3,371.74,173863
2020-02-26,373.18,374.78,371.96,374.26,116955
2020-02-27,373.88,375.68,373.62,374.3,101033
2020-02-28,373.34,373.96,355.96,369.98,183765
2020-03-02,360,362.88,358.48,361.24,175575
2020-03-03,358.72,361,358.5,360.26,91148
2020-03-04,369.5,371,367.78,368.54,118360
2020-03-05,366.92,368.8,366.88,368.62,55414
2020-03-06,375.38,377.96,374.66,376.08,134667
2020-03-09,381.1,381.12,370.64,373.42,237196
2020-03-10,371.66,373.26,366.74,368.64,150891
2020-03-11,368.98,371.56,368.9,371.22,99485
2020-03-12,368,369.96,365.6,367.26,156119
2020-03-13,355,357.96,349.1,356.4,238963
2020-03-16,348.5,349.3,342.92,347.18,193447
2020-03-17,341,341,330.12,330.88,240329
2020-03-18,342,344.78,336.6,339.08,193627
2020-03-19,335.58,337.42,330.74,336.62,179984
2020-03-20,335.82,341.62,335.56,339.78,165573
2020-03-23,340,341,336.96,339.62,121073
2020-03-24,359.5,359.5,354.7,358.46,161343
2020-03-25,376,376.2,363,364.4,157599
2020-03-26,363,364.94,361.88,363.34,96202
2020-03-27,365.08,368.48,364.8,367.58,97213
2020-03-30,367.88,368,363.12,364.7,106739
2020-03-31,363.9,365.28,363.4,364.9,58917
2020-04-01,357,359.76,355.8,358.62,79674
2020-04-02,358.64,360.96,357.86,360.7,66157
2020-04-03,364,365.18,362.7,363.48,57865
2020-04-07,376.98,378,373.26,373.88,99615
2020-04-08,367.9,371.54,367,370.2,61625
2020-04-09,370.5,371.66,370,371.46,42627
2020-04-10,376.44,376.48,372.88,373.74,44336
2020-04-13,374.94,375.22,371.8,373.26,75011
2020-04-14,375.28,380,374.38,377.6,122938
2020-04-15,377.16,379.34,376.06,376.32,85028
2020-04-16,376.52,380.42,374.16,379.38,88382
2020-04-17,376.52,377.7,369.08,372.18,136448
2020-04-20,367.2,371.6,366.2,370.8,93426
2020-04-21,372.5,374.66,372.12,374.42,76518
2020-04-22,373,374.96,371.82,373.18,82597
2020-04-23,378.52,381.46,377.72,379.8,103203
2020-04-24,379.96,383.24,379.3,382.78,88675
2020-04-27,381,382.3,379.7,380.14,83253
2020-04-28,379,379.06,375.06,377.1,86653
2020-04-29,377.38,379.58,377.38,378.74,59792
2020-04-30,379.8,380.82,377.84,380.28,61419
2020-05-06,377.54,380.8,377.52,380.08,61232
2020-05-07,379.16,379.44,377.52,378.18,122800
2020-05-08,379.48,384.32,378.96,383.38,140961
2020-05-11,381.8,383.28,380.06,381.74,128624
2020-05-12,382.5,382.5,379.56,380.88,85711
2020-05-13,380.66,382.8,380.34,381.86,78816
2020-05-14,382.82,385.2,381.6,384.46,109731
2020-05-15,384.94,390.9,383.9,390.16,120787
2020-05-18,394.22,402.3,391.88,401.16,202819
2020-05-19,398,398.76,392.94,394.5,213814
2020-05-20,395.1,399.8,395.1,398.72,152314
2020-05-21,397.4,399.32,394.42,395.06,153227
2020-05-22,395.28,395.5,390.08,394.38,203925
2020-05-25,395.3,395.88,392.54,393.54,144174
2020-05-26,394,396.76,392.82,395.34,123499
2020-05-27,394.4,394.98,390.44,391.2,182530
2020-05-28,389.48,395.18,387.4,394.18,214096
2020-05-29,394.5,395.56,391.72,394.42,165185
2020-06-01,396.32,399.06,395.52,398,185111
2020-06-02,396.86,398.22,395.6,396.96,138863
2020-06-03,397.02,398,392,393.04,197672
2020-06-04,389.5,391.44,387.54,389.74,211254
2020-06-05,392.86,393.3,389.5,390.18,181803
2020-06-08,385,386.96,382.28,386.28,204656
2020-06-09,385.3,387.66,384.34,386.3,140352
2020-06-10,390.4,390.92,389.66,390.4,121743
2020-06-11,391.2,393.88,388.26,393.7,174613
2020-06-12,393.2,395.7,392,393.62,189929
2020-06-15,394.78,395.5,391.5,392.54,171433
2020-06-16,388.6,393.58,388.18,392.4,169341
2020-06-17,392.52,393.46,390.54,392.86,167628
2020-06-18,391.5,393.12,391.32,392.18,109230
2020-06-19,391.7,393.64,390.96,392.94,117755
2020-06-22,393.98,399.2,393.26,397.5,187422
2020-06-23,398.6,398.66,396,396.96,175086
2020-06-24,398.14,400.74,397.76,400.06,173695
2020-06-29,400.96,402,399.48,400.14,63418
2020-06-30,399.4,400.86,399.36,400.72,99003
2020-07-01,399.94,403.54,399.72,403.1,161601
2020-07-02,401.74,401.96,397.78,399.06,213881
2020-07-03,397.8,401.3,397.08,400.54,142143
2020-07-06,400.78,400.98,398.8,399.66,79327
2020-07-07,401,401.28,399.7,400.32,93432
2020-07-08,399.04,402.92,399.02,402.36,133731
2020-07-09,404.1,406.3,403.8,404.94,156716
2020-07-10,404.5,405.06,401.1,401.88,168807
2020-07-13,403.9,404.24,401.5,403.74,132904
2020-07-14,404,405.16,401.52,403.02,126903
2020-07-15,403.34,404.96,402.02,403.62,131170
2020-07-16,403.16,404.18,401.6,402.12,134444
2020-07-17,401.7,402.52,398.16,399.76,125658
2020-07-20,401.02,401.84,400.08,401.78,97008
2020-07-21,402.98,405.04,402.14,404.54,117223
2020-07-22,407.6,418.8,406.38,414.22,287998
2020-07-23,412.94,417,410.02,416.52,248556
2020-07-24,416.04,421.4,415.36,420.4,258059
2020-07-27,422.4,435,422.1,430.06,331972
2020-07-28,429.76,440.08,426.5,429.94,460734
2020-07-29,428.78,432.8,425.76,431.38,283360
2020-07-30,432,432.92,426.52,428.94,238891
2020-07-31,427,433.52,424.84,432.86,287925
2020-08-03,432.66,433.18,429.1,431.4,204419
2020-08-04,430.62,433.36,430.08,431.96,142798
2020-08-05,431.96,445.2,431.9,444.06,381406
2020-08-06,444.02,448.24,441,447.56,305325
2020-08-07,448.1,454.08,447.94,449.72,320402
2020-08-10,450.9,451.4,442.5,446.38,290951
2020-08-11,446.88,449.44,434.38,436.94,311559
2020-08-12,427.02,427.54,417.16,417.16,277064
2020-08-13,418.26,419.7,415.02,416.74,285203
2020-08-14,416.94,428.96,416.62,420.3,368224
2020-08-17,421.7,425.8,419.18,424.44,288643
2020-08-18,425.66,434.92,425.66,433.94,348375
2020-08-19,436.44,437.06,425.68,429.16,403441
2020-08-20,430.66,431.1,416.08,418.28,433563
2020-08-21,417,420.88,414.8,419.48,309753
2020-08-24,416.3,417.56,412.18,415.54,326923
2020-08-25,419,423.5,415.1,416.5,231252
2020-08-26,415.76,417.36,414.6,415.66,205680
2020-08-27,414.34,422.08,414.1,420.54,320475
2020-08-28,420.28,426.46,414.6,420.4,430007
2020-08-31,421.88,425,421.04,422.68,274835
2020-09-01,422.92,427.82,422.42,426.98,251530
2020-09-02,427.42,428.04,421.9,422.6,263522
2020-09-03,423.08,423.16,414.44,415.3,317316
2020-09-04,416,418.84,413.58,416.54,326578
2020-09-07,415,418.5,413.44,416.36,289410
2020-09-08,415.84,417.44,414.5,416.56,155836
2020-09-09,413.88,419.5,411,416.5,337511
2020-09-10,417.74,420.48,417.4,419.46,221436
2020-09-11,421.76,422.9,416.58,418.34,253280
2020-09-14,418.46,420.34,417.4,418.44,163104
2020-09-15,419.98,420.88,418.7,419.8,171699
2020-09-16,420,420.44,416.6,418.64,180576
2020-09-17,419,420.1,414.16,415.62,234764
2020-09-18,415.44,417.28,412.8,416.92,182221
2020-09-21,416.6,419.58,415.64,417.04,164172
2020-09-22,413.46,414.46,393.26,407.58,475584
2020-09-23,408.4,409.58,399.58,400.9,317889
2020-09-24,401.44,403.9,395.18,396.58,314778
2020-09-25,397.48,401.48,396.34,401.06,243866
2020-09-28,399.22,402,398.18,400.14,184483
2020-09-29,401.46,406.06,401.32,405.9,175770
2020-09-30,406.1,408,405.16,406.1,137965
2020-10-09,404.4,407,404.02,405.36,71362
2020-10-12,407.38,411.6,406.94,410.02,175001
2020-10-13,410.86,411.24,407.84,408.54,141066
2020-10-14,407.28,407.28,400.64,404.04,193310
2020-10-15,405.98,406.66,401.5,403.62,146674
2020-10-16,402.6,406.22,402.26,404.98,151010
2020-10-19,404.22,405.66,402.02,404.9,155500
2020-10-20,405.1,405.36,401.86,403.58,136216
2020-10-21,403.9,406.28,402.62,404.66,151406
2020-10-22,406.4,407.44,403.58,404.86,153265
2020-10-23,403.88,404.36,401.3,403.58,145253
2020-10-26,403.58,404.1,400.28,401.56,167714
2020-10-27,402.86,405.5,402.84,405.3,151696
2020-10-28,404.8,406.52,404.36,405.36,120494
2020-10-29,401.04,401.3,398.26,399.78,212188
2020-10-30,396.88,399.5,394.92,397.1,198494
2020-11-02,399.88,401.12,397.78,400.68,151267
2020-11-03,401.2,402.96,400.56,402.6,109941
2020-11-04,403.6,405.88,402.98,404.28,165806
2020-11-05,404.16,404.7,399.22,404.22,146502
2020-11-06,406.04,410.68,405.52,408.3,188202
2020-11-09,409,410.96,406.98,407.42,165871
2020-11-10,399.6,399.8,391.5,396.54,258061
2020-11-11,395.18,396.2,394.2,395.64,105185
2020-11-12,394.64,395.62,392,394.98,133699
2020-11-13,395.06,397,394.6,396.88,102837
2020-11-16,397.5,399.76,396.22,396.64,105185
2020-11-17,394.7,398.26,393.72,396.18,104315
2020-11-18,396.04,397.26,392.72,393.64,87655
2020-11-19,392.04,395.36,390.4,392,96342
2020-11-20,392,392.7,390.26,392.18,92438
2020-11-23,392.18,394.18,391.6,392.8,80667
2020-11-24,392.08,392.12,382.02,383.32,139196
2020-11-25,380.04,380.74,378,379.24,94687
2020-11-26,380.54,381.08,378.16,380.22,50264
2020-11-27,381.24,381.9,379.76,381.14,87027
2020-11-30,380.28,380.78,368.28,371.34,197649
2020-12-01,369.78,375.08,369.46,374.2,123297
2020-12-02,378.2,380.36,377.46,379.64,137644
2020-12-03,380.88,384.28,379.2,383.7,127570
2020-12-04,384.7,385.44,380.78,384.46,121286
2020-12-07,384,384.94,381.36,383.38,134348
2020-12-08,382.22,390.18,381.8,389.18,146198
2020-12-09,388.78,390.82,386.16,387,117553
2020-12-10,386.72,388.08,382.38,383.26,128810
2020-12-11,383.22,386.66,382.2,382.78,118041
2020-12-14,383.26,386.14,382.06,382.82,117407
2020-12-15,381,385.94,380.46,385.66,118340
2020-12-16,386.12,389.06,385.76,388.4,103926
2020-12-17,387.98,391.22,386.32,390.5,109335
2020-12-18,392.94,395.48,391.44,393.58,129844
2020-12-21,393.96,400.8,392,398.36,133771
2020-12-22,394.96,395.58,392.14,392.76,135335
2020-12-23,393.06,395.14,390.74,391.44,121551
2020-12-24,390.5,394.32,390.26,393.04,103777
2020-12-25,393,395.24,391.26,395,91966
2020-12-28,395,399.2,387.96,395.78,96263
2020-12-29,394.4,398.44,393.38,393.86,160917
2020-12-30,394.16,395.28,392.14,393.7,111318
2020-12-31,393.4,397.68,392.64,394.98,117553
2021-01-04,398.98,400.8,398.9,400.04,57526
2021-01-05,401.88,404.6,401,402.32,120443
2021-01-06,404,404.96,401.66,402.88,111744
2021-01-07,400.2,402.6,394,399.06,144477
2021-01-08,398.54,399,395.5,396.06,95356
2021-01-11,392.54,392.84,378.2,385,161329
2021-01-12,384.36,387.74,381.72,387.42,90144
2021-01-13,387.54,388.68,384.02,387.54,80959
2021-01-14,387.18,388.96,383,385.3,62634
2021-01-15,386.5,390.18,385.84,387.9,97553
2021-01-18,387.98,388.78,382.08,386.82,131706
2021-01-19,387.16,388.56,386.2,387.72,70338
2021-01-20,386.4,389.52,385.26,388.82,93863
2021-01-21,387.22,392.96,384.78,392.72,147688
2021-01-22,391.36,391.94,389.52,390.9,108894
2021-01-25,388,391.8,386.58,389,116924
2021-01-26,391.54,392.58,388.34,390.14,118060
2021-01-27,390.04,390.5,386.18,387.94,111222
2021-01-28,386.8,389.6,385.4,386.3,130181
2021-01-29,386.56,390.82,384.2,388.34,172434
2021-02-01,390.38,393.42,386.74,392.64,246138
2021-02-02,393,394.18,388.82,389.5,174280
2021-02-03,387.36,387.36,383.46,385.1,180738
2021-02-04,384.76,385.76,379.68,382.26,153568
2021-02-05,381.3,381.5,375.04,377.86,183350
2021-02-08,378.8,381.56,376.46,381,155550
2021-02-09,382.56,385.84,381.5,385.6,117629
2021-02-10,385.16,386.44,383.12,385.66,99733
2021-02-18,374.98,374.98,372.44,374.18,70603
2021-02-19,374.5,376.46,370.64,372.46,162778
2021-02-22,372.7,377.82,372.1,376.66,176649
2021-02-23,377.1,381.88,377.1,380.66,147001
2021-02-24,380.66,380.92,377.08,379.6,132126
2021-02-25,378.62,379.12,373.8,375.94,184423
2021-02-26,374.06,375.18,368.5,369.5,234128
2021-03-01,369.02,370.84,360.2,367.94,271417
2021-03-02,365,366.34,358.44,361.74,205450
2021-03-03,364.2,365,361.66,363.5,141168
2021-03-04,362.02,362.14,357.26,360.34,209010
2021-03-05,360.76,361.84,354.58,356.6,207121
2021-03-08,357.72,361.98,355.74,360.36,179040
2021-03-09,358.64,359.5,355.42,359.04,150596
2021-03-10,360.54,364.86,360.38,362.9,172143
2021-03-11,362.28,366.96,362.16,365.88,146580
2021-03-12,366.12,366.3,360.4,360.76,151813
2021-03-15,360.12,366.16,358.5,363.86,158017
2021-03-16,365.22,366.22,363.2,364.56,117957
2021-03-17,365,367.56,364.62,366.2,126259
2021-03-18,365.1,369.96,363.6,369.24,157390
2021-03-19,365.8,368.68,363.02,367.66,169281
2021-03-22,367.22,368.36,365.02,365.7,143322
2021-03-23,365.8,367.5,364.9,366.8,102751
2021-03-24,367,367.36,364.12,366.24,131233
2021-03-25,366.54,368.72,365.78,367.22,105658
2021-03-26,366.5,370.6,365.12,366.24,176151
2021-03-29,365.88,368.4,365.36,366.44,117453
2021-03-30,366.58,367.22,361.32,361.5,172559
2021-03-31,357.62,358.84,355.88,357.38,152998
2021-04-01,357.46,365.52,357.36,364.98,168693
2021-04-02,365.8,370,365.64,369.98,133687
2021-04-06,367.38,369.18,366.5,367.3,63847
2021-04-07,368.36,370.2,367.9,369.1,115028
2021-04-08,368.92,371.5,367.5,370.08,134886
2021-04-09,370.88,373.96,370.88,371.96,152545
2021-04-12,369.72,370.96,367.76,369.18,148270
2021-04-13,369.02,369.02,365.54,365.8,137766
2021-04-14,367.88,370.56,367.88,369.54,128655
2021-04-15,369.38,369.6,366.3,369.54,142833
2021-04-16,369.12,374.08,368.92,372.86,152801
2021-04-19,376.5,377.36,374.4,375.5,140592
2021-04-20,374.2,374.48,371.42,372.1,128949
2021-04-21,372.16,376.06,371.58,375.98,129375
2021-04-22,375.58,378.1,375.02,376.1,140171
2021-04-23,374.98,376.16,373.7,375.2,132908
2021-04-26,376.7,377.48,371.9,373.14,162815
2021-04-27,373.1,374.48,372.02,373.48,121133
2021-04-28,374.1,375.04,370.86,371.4,151022
2021-04-29,371.42,375.18,370.7,372.68,138559
2021-04-30,373.18,373.18,367.82,370.76,156690
2021-05-06,373.5,376.66,373.08,376.28,69253
2021-05-07,376.28,381.22,375.48,380.4,156474
2021-05-10,383.8,384.22,380.36,381.76,161755
2021-05-11,382.68,383.34,380.56,381.54,126642
2021-05-12,380,382.6,378.36,382.44,136685
2021-05-13,383.5,384.44,379.5,380.68,154721
2021-05-14,379.8,383.48,379.64,382.96,135687
2021-05-17,383.42,388.5,382.96,387.3,134116
2021-05-18,385.82,391.64,385.6,389.96,153390
2021-05-19,390,390.54,387.72,390.3,131065
2021-05-20,390.3,393.98,388,390.4,186338
2021-05-21,390.18,393,389.54,390.4,113414
2021-05-24,393.52,393.88,389.16,391.66,139920
2021-05-25,391.26,391.38,387.82,389.82,116372
2021-05-26,389.86,394.88,388.96,393.4,111268
2021-05-27,394,394.16,389.78,390.96,59720
2021-05-28,394.42,394.42,391.1,391.38,144120
2021-05-31,392.28,395.58,391.76,394.38,150667
2021-06-01,394.56,397.28,393.68,396.9,110920
2021-06-02,396.9,397.12,389.1,389.98,178012
2021-06-03,390.96,392.42,386.74,387.5,142308
2021-06-04,382.74,384.6,370.1,382.62,212575
2021-06-07,385.88,386.94,384.14,385.32,120489
2021-06-08,385.5,390.78,385.4,387.9,108998
2021-06-09,387.46,388.8,385.96,387.7,93176
2021-06-10,388.22,389.16,384.88,386.46,117279
2021-06-11,387.94,391.32,387.28,389.92,107043
2021-06-15,383.46,384.88,380.12,382.66,87850
2021-06-16,382.08,383.4,379.72,382.24,101316
2021-06-17,381.84,384,374.38,375.66,149885
2021-06-18,370.22,372.5,369.5,371.62,167921
2021-06-21,370.92,372.3,368.7,371.94,161977
2021-06-22,371.28,374.66,371.12,373.44,122215
2021-06-23,371.98,374.42,371.58,374.02,76440
2021-06-24,373.88,376.16,371.8,371.94,117978
2021-06-25,373,373.9,370.5,371.4,99429
2021-06-28,372.44,373.62,369.62,372.16,125440
2021-06-29,371.88,372.64,370.42,370.8,86764
2021-06-30,367.46,369.54,366.12,367.5,128592
2021-07-01,367.5,372.38,366.76,371.78,122028
2021-07-02,371.8,373.2,370.12,372.64,103477
2021-07-05,374.6,375.98,372.64,373.88,133466
2021-07-06,374.5,377.8,372.28,377.46,91273
2021-07-07,378.38,379.02,375.38,377.3,145870
2021-07-08,377.3,378.44,376.06,376.62,122603
2021-07-09,380,380.76,376.18,377.78,147647
2021-07-12,378.08,379.96,376.5,377,108697
2021-07-13,377.18,379.14,374.98,378.8,117478
2021-07-14,377.28,380.06,376.82,379.5,120729
2021-07-15,381.5,382.66,379.96,382.48,115976
2021-07-16,381.28,383.08,380.08,381.48,103066
2021-07-19,381.48,382.3,377.8,377.84,141541
2021-07-20,379.52,381.38,378.12,380.68,124603
2021-07-21,382.52,382.54,377.54,379.28,147174
2021-07-22,376.5,377.6,375.66,376.3,130983
2021-07-23,376.52,378.28,375.16,378.02,111409
2021-07-26,377.26,379.54,376,379.04,111773
2021-07-27,378.54,378.54,375.36,375.84,110121
2021-07-28,378.6,380.66,377.52,379.9,142958
2021-07-29,378.7,381.8,377.24,381.16,127838
2021-07-30,381.9,383.12,381.22,382.5,105481
2021-08-02,381.4,382.1,377.6,377.84,139682
2021-08-03,377.44,380.1,377.32,377.82,98232
2021-08-04,378.5,379.12,377.9,378.66,81068
2021-08-05,381.26,382.36,377,378.04,151677
2021-08-06,377.78,378.38,375.6,375.9,117978
2021-08-09,371.52,371.64,362.1,365.6,216464
2021-08-10,364.88,365.94,362.16,363.92,140271
2021-08-11,362.82,364.18,360.8,363.52,128875
2021-08-12,365.3,367.8,364.58,367.16,125076
2021-08-13,366.34,368.48,365.12,368.04,101361
2021-08-16,369,372.98,369,371.24,123664
2021-08-17,372.02,375.46,371.84,375.02,106219
2021-08-18,374.46,375.72,373.14,375.4,116885
2021-08-19,374.9,375.14,372.2,374.28,132639
2021-08-20,374.88,376.16,372.7,375.5,115068
2021-08-23,374.52,375.34,372.34,374.88,131472
2021-08-24,377.22,378.44,376.24,377.68,130830
2021-08-25,378.4,378.72,375.18,375.54,117951
2021-08-26,376.18,376.36,373.38,373.96,131542
2021-08-27,373.42,378.5,372.1,377.78,150179
2021-08-30,377.08,381.16,374.5,379.04,203739
2021-08-31,378.86,379.68,377.44,378.84,101798
2021-09-01,377.44,379.4,375.88,379.12,137823
2021-09-02,379.64,380.82,377.36,378.92,104293
2021-09-03,378.48,378.88,376.56,378.54,102387
2021-09-06,379.88,382.04,378.88,380.96,143744
2021-09-07,380.4,381.24,378.84,379.42,78036
2021-09-08,378.04,379.26,374.22,374.96,167842
2021-09-09,374.96,375.36,371.88,373.2,127951
2021-09-10,373.52,375.68,372,375.5,132367
2021-09-13,373.08,374.16,371.6,373.3,127658
2021-09-14,372.86,375,372.46,373.82,98133
2021-09-15,374.14,376.58,372.92,374.82,130531
2021-09-16,374.1,374.46,370.94,371.76,133143
2021-09-17,367.24,368.3,364.28,367.86,154250
2021-09-22,371.08,373.18,371.08,372.52,57035
2021-09-23,371.66,373.92,368.64,369.26,109003
2021-09-24,368.28,368.94,365.2,366.78,137054
2021-09-27,365.78,368.38,364.4,367.86,118307
2021-09-28,367.2,368.14,363.94,364.22,112198
2021-09-29,362.6,367.08,362.4,364.48,129797
2021-09-30,364.26,364.64,361.76,362.78,140055
2021-10-08,366.78,368.28,365.6,367.54,56683
2021-10-11,370.88,372.2,365.98,366.16,140192
2021-10-12,366.16,368.62,365.92,368.22,83906
2021-10-13,367.4,369.58,367.02,368.1,102254
2021-10-14,367.44,373.9,366.78,373.24,181822
2021-10-15,375,375.6,372.3,372.58,93779
2021-10-18,368.72,369.98,366.86,367.58,138360
2021-10-19,367,368.78,366.88,368.76,94492
2021-10-20,368.5,369.18,364.94,367.66,137498
2021-10-21,370.06,370.2,367.6,369.54,122282
2021-10-22,369.18,371.32,368.08,371.08,101225
2021-10-25,372.94,374.38,368.44,370.14,182657
2021-10-26,372,372.8,371.36,371.64,94982
2021-10-27,371,371.18,367,368.92,149465
2021-10-28,369.58,372.88,368.16,372.56,146203
2021-10-29,371.68,373.96,370.04,370.48,140767
2021-11-01,368.1,369.9,367,368.78,121484
2021-11-02,369.78,371.68,369.28,371.26,91075
2021-11-03,370.5,371.06,367.66,368.04,97502
2021-11-04,367.24,367.78,364.12,366.58,118253
2021-11-05,370.18,372,369.9,371.74,109957
2021-11-08,371.06,377.7,370.7,375.9,151422
2021-11-09,375.96,377.8,375.58,377.46,94669
2021-11-10,377.26,378.5,376.08,377.46,101229
2021-11-11,377.48,386,376.36,383.36,187007
2021-11-12,384.12,385.3,383.12,383.6,105561
2021-11-15,381.88,385.16,381.56,382.2,124417
2021-11-16,383.18,385.18,382.92,384.02,98838
2021-11-17,386,387.54,381.2,382.26,139112
2021-11-18,383.8,384.92,382.76,383.54,88262
2021-11-19,384.08,384.46,381.8,382.74,91448
2021-11-22,383.46,384.72,378.8,379.14,117269
2021-11-23,378.48,379.06,371.58,371.78,144230
2021-11-24,370.02,370.28,367.88,369.76,106780
2021-11-25,368.26,370.2,367.42,369.78,81274
2021-11-26,370.16,373.14,369.36,372.7,95881
2021-11-29,373.4,374.62,369.08,371.42,197528
2021-11-30,371.2,371.26,368.32,370.24,146617
2021-12-01,370.12,372.82,365.64,368.74,247908
2021-12-02,368.76,369.38,366.26,367,156382
2021-12-03,367.4,367.68,364.24,365.92,163294
2021-12-06,366.18,369.08,364.9,368.68,174000
2021-12-07,368,368.8,367.08,367.88,95419
2021-12-08,368.28,368.94,365.88,368.28,120371
2021-12-09,367.28,367.5,366.02,366.72,108535
2021-12-10,366.66,368.36,365.1,365.62,140358
2021-12-13,366.18,369.72,365.9,368.14,150454
2021-12-14,369.42,369.42,367.6,368.52,93707
2021-12-15,367.98,368.16,363.5,364.36,154840
2021-12-16,365,368.1,363.7,368.08,126793
2021-12-17,368,372.96,367.9,372.78,169339
2021-12-20,374.06,374.76,371.8,372.34,116091
2021-12-21,371.7,371.9,369.26,369.72,105785
2021-12-22,371.2,371.8,368.68,368.9,103517
2021-12-23,370.1,373.24,369.2,372.78,106970
2021-12-24,372.68,373.96,371.18,373.56,99060
2021-12-27,373.6,374.46,372.42,373.44,52289
2021-12-28,372.96,374.6,371.74,374.54,81814
2021-12-29,374.7,375.4,371.82,372.58,90308
2021-12-30,370.16,372.3,369.16,370.82,102795
2021-12-31,372.14,375.28,371.06,374.7,94384
2022-01-04,372,372.76,371.52,371.74,40002
2022-01-05,371.3,373.9,370.74,373.1,74806
2022-01-06,373.76,376.04,369.92,370.64,96308
2022-01-07,369,369.84,368.02,368.14,87693
2022-01-10,368.3,369.76,367.12,368.56,89563
2022-01-11,368.6,372.34,368.28,371.94,74589
2022-01-12,371.72,374.6,370.92,373.92,63261
2022-01-13,373.98,375.4,373.54,374.92,65685
2022-01-14,374.68,375.04,372.2,374.58,59010
2022-01-17,373.56,374.68,371.5,372.52,61879
2022-01-18,372.42,373.04,371.36,371.76,28301
2022-01-19,373.5,374.86,371.8,373.06,100350
2022-01-20,373.72,378.9,373.7,378.4,124632
2022-01-21,378.42,379.78,377.52,378.22,96909
2022-01-24,377.14,378.84,376.4,377.2,93706
2022-01-25,377.44,378.46,375.6,377.92,103475
2022-01-26,377.7,380.2,377.42,378.58,107028
2022-01-27,378.5,378.8,371.3,371.58,139154
2022-01-28,371.72,372.56,369.36,370.1,105630
2022-02-07,372.76,373.08,371.9,372.14,38735
2022-02-08,372.82,375.34,372.82,374.8,69580
2022-02-09,374.52,376.82,374.52,376.58,65610
2022-02-10,376.48,377.92,375.68,377.4,73162
2022-02-11,377.12,378.5,374.92,375.24,123704
2022-02-14,376.48,383.24,375.24,381.7,129559
2022-02-15,381.94,385.92,381.24,385.58,135442
2022-02-16,379.5,380.2,378.22,379.84,120792
2022-02-17,379.5,384.16,379.16,383.54,103142
2022-02-18,385.6,388.3,385.56,386.64,152353
2022-02-21,386.88,388.8,385.74,386,133179
2022-02-22,387.62,391.42,386.8,390.72,103148
2022-02-23,387.9,389.04,386.6,387.58,108472
2022-02-24,386.72,397.36,386.72,396.04,169790
2022-02-25,400.24,401.58,389,391.42,267276
2022-02-28,387.02,392.38,384.46,389.02,199335
2022-03-01,389.02,391.12,385.72,389.14,161636
2022-03-02,390.9,395.06,389.88,394.5,204677
2022-03-03,392.6,394.52,390.94,393.2,178150
2022-03-04,393.6,397.08,392.42,394.64,178195
2022-03-07,396.2,406.54,395.32,403.3,246146
2022-03-08,402.6,412.84,398.38,412.2,248842
2022-03-09,409.5,420.74,407.8,417.16,338749
2022-03-10,408.32,409.04,399.68,404,267975
2022-03-11,407.46,408.82,403.54,404.78,186460
2022-03-14,402.36,406.48,400.2,402.5,193134
2022-03-15,400.28,401.06,393.04,394.46,169348
2022-03-16,393.3,394.92,390.7,391.04,154667
2022-03-17,392,396.26,388.5,395.44,160425
2022-03-18,396.38,398.58,395.32,395.9,124890
2022-03-21,396.88,396.98,393.74,394.76,121955
2022-03-22,394.88,398.06,393.22,397.16,104039
2022-03-23,396.18,396.18,392.78,394.76,108928
2022-03-24,396.5,400.96,396.3,399.02,111485
2022-03-25,400.32,403.7,399.82,401.7,131539
2022-03-28,401.5,403.04,397.46,397.68,135966
2022-03-29,398.34,399.16,394.76,395.54,97191
2022-03-30,390,395.54,388.8,394.74,141284
2022-03-31,394.96,397.2,392.6,394.34,101336
2022-04-01,395.88,398.28,395.08,396.26,106554
2022-04-06,394.1,395.74,393.48,394.5,46276
2022-04-07,395.18,395.96,393.5,394.94,86765
2022-04-08,395.3,397.32,395.3,396.04,95198
2022-04-11,396.72,400.18,396.46,399.6,128916
2022-04-12,403.44,403.5,398.78,401.78,125403
2022-04-13,404.34,404.74,402.02,403.7,134210
2022-04-14,405.7,406.08,403.92,404.32,96536
2022-04-15,404.96,406.28,402.78,405.82,113478
2022-04-18,405.82,408.46,404.92,408.02,73708
2022-04-19,408.5,409.04,404.56,405.1,106332
2022-04-20,404.46,405.24,399.32,400.06,161069
2022-04-21,402.44,405.16,401.76,405.06,102896
2022-04-22,404.16,407.16,402.7,406.8,125149
2022-04-25,405.66,407.78,403.48,404.42,181631
2022-04-26,399.88,402.56,399.6,401.3,153998
2022-04-27,401,403.2,400.78,400.9,128668
2022-04-28,400.8,401.1,397.66,400.82,152938
2022-04-29,401.52,407.06,401.32,405.82,136855
2022-05-05,402.78,405.04,402.36,404.52,49351
2022-05-06,406.54,406.88,401.2,403.6,145835
2022-05-09,404.22,406.58,403.44,405.36,114119
2022-05-10,403.56,405.76,402.04,402.3,129279
2022-05-11,403.58,404.16,398.08,399.94,128547
2022-05-12,399.94,404.58,399.62,404.24,130086
2022-05-13,403.2,404.34,399.22,399.66,126324
2022-05-16,396.62,398.06,394.82,395.84,132666
2022-05-17,396.1,398.44,394.56,397.98,97417
2022-05-18,396.98,396.98,393.04,393.32,94759
2022-05-19,393.48,396.36,393.3,394.96,84776
2022-05-20,398.42,398.94,396.48,397.18,97174
2022-05-23,396.7,399.08,394.82,397.16,85395
2022-05-24,397.6,398.48,395.8,398.08,65760
2022-05-25,399.08,400,398.46,398.84,68038
2022-05-26,399.22,400.58,397.8,400.36,60911
2022-05-27,399.98,402.34,399.78,402.14,43290
2022-05-30,401.68,402.22,399.56,399.92,90840
2022-05-31,399.3,400.56,397.92,399.04,68298
2022-06-01,398.58,399.54,395,396.36,95514
2022-06-02,397.68,399.78,396.78,398.98,90356
2022-06-06,397.28,398.6,397.08,398,24065
2022-06-07,397.28,397.46,395.16,396,67655
2022-06-08,397.18,398.76,396.9,398.02,66358
2022-06-09,399.46,400.5,398.72,398.82,60238
2022-06-10,398.74,399.12,397.14,397.54,65595
2022-06-13,397.72,406.12,396.46,404.22,162941
2022-06-14,401,402.22,396.3,396.9,135012
2022-06-15,395.86,396,393.52,394.46,104836
2022-06-16,396.22,397.12,393.32,395.76,101969
2022-06-17,395.48,398.8,395.28,398.58,102250
2022-06-20,399.68,400.1,396.72,397,92530
2022-06-21,396.36,397.46,396.04,396.26,48969
2022-06-22,396.74,397.76,395.16,396.2,75377
2022-06-23,398.44,399.2,396.3,396.7,85445
2022-06-24,396.9,398.44,393.02,393.64,114804
2022-06-27,393.44,396.36,392.46,396.32,81461
2022-06-28,395.2,396,393.1,393.86,91042
2022-06-29,394.38,395.24,393.14,393.34,68553
2022-06-30,395.38,395.78,392.26,392.7,87446
2022-07-01,393.9,394.36,388.44,388.94,98916
2022-07-04,387.38,391.34,386.7,390.92,89714
2022-07-05,389.9,391.18,389.9,390.52,39337
2022-07-06,390,390.1,381.7,382.86,100756
2022-07-07,382.18,382.68,375.06,377.44,112644
2022-07-08,376.6,378,375.2,377.04,62329
2022-07-11,375.9,378.56,375.5,377,65924
2022-07-12,378.52,381.16,375.78,378.2,96671
2022-07-13,377.8,378.3,375.1,375.6,85788
2022-07-14,373.7,379.98,373.4,376.1,139404
2022-07-15,374.98,375.6,372.16,373.38,123043
2022-07-18,373.7,375.58,371.8,374.98,108560
2022-07-19,374.94,376,373.02,373.84,84271
2022-07-20,373.78,375,373.3,373.52,73963
2022-07-21,374.08,375.24,369.82,370.32,97555
2022-07-22,373.7,376.54,371.68,375.98,142536
2022-07-25,376.66,379.72,376.06,377.18,105493
2022-07-26,376.94,377.84,375.2,377.46,75446
2022-07-27,376.4,377.1,375.8,376.64,66567
2022-07-28,376.1,380.76,375,380.72,105414
2022-07-29,381.7,386.48,380.84,386.1,132826
2022-08-01,384.06,386.6,383.7,385.8,106224
2022-08-02,388,391.1,387.2,389.16,101254
2022-08-03,391.4,391.5,384.52,387.3,147045
2022-08-04,388.16,388.52,384.64,387.9,98142
2022-08-05,389.66,392,388.1,391.1,91461
2022-08-08,387.08,389.52,386.62,388.7,80162
2022-08-09,389.72,391.42,389.6,390.46,63863
2022-08-10,391.8,393.24,391,391.18,68684
2022-08-11,392.3,392.46,389.08,389.56,77324
2022-08-12,391.04,391.88,389.78,391.22,61410
2022-08-15,391.22,393.24,390.8,392,81211
2022-08-16,390.54,391.76,389.42,391.52,67453
2022-08-17,390.02,390.84,389.52,389.9,65455
2022-08-18,389.64,389.64,386.7,387.76,72769
2022-08-19,388.6,388.96,386.5,387.56,77205
2022-08-22,387.9,388.66,386.02,386.26,68649
2022-08-23,385.32,387.82,385,387.32,61676
2022-08-24,386.58,389.6,386.5,389.54,62855
2022-08-25,389,391.06,388.6,390.82,55400
2022-08-26,390.82,391.6,389.62,391.28,56434
2022-08-29,389.02,391.12,387.4,387.94,103273
2022-08-30,389.74,390.82,389.22,389.3,60243
2022-08-31,388.6,389.2,386.6,386.92,68549
2022-09-01,385.02,386.8,382.96,383.7,97678
2022-09-02,382.84,383.28,381.08,383.02,81362
2022-09-05,384.5,387.58,383.5,386.86,76187
2022-09-06,387.54,389.1,386.34,388.98,48930
2022-09-07,387.8,388.38,385,386.36,71015
2022-09-08,386.66,389.72,386.18,389.46,68825
2022-09-09,388.46,389.52,386.7,389.52,75842
2022-09-13,389.46,390.22,388.78,389.66,30917
2022-09-14,387.14,388.6,386.66,387.2,83661
2022-09-15,388.02,388.56,385,385.24,74428
2022-09-16,386.22,386.72,382.92,383.6,105207
2022-09-19,383.82,386.06,383.48,384.7,81940
2022-09-20,384.58,387,384,385.84,68849
2022-09-21,385.48,387.36,384.14,386.98,71320
2022-09-22,387.08,387.18,384.26,386.04,74938
2022-09-23,388.2,388.2,386.5,387.64,77093
2022-09-26,385,386.56,382.88,384.38,116323
2022-09-27,384.94,385.44,382.3,384.88,85615
2022-09-28,385.1,386,384.26,385.9,87178
2022-09-29,387.76,390,387.44,389.66,117404
2022-09-30,387.98,391,387.34,390.82,89474
2022-10-10,398,398,392.92,393.24,59687
2022-10-11,392.6,393,391.28,392.72,66393
2022-10-12,392.1,393.86,391.5,393.04,70108
2022-10-13,393.38,394,392.58,393,52091
2022-10-14,391.5,393,390.16,392.42,111854
2022-10-17,391.7,392.08,389.52,390.28,79885
2022-10-18,392.68,392.82,389.96,390.78,68304
2022-10-19,391.5,391.5,389.84,390.18,56600
2022-10-20,389.96,390.3,387.8,388.1,73576
2022-10-21,388.68,389.46,387.08,387.46,64585
2022-10-24,389.74,392.82,388.3,392.72,112181
2022-10-25,393.24,394.92,392.62,393.82,72933
2022-10-26,393.5,395,393.2,393.62,72139
2022-10-27,391.7,393,391.5,392.7,73381
2022-10-28,392.7,393.8,392.52,392.78,58869
2022-10-31,391.06,391.92,390.28,391.66,67523
2022-11-01,391.36,392.14,390.26,391.46,61577
2022-11-02,392.18,393,390.8,392.1,58395
2022-11-03,393.26,394,390.7,390.88,70630
2022-11-04,389.08,391.28,388.78,390.8,63961
2022-11-07,390.62,394.74,390.24,394,79427
2022-11-08,394.42,395.58,393.82,394.82,55222
2022-11-09,394.86,403.36,394.86,403.26,92599
2022-11-10,402.5,404.32,401.9,403.54,65784
2022-11-11,403.3,435.28,403.3,406.72,113886
2022-11-14,407.4,407.78,402.88,403.44,62777
2022-11-15,404,407,403.78,404.96,83648
2022-11-16,406,407.84,404.64,407.12,106622
2022-11-17,408.54,408.96,406.88,407.7,96880
2022-11-18,408.36,408.44,406.82,407.42,88918
2022-11-21,406.6,407,404.02,405.2,101950
2022-11-22,404.74,405.58,403.88,404.86,94354
2022-11-23,404.9,405.5,404.04,404.66,85143
2022-11-24,404.8,407.36,402.7,406.4,129248
2022-11-25,407.1,408.16,406.74,407.6,93404
2022-11-28,407.3,409.96,406.62,408.02,123275
2022-11-29,408.56,409.04,405.82,406.56,120432
2022-11-30,406.7,407.4,404.6,406.12,111763
2022-12-01,404.34,407.36,401.22,407.1,148311
2022-12-02,407.7,410.12,407.64,409.72,126780
2022-12-05,408.04,409.02,405.48,405.72,123776
2022-12-06,404.42,404.46,401.36,401.78,128772
2022-12-07,403.44,403.68,400.8,401.1,85143
2022-12-08,401.4,403,401.22,402.44,82213
2022-12-09,402.84,404.4,402.4,403.46,100719
2022-12-12,404.58,406.56,403,403.3,108687
2022-12-13,403.58,403.92,402.56,403.54,78632
2022-12-14,404.3,409.3,403.92,408.1,154568
2022-12-15,406.98,408.22,404.08,404.86,92196
2022-12-16,402.02,403.42,401.44,402.9,105956
2022-12-19,403.7,406.36,403.08,405.3,99517
2022-12-20,404.86,405.68,403.5,405.42,84321
2022-12-21,406.5,410.3,406.42,409.5,103246
2022-12-22,410,411.38,409.58,409.86,77926
2022-12-23,410.3,411.2,405.68,406.8,102230
2022-12-26,407.44,408.58,406.8,407.24,90355
2022-12-27,406.44,408,406.44,407.96,48226
2022-12-28,408.86,412.48,407.48,408.6,78312
2022-12-29,408.58,409.68,407.62,408.36,56145
2022-12-30,408.68,410.72,408.3,410.72,56463
2023-01-03,412,412.34,409.84,411.2,58029
2023-01-04,411.26,413.88,410.7,413.26,120196
2023-01-05,414.38,415.92,412.4,412.5,124302
2023-01-06,411.52,412.78,408.5,409.54,126762
2023-01-09,409.32,414.62,409,414,144186
2023-01-10,414.06,414.24,412.14,413.7,101239
2023-01-11,413.78,415.18,413.5,414.8,89422
2023-01-12,414.2,414.92,411.38,414.58,103031
2023-01-13,415.28,416.28,413,415.22,139230
2023-01-16,415.22,419.36,414.8,417.28,129913
2023-01-17,418.2,419.66,417.82,419,91928
2023-01-18,419.76,420.94,417.04,418.4,131047
2023-01-19,420,421.48,417.58,419.66,133678
2023-01-20,420.28,424.3,419.88,423.5,118571
2023-01-30,421.48,422.88,421.14,422.68,52184
2023-01-31,421.84,422.3,419.08,419.48,104552
2023-02-01,417.96,422.5,417.96,421.58,101480
2023-02-02,421.7,425.68,420.44,424.86,109719
2023-02-03,425.76,425.98,418.06,419.34,155328
2023-02-06,419.34,419.34,412.8,413.8,191854
2023-02-07,413.18,413.78,412.22,412.62,107868
2023-02-08,412.32,414.22,411.42,412.7,118069
2023-02-09,413.5,414.16,411.4,413.52,108221
2023-02-10,413.4,414.68,409.74,410.76,130010
2023-02-13,412.5,413.52,411.12,413.08,91353
2023-02-14,412.3,412.94,410.18,412.74,92246
2023-02-15,412.32,414,410.86,411.66,167137
2023-02-16,410.4,411.66,410.1,411.48,98258
2023-02-17,411.7,412.5,409.92,410.26,119210
2023-02-20,410.68,413.02,410.22,412.3,104084
2023-02-21,412.44,412.96,411.64,411.7,60697
2023-02-22,411.5,413.28,411.3,412.94,94793
2023-02-23,413.72,414.22,411.2,411.94,88063
2023-02-24,411.62,413.5,410.46,413.14,120010
2023-02-27,412.1,413.26,411.94,412.2,83014
2023-02-28,412.04,413.4,412.04,412.64,92781
2023-03-01,411.46,414.64,411.18,414.04,88817
2023-03-02,412.98,413.9,412.58,413.62,81946
2023-03-03,413.84,415.7,413.78,415.58,68066
2023-03-06,416.4,418.64,415.54,418.44,64740
2023-03-07,419.52,419.52,418.12,418.82,42751
2023-03-08,417.56,417.62,413.8,414.08,77655
2023-03-09,413.96,414.62,413.26,414.02,45268
2023-03-10,414.96,417.14,414.4,416.76,53450
2023-03-13,416.92,422.74,416.1,420.42,94690
2023-03-14,423.9,426.74,423,426.36,133043
2023-03-15,426.38,426.98,424.56,426.54,96764
2023-03-16,432.88,434.48,428.44,430.48,165048
2023-03-17,432.58,433.68,429.5,432.44,139775
2023-03-20,435.18,445.94,435.08,445.02,234497
2023-03-21,441.5,444.22,439.9,441.56,163544
2023-03-22,439.08,439.58,433.3,435.42,193003
2023-03-23,434.08,439.9,433.84,438.36,156312
2023-03-24,437.88,442.36,437.4,440.7,159741
2023-03-27,443.7,444.34,438,438.14,163748
2023-03-28,434.24,437.28,434,436.18,120749
2023-03-29,437.88,440.18,436.32,437.76,110786
2023-03-30,438.1,439.7,437.06,438.9,103888
2023-03-31,438.92,441.5,437.66,441.2,116913
2023-04-03,440.8,441.2,434.6,435.62,139362
2023-04-04,440.48,441.84,438.7,440.7,135008
2023-04-06,447.56,448,446.12,447.18,57806
2023-04-07,446.8,447.44,444.76,447.32,94427
2023-04-10,446.48,446.82,441.64,442.8,83936
2023-04-11,442.02,445.12,441.12,444.84,107590
2023-04-12,444.44,450.2,444.04,448.84,129654
2023-04-13,449.96,450,445.46,448.82,129526
2023-04-14,452.96,453.28,449.88,451,148264
2023-04-17,448.74,449.56,442.2,446.08,206577
2023-04-18,444.3,444.8,440.7,444.26,125647
2023-04-19,444.7,446.94,443.04,443.98,133379
2023-04-20,441.9,445.18,441.02,444.54,139017
2023-04-21,445.5,446.56,441.64,442.5,128761
2023-04-24,442.22,444.66,439.56,441.16,169080
2023-04-25,441.5,445.24,440.06,444.98,121581
2023-04-26,445.42,448.56,444.02,446.34,107214
2023-04-27,446.26,448.9,444.5,447.28,122132
2023-04-28,444.18,445.5,442.62,444.04,116208
2023-05-04,458.26,459.98,454.72,455.26,104705
2023-05-05,455.5,459.96,455.14,457.92,187837
2023-05-08,451.34,452.38,447.62,452.36,201777
2023-05-09,452.84,454.1,451.38,453.18,142035
2023-05-10,453.56,455.74,452.94,454.9,140134
2023-05-11,457.48,457.48,453.26,454.82,170738
2023-05-12,456.72,457.18,450.5,451.5,218450
2023-05-15,452.64,454.56,452.08,453.42,186261
2023-05-16,453.8,454.68,451.28,452.26,163253
2023-05-17,453.8,453.92,448.6,450.24,217667
2023-05-18,449.64,450.18,447.42,449.4,180446
2023-05-19,448.7,448.7,446.1,447.62,203726
2023-05-22,445.76,450.9,445.24,449.54,230236
2023-05-23,449.6,450.46,447.26,447.62,161126
2023-05-24,447.04,451.34,447.04,449.9,192522
2023-05-25,450.9,451.08,447.08,448,212054
2023-05-26,445.26,447.28,444.6,445.5,217222
2023-05-29,445.4,446.3,443.62,445.66,170564
2023-05-30,446.24,446.4,443.92,444.62,125731
2023-05-31,448.36,451.72,447.26,450.86,198417
2023-06-01,451.72,453.76,450.56,450.98,172141
2023-06-02,452.2,454.38,451.82,452.3,134947
2023-06-05,451.1,452.34,446.5,447.26,183974
2023-06-06,447.12,450.86,447.12,450.28,122413
2023-06-07,451.54,452.42,450.1,451.1,121200
2023-06-08,450.34,452.46,447.92,448.46,186657
2023-06-09,450.7,452.38,450.38,452.34,134044
2023-06-12,452.12,453.22,451.04,452.5,136954
2023-06-13,452.52,453.96,450.5,453.68,134095
2023-06-14,453.16,453.7,449.9,450.9,162977
2023-06-15,452.28,452.58,447.02,447.14,171681
2023-06-16,446.8,451.54,446.8,450.5,155087
2023-06-19,451.54,451.88,449.66,451.24,133047
2023-06-20,451.18,451.98,450.48,451.76,81947
2023-06-21,450.98,450.98,448.02,449.84,144352
2023-06-26,448.3,449.54,448.28,449.14,53739
2023-06-27,451.16,451.3,448.1,448.86,120377
2023-06-28,448.4,449.32,446.04,447.1,176469
2023-06-29,447.16,448.44,446.8,447.5,124723
2023-06-30,446.04,448.98,445.84,448.6,138212
2023-07-03,449.7,451.18,449.1,449.52,119284
2023-07-04,450.34,451.58,449.44,449.94,88873
2023-07-05,450.36,451,449.6,450.7,49959
2023-07-06,453.26,453.84,450.94,451.66,148454
2023-07-07,448.8,450.98,448.7,450.82,193374
2023-07-10,451.66,452.98,451.04,452.08,175905
2023-07-11,450.28,452.78,450.2,452.2,187560
2023-07-12,451.98,452.96,451.78,452.12,167710
2023-07-13,453.28,456.58,452.4,456.32,241639
2023-07-14,455.6,456.36,453.34,454,218384
2023-07-17,454.44,456.14,453.5,455.34,204570
2023-07-18,454.48,457,454.24,456.94,170294
2023-07-19,458.3,463.18,457.78,462.48,258530
2023-07-20,462.98,463.68,461.12,461.96,194080
2023-07-21,459.94,461,458.96,459.3,200703
2023-07-24,458.78,459.28,457.58,459.1,196798
2023-07-25,459.9,459.96,456.66,456.8,216923
2023-07-26,455.9,458.8,455.24,458.68,182891
2023-07-27,459.2,460.36,457.52,459.76,194289
2023-07-28,457.5,458,455.22,456.3,286816
2023-07-31,457.3,457.5,455.5,455.98,186640
2023-08-01,458.2,458.62,457.3,457.58,152556
2023-08-02,455.84,457.44,455.22,457.18,164606
2023-08-03,456.5,456.86,454.96,455.04,161216
2023-08-04,453.76,455.36,453.62,454.4,160961
2023-08-07,455.4,456.82,454.88,455.64,171277
2023-08-08,455.58,456.14,454.44,455.64,110788
2023-08-09,454.96,456.22,454.66,455.36,147298
2023-08-10,454.7,455.44,453.08,453.62,156507
2023-08-11,454.58,455.82,453.76,455.56,169611
2023-08-14,455.88,456.28,455.04,455.74,116013
2023-08-15,455.82,456,454.68,455.86,124451
2023-08-16,456.02,457.34,455.9,457.1,138953
2023-08-17,457,457.58,455.52,456.86,120772
2023-08-18,456.6,457,454.8,455.1,135692
2023-08-21,455.12,457.48,454.5,457.08,127984
2023-08-22,456.98,456.98,455.4,456.5,112821
2023-08-23,456.66,458.26,455.86,457.88,121657
2023-08-24,458.26,460.62,457.94,460.04,130300
2023-08-25,459.12,459.9,458.44,458.5,120951
2023-08-28,459.06,459.48,457.4,458.62,135078
2023-08-29,459.02,460.72,458.3,460.14,88464
2023-08-30,459.5,462.02,459.48,461.48,143858
2023-08-31,462.6,463.24,461.66,463.16,86609
2023-09-01,461.82,462.86,461.1,462.46,88305
2023-09-04,463.68,465.48,461.48,464.38,88769
2023-09-05,463.96,465.46,463.12,464.98,66963
2023-09-06,464.8,465.06,463.6,464.24,83041
2023-09-07,463.98,464.72,463.38,464.12,92595
2023-09-08,465,467.58,463.96,466.84,106633
2023-09-11,466.22,467.94,465.88,466.54,117227
2023-09-12,466.82,467.24,465.94,466.76,83461
2023-09-13,465.52,468.74,465.5,467.66,108723
2023-09-14,468.02,472.98,466.86,472,162409
2023-09-15,471.9,480.26,466.96,469.72,301876
2023-09-18,470.2,473.12,465.88,467.32,208045
2023-09-19,467.32,470.36,466.48,469.8,98489
2023-09-20,470.24,472.76,469.54,471.38,101713
2023-09-21,471.5,473,470.16,470.88,107786
2023-09-22,469.22,472.02,468.02,470.48,142986
2023-09-25,470.88,471.78,469.62,471.48,75993
2023-09-26,472,472.2,470.3,470.6,95477
2023-09-27,470.2,470.7,465.16,466.9,150432
2023-09-28,465.04,465.74,455,459.5,217875
2023-10-09,454,456,451.74,454.8,93951
2023-10-10,453.04,454.4,450.06,450.58,152411
2023-10-11,450.7,451.44,449.32,450.4,104754
2023-10-12,451.92,454.04,450.94,453.66,98888
2023-10-13,453.64,455.28,452.5,454.92,84829
2023-10-16,461.4,465.76,459.72,461.2,179576
2023-10-17,462.02,463.42,461.6,463.4,77915
2023-10-18,465.04,468.18,463.88,467.94,116649
2023-10-19,470,472.18,468.2,471.26,149768
2023-10-20,472.46,477.56,471.44,476.68,170195
2023-10-23,475.78,479.44,473.56,476,174064
2023-10-24,476,476.7,474.5,475.2,103427
2023-10-25,473.52,475.36,472.22,473.92,116511
2023-10-26,474.66,477.22,472.6,476.66,150524
2023-10-27,475.46,477.58,474.24,476.98,129089
2023-10-30,475.98,482.34,475.62,478.12,135419
2023-10-31,478.36,480.12,478.12,478.94,111271
2023-11-01,478.7,481.3,476.24,477.18,120722
2023-11-02,478.78,479.56,477.06,478.72,114608
2023-11-03,479,479.28,477.08,478.2,121323
2023-11-06,480.5,480.5,475.44,475.96,211131
2023-11-07,475.8,476.76,473.66,474,123570
2023-11-08,471.5,473.28,470.38,471.84,153684
2023-11-09,471.44,472.38,468.44,468.9,161457
2023-11-10,468.48,472.38,467.84,471.36,167802
2023-11-13,469.44,470.12,467.3,469.98,154240
2023-11-14,468.86,471.7,468.34,471.52,127375
2023-11-15,471.26,474.24,470.48,472.98,169300
2023-11-16,473.38,473.38,471.04,471.86,139217
2023-11-17,471.76,474.44,471.28,473.44,157364
2023-11-20,472.22,472.96,467.94,468,169359
2023-11-21,466.7,467.34,463.82,466.98,176755
2023-11-22,466.64,469.7,465.48,466.1,210209
2023-11-23,467,468.1,464.46,465.46,156914
2023-11-24,465.08,465.96,464.86,465.9,82652
2023-11-27,466.16,471.2,466.16,470.08,174440
2023-11-28,470.86,472.12,469.74,471.6,133867
2023-11-29,471.6,477,471.22,475.46,204742
2023-11-30,475.16,476.48,474.72,475.72,141553
2023-12-01,475.4,476.7,474.32,475.78,140499
2023-12-04,475.2,486.48,474.46,481.62,220202
2023-12-05,480.52,481.38,472.38,475,244094
2023-12-06,473.74,474.7,471.38,474.08,148739
2023-12-07,474,475.94,474,474.88,127302
2023-12-08,475.28,476.58,473.28,475.2,120772
2023-12-11,475,475.18,469.92,471.6,171616
2023-12-12,470.78,470.78,467.7,469.9,121354
2023-12-13,469.86,471.52,468.58,469.02,129229
2023-12-14,469.72,477.94,468.74,476.2,118460
2023-12-15,476.54,477.16,474.34,475.46,123606
2023-12-18,476.52,476.6,473,474.9,117349
2023-12-19,475.04,476.92,474.64,475.9,69023
2023-12-20,476.3,477.86,475.56,476.92,86361
2023-12-21,476.1,477.46,475.46,477.02,88478
2023-12-22,477.06,480.9,476.3,479.54,123188
2023-12-25,481.22,482.92,479.36,480.8,126682
2023-12-26,481,481.78,480.5,481.4,60716
2023-12-27,481.06,483.12,479.6,482.6,78178
2023-12-28,483.42,485.38,482.82,483.6,94297
2023-12-29,481.6,482.68,479.86,481.7,112640
2024-01-02,481.24,483.8,480.82,483.32,37141
2024-01-03,483.7,484.26,482,483.58,103087
2024-01-04,480.8,482.12,478.9,481.64,153003
2024-01-05,481.74,483.18,480.86,482.38,94913
2024-01-08,481.5,484.52,480.06,481.72,195026
2024-01-09,479.68,482,478.82,481.02,130398
2024-01-10,481.2,482.26,479.76,479.86,126122
2024-01-11,480.62,481.48,479.48,480.24,115386
2024-01-12,480.28,482.3,477.68,480.78,206543
2024-01-15,482.7,484.4,482.04,483.58,183843
2024-01-16,483.58,484,482.92,483.34,79238
2024-01-17,482,483.18,479.42,479.66,194971
2024-01-18,480.94,480.98,478.06,478.72,154120
2024-01-19,479.2,480.74,478.46,480.36,102473
2024-01-22,481.7,482.24,478.64,478.88,152765
2024-01-23,480.3,480.3,477.22,479.18,119090
2024-01-24,478.52,478.84,477.74,478.66,89558
2024-01-25,478.96,479.16,476.32,476.84,158471
2024-01-26,476.84,478.98,476.4,478.72,135260
2024-01-29,478.72,480.44,477.96,480.04,125295
2024-01-30,480.08,481.32,479.12,481,121527
2024-01-31,481.42,482.74,480.58,481.58,145507
2024-02-01,482,483.72,481.58,482.84,124204
2024-02-02,481.5,484.9,480.84,484.82,154979
2024-02-05,484.56,485.18,481,481.44,155372
2024-02-06,480.38,481.86,479.76,480.66,86678
2024-02-07,480.1,482.78,480.1,482.1,81485
2024-02-08,482.86,484.28,482.36,483.54,68874
2024-02-19,480.96,481.48,479.66,480.7,48395
2024-02-20,480.2,481.06,480.08,480.42,50524
2024-02-21,481.4,482.08,480.3,480.42,77555
2024-02-22,480.7,481.02,479.32,480.06,53831
2024-02-23,480.08,480.54,478.52,478.96,75190
2024-02-26,479.96,481.8,479.74,481.54,84933
2024-02-27,481.22,481.7,480.22,481.42,73967
2024-02-28,482.1,482.3,481.12,481.28,90141
2024-02-29,481.16,482.2,481.04,481.82,56471
2024-03-01,480.8,484.04,480.8,483.8,82911
2024-03-04,485.1,490.86,483.54,490.1,115111
2024-03-05,490.44,498.24,490.44,497.36,223914
2024-03-06,498.64,502.56,498.1,500.7,230223
2024-03-07,501.9,507,500.6,505.88,242473
2024-03-08,506.12,507.54,503.3,506.28,188898
2024-03-11,507,511.66,505.06,508.3,304482
2024-03-12,507.4,509.26,506.22,506.74,143399
2024-03-13,505.92,506.2,503.94,505.62,181051
2024-03-14,506.3,509.86,505.94,506.34,165628
2024-03-15,505.08,508.4,504.74,508.16,136994
2024-03-18,506.46,508.16,503.36,504.04,161559
2024-03-19,506.2,506.78,504.28,505.22,126757
2024-03-20,505.38,506.32,504.44,505.74,92479
2024-03-21,505.24,516,504.9,515.7,238295
2024-03-22,515.5,515.94,508.82,512.48,253862
2024-03-25,513.54,516.66,511.56,513.42,230031
2024-03-26,514.56,515.54,513.42,514.2,127396
2024-03-27,517.02,519.24,514.34,516.42,231783
2024-03-28,518,520,516.54,520,199172
2024-03-29,523.12,532.54,519.6,531.3,324507
2024-04-01,530.2,535.16,528.22,534.04,254438
2024-04-02,532.92,534.92,528.26,534.74,319248
2024-04-03,534.96,541.8,533.74,541.52,381323
2024-04-08,545.58,560.78,543.28,554.74,388087
2024-04-09,553.8,559.2,550.96,556.92,367778
2024-04-10,558.02,560.88,555.14,558.78,414951
2024-04-11,556.34,558.64,552.14,555.22,455540
2024-04-12,556.2,570.56,555.3,570.5,367585
2024-04-15,570.42,588.28,559.5,563.88,838531
2024-04-16,563.96,571.5,555.5,567,537866
2024-04-17,567.02,572.96,564.44,567.78,487229
2024-04-18,568.2,570.96,558.82,565.52,387539
2024-04-19,566.56,576.12,562.06,568.3,451771
2024-04-22,566.48,570.36,557.52,558.42,235813
2024-04-23,553.9,556.18,543.72,544.84,241288
2024-04-24,546.8,552.34,546.02,551,194167
2024-04-25,550.64,554.5,546.5,550.28,168167
2024-04-26,552,555.2,547.78,554.58,166994
2024-04-29,555.58,557.18,550.38,551.46,129250
2024-04-30,551.48,553.5,548.04,549.5,80825
2024-05-06,542.56,548.46,542.2,548.32,88686
2024-05-07,549.6,552.12,548.86,549.82,134427
2024-05-08,548.96,550.98,547.1,549,139701
2024-05-09,549.3,550.24,547.52,548.1,132501
2024-05-10,550.04,561.58,548.44,561.4,221130
2024-05-13,560.14,562.36,557.06,557.62,218976
2024-05-14,557.24,557.9,554.38,554.62,150091
2024-05-15,556.98,559.9,556.14,559.02,155143
2024-05-16,561.5,567.16,557.38,564.42,244803
2024-05-17,563.16,564.96,561.32,564.86,143240
2024-05-20,566.86,582.44,566.4,578.84,352510
2024-05-21,572.92,581.22,571,572.22,288207
2024-05-22,575.52,577.66,571.82,573.32,193725
2024-05-23,572.16,572.76,556.88,559.72,298603
2024-05-24,559.54,560.9,550.46,554.48,250531
2024-05-27,554.3,557.76,553.44,555.78,157096
2024-05-28,557.5,560.38,555.82,555.96,162654
2024-05-29,558.5,561.98,557.16,559.7,197437
2024-05-30,555.96,558.52,551.54,554.2,179983
2024-05-31,555.68,557.96,554.36,556.86,142963
2024-06-03,559.24,560.62,548.82,551.56,219911
2024-06-04,553.98,557.68,552.48,556.24,143303
2024-06-05,553.44,555.54,549.4,553.62,166557
2024-06-06,556,564.4,554.2,562.14,198820
2024-06-07,560.1,565.62,558.56,562.3,187056
2024-06-11,548.84,548.86,543.9,544.78,114009
2024-06-12,548.08,548.82,545.52,548.04,114508
2024-06-13,552.76,553.7,545.86,548.44,172406
2024-06-14,549.32,549.8,543.52,548.48,154506
2024-06-17,552.4,553.44,548.9,549.46,151503
2024-06-18,549.6,551.56,548.12,550.08,102515
2024-06-19,548.7,552.92,548.68,552.4,112158
2024-06-20,552.16,557.54,551.4,557.16,113593
2024-06-21,556,561.96,555.82,559.74,138885
2024-06-24,560.26,561.66,550.5,551.18,179860
2024-06-25,552.1,554.3,551.3,552.16,95922
2024-06-26,551.9,552.76,546.8,548.7,173933
2024-06-27,548.48,548.48,544,545.4,124778
2024-06-28,550.22,551.84,549.04,551.52,112648
2024-07-01,553.3,554.1,549.4,551.42,104127
2024-07-02,552.22,553.16,550.18,552.48,89881
2024-07-03,552.08,556.12,550.9,555.7,115409
2024-07-04,557.88,560.26,556.76,558.34,109938
2024-07-05,558.38,560.12,557.64,559.66,62181
2024-07-08,561.18,565.36,560.6,560.74,124642
2024-07-09,560.12,561.94,555.38,558.66,89396
2024-07-10,557.92,561.2,555.9,561.1,85961
2024-07-11,564.8,566.48,563.06,565.46,119991
2024-07-12,570.7,572.68,566.8,568.54,208248
2024-07-15,566.8,571.44,566.24,568.34,151999
2024-07-16,570.16,574.98,569.54,574.94,202686
2024-07-17,574.86,585.84,574.4,581.56,308940
2024-07-18,582.08,584.22,575.72,581.48,282721
2024-07-19,580,580.54,563.82,565.94,307286
2024-07-22,562.2,567.22,559.7,565.4,246819
2024-07-23,563.76,566.92,561.32,562.6,214986
2024-07-24,565.24,569.82,564.12,569.64,203989
2024-07-25,570.52,571.48,554.4,555.68,342097
2024-07-26,554.86,559.28,551.16,557.38,267377
2024-07-29,559.58,564.6,557.84,561.24,224332
2024-07-30,561.8,562.5,555.5,562.02,230894
2024-07-31,560.86,568.3,559.34,566.28,263948
2024-08-01,566.52,573.48,565.5,570.9,228522
2024-08-02,572.42,574.3,568.18,574.04,263385
2024-08-05,574.42,575.38,554.78,559.94,489030
2024-08-06,546,559.16,545.44,554.18,349865
2024-08-07,552.6,556.96,551.8,556.06,256432
2024-08-08,557.82,558.08,552.8,556.1,181575
2024-08-09,558.8,563.1,557.32,560.7,207332
2024-08-12,562.3,565.48,560,565.3,172725
2024-08-13,566.54,572.8,565.96,569.46,201710
2024-08-14,569.7,570.5,565.06,568.22,177542
2024-08-15,568.2,568.28,561.32,566.98,200643
2024-08-16,565.18,569.56,563,567.74,196532
2024-08-19,574,576.38,570.4,573.7,282788
2024-08-20,571.66,575.16,570.7,574.24,190591
2024-08-21,578,578.88,571.74,576.2,228314
2024-08-22,575.2,576.78,572.08,574.46,191513
2024-08-23,573.98,574,567.76,572.58,205112
2024-08-26,574.2,576.34,572.22,576.2,218021
2024-08-27,577.34,578.1,573.8,575.94,193436
2024-08-28,575.2,577.7,574,575.16,177033
2024-08-29,574,577.1,572.84,575.06,178399
2024-08-30,573.3,576.98,572.88,574.06,208353
2024-09-02,574.4,574.4,569.22,570.82,208531
2024-09-03,572.38,572.88,570.1,572.12,109032
2024-09-04,571.5,572.3,567.12,568.22,194110
2024-09-05,569,572.36,567.42,572.04,168500
2024-09-06,574,574.3,571.4,573.68,142148
2024-09-09,574.4,574.5,567.04,569.22,252303
2024-09-10,572.02,573.62,570.2,573.24,121401
2024-09-11,575.16,576.56,571.88,576.12,145025
2024-09-12,573.62,575.78,572,575.22,136237
2024-09-13,577.24,585.2,576.12,583.58,185281
2024-09-18,584.88,585.88,582.62,582.98,50533
2024-09-19,583.42,587.38,579.62,582.2,127542
2024-09-20,584.82,591,584.54,590.62,157150
2024-09-23,592.58,596.32,589.68,595.14,219129
2024-09-24,595.36,597.36,593,594.24,215966
2024-09-25,594.2,601.88,593.78,598.74,221301
2024-09-26,599.72,601.96,598.84,599.9,167856
2024-09-27,601.84,602.3,597.02,599.42,210993
2024-09-30,600.02,600.2,593.82,596.72,218847
2024-10-08,598,599.8,595.8,596.22,104044
2024-10-09,597.94,598.2,588.02,588.56,244379
2024-10-10,590.54,591.18,587.32,590.7,157441
2024-10-11,592.28,599.46,591.48,597.38,192063
2024-10-14,597.38,604.4,597.18,603.3,170494
2024-10-15,601,603.96,599.3,603.64,165111
2024-10-16,603.46,612,603.18,611.98,230572
2024-10-17,612.8,615.16,610.24,614.26,216396
2024-10-18,613.88,622.88,613.18,619.06,322031
2024-10-21,619.14,626.08,617.72,625.82,250464
2024-10-22,627.34,628.38,621,626.5,254333
2024-10-23,627.42,630.44,625.54,629.96,227818
2024-10-24,628.72,628.72,617.84,624.54,351695
2024-10-25,625.14,626.66,620.84,624.72,238915
2024-10-28,624.3,627.8,621.88,626.58,238792
2024-10-29,625.14,631.88,624.7,631.8,196802
2024-10-30,630.8,639.48,630.04,638.62,238594
2024-10-31,637.6,639.3,633.72,635.66,263615
2024-11-01,633.86,634,624.18,629.72,323563
2024-11-04,630.38,632.76,623.22,625.38,258488
2024-11-05,625.5,626.78,621.4,625.02,175810
2024-11-06,624.8,630.94,622.1,624.06,291828
2024-11-07,621.66,622,610.7,611.32,362522
2024-11-08,613.2,619.6,613,615.48,254000
2024-11-11,617.72,621.9,614.3,615.78,236935
2024-11-12,613,613.98,604.62,605.66,249456
2024-11-13,604.1,607.16,602.54,604.46,188000
2024-11-14,604.9,606.1,592.22,593.1,252657
2024-11-15,592.48,597.18,592.12,593.3,190654
2024-11-18,594.6,602.42,593.1,600.6,214612
2024-11-19,602.14,610.12,601.7,609.84,156356
2024-11-20,612.54,613.56,608.22,610.6,172648
2024-11-21,611.7,618.06,611.36,617.7,152041
2024-11-22,620.24,627.96,619.52,627.88,243349
2024-11-25,630,631.14,616.84,619.16,405143
2024-11-26,622,623.34,607.6,610.84,395721
2024-11-27,612.6,616.86,609.3,616.46,318560
2024-11-28,617.02,618.48,608.6,613.2,358088
2024-11-29,615,619.24,611.42,618.8,279763
2024-12-02,618.14,619.46,610.34,613.28,312505
2024-12-03,617.04,620.52,615.22,619.32,253047
2024-12-04,617.7,621.18,616.88,618.22,256109
2024-12-05,616,620.4,614.74,618.4,247844
2024-12-06,619.2,619.74,610.72,615.94,312137
2024-12-09,615.78,620.88,612.82,619.12,294562
2024-12-10,620.7,624.88,619.94,621.44,261386
2024-12-11,624.2,629.4,622.7,627.06,299505
2024-12-12,627.4,632.06,626.28,631.38,260864
2024-12-13,628.6,630,622.7,625.6,297976
2024-12-16,622.38,623,617.68,619.72,215352
2024-12-17,621.1,622.7,618.36,619.14,175582
2024-12-18,617.5,620.12,615.26,618.5,170427
2024-12-19,618.1,619.58,608.88,613.52,232962
2024-12-20,613,614.4,609.4,613.94,238580
2024-12-23,613.3,620.38,612.68,620.14,238863
2024-12-24,617.16,618.44,615.6,617.58,166109
2024-12-25,616.56,619.78,615.84,619,121378
2024-12-26,619.32,621.2,617.2,619.74,86289
2024-12-27,619.74,621.92,618.6,620.22,152084
2024-12-30,618.9,619.42,615.66,617.66,193424
2024-12-31,620.24,620.92,616.64,619.44,63625
2025-01-02,623.44,625.8,622.98,624.14,40001
2025-01-03,627.04,630.16,625,629.22,85643
2025-01-06,630,630.38,625.74,626.2,89184
2025-01-07,628,628.24,620.4,626.2,121750
2025-01-08,628.58,629.84,626.12,629.2,96480
2025-01-09,629.4,632.92,627.88,632.9,112466
2025-01-10,635,637,632.72,636.88,110900
2025-01-13,636.7,640.94,632.8,638.72,179381
2025-01-14,634.6,635.34,632.14,633.6,152096
2025-01-15,633.24,637.46,631.16,636.84,187460
2025-01-16,637.86,640.66,635.18,639.12,230185
2025-01-17,640.36,643.92,639.6,640.68,239089
2025-01-20,641.3,641.6,634.22,639.8,242354
2025-01-21,638.6,640.26,633.56,639.78,262165
2025-01-22,639.92,648.86,639.3,645.46,288931
2025-01-23,646.8,647.62,645.1,646.2,214608
2025-01-24,644.66,649.96,642.44,648.9,258222
2025-01-27,649.52,651.9,645.06,647.54,224571
2025-02-05,668,671.12,666.24,670.64,118422
2025-02-06,672.42,674.2,668.28,668.46,227609
2025-02-07,670.48,671.72,664.46,669.9,232702
2025-02-10,670.5,679.5,668.2,679.08,371683
2025-02-11,682.22,691.76,679.84,685.74,411548
2025-02-12,680,685.12,677,681.22,354672
2025-02-13,679.72,686.48,675.12,684.56,359774
2025-02-14,685.72,688.66,683.86,688.4,254378
2025-02-17,686.02,686.56,674.34,677.1,444372
2025-02-18,678,683.88,677.2,682.82,200400
2025-02-19,684.36,690.24,683.6,687.8,261476
2025-02-20,688.5,690.46,684.18,690,289045
2025-02-21,688,689,681.82,684.44,384739
2025-02-24,684.8,686.9,682.2,685.98,310621
2025-02-25,688.04,689.66,683.88,685.58,294169
2025-02-26,683.78,686.54,674.6,679.42,436896
2025-02-27,682.5,683.78,676.72,678.52,89442
2025-02-28,676.5,679.54,673.08,673.48,91848
2025-03-03,672,674.46,666.96,673.98,111016
2025-03-04,676.18,680.26,674.52,678.38,76196
2025-03-05,684.5,684.5,679.64,683.9,111033
2025-03-06,683,683.54,677.46,682.4,100393
2025-03-07,678.66,682.48,678.48,681.24,106443
2025-03-10,682.24,683.8,678.7,683.04,124587
2025-03-11,681.38,681.98,675.94,679.08,112440
2025-03-12,680.6,682.02,678.58,681.12,86248
2025-03-13,682.7,687.26,680.14,686.18,107484
2025-03-14,687.52,699.36,687.16,696.7,160302
2025-03-17,698,698.74,694.76,697.64,111207
2025-03-18,697,702.94,696.5,702.38,144981
2025-03-19,705.66,710.26,704.16,709.18,162851
2025-03-20,708,712.1,705,710.5,176779
2025-03-21,709.8,711.24,705.9,706.96,237973
2025-03-24,708,708.7,701.32,707.14,283887
2025-03-25,706.48,707.82,703.72,706.76,234642
2025-03-26,707,710.02,706.84,709.02,238342
2025-03-27,709.52,711.22,706.5,710.3,243137
2025-03-28,714.66,722.88,711.82,722.8,413248
2025-03-31,721.48,732.1,719.28,729.8,462424
2025-04-01,731.74,739.8,726.14,736.3,510074
2025-04-02,737.1,738.5,731.1,733.6,434172
2025-04-03,735.88,747.98,731.9,739.04,537550
2025-04-07,701.8,728,701,718.18,559250
2025-04-08,718.6,720.38,710.04,719.22,559659
2025-04-09,718.26,728.5,716.56,728.14,527616
2025-04-10,729,744.88,728.6,744.48,703287
2025-04-11,743.14,763.62,740.68,757.3,769572
2025-04-14,763,766.5,757.18,763.64,610748
2025-04-15,759.4,765.16,757.32,764.44,447203
2025-04-16,763.94,782.38,762.3,781.6,449355
2025-04-17,783.5,796.7,781.6,789.22,703874
2025-04-18,788.1,791.9,778.14,791.02,595905
2025-04-21,790.12,805.56,788.22,805.06,385994
2025-04-22,810.3,836.3,808.4,831.42,872331
2025-04-23,820.58,828.74,783.06,784.28,1365148
2025-04-24,786.28,804.84,774.48,792.2,1125865
2025-04-25,795.06,801.36,782.4,787.2,662672
2025-04-28,784.5,790.68,777.16,780.04,543425
2025-04-29,782.9,794.66,780.52,785.14,433745
2025-04-30,786,790.3,782,782.38,185131
2025-05-06,784.88,801.88,784.26,797.2,198879
2025-05-07,802,809.36,795.6,803.5,413639
2025-05-08,803.1,809.88,788.78,790.78,565698
2025-05-09,795.86,797.5,777.1,788.42,663192
2025-05-12,790.16,792.64,767.5,772.28,608130
2025-05-13,760.8,768.66,756.02,767.68,625489
2025-05-14,764,768.28,760.78,761.72,497536
2025-05-15,750,752.74,732.64,739.82,744074
2025-05-16,747.8,759.2,746.44,751.8,481303
2025-05-19,743.7,761.04,743.04,755.86,354299
2025-05-20,757,759.56,753.12,754.38,268945
2025-05-21,760.6,779.2,758.68,778.78,396470
2025-05-22,775.16,785.36,773.66,780.1,307542
2025-05-23,775.22,780.58,770,780.1,330152
2025-05-26,785,786.82,777.1,777.3,296331
2025-05-27,777.9,780.98,770.38,771.6,228706
2025-05-28,769.1,773.8,767.2,772.28,210848
2025-05-29,772.7,773.74,759.3,764.32,250594
2025-05-30,773.58,776.16,768.6,771.8,236013
2025-06-03,789.4,790,781.6,783.1,131022
2025-06-04,783.1,785.78,777.5,782.42,191944
2025-06-05,782.4,787.96,780.72,783.72,198422
2025-06-06,785.92,786.9,776.68,783.24,272195
2025-06-09,781.12,783.08,767.08,774.72,255991
2025-06-10,774,777.16,769.42,775.06,179960
2025-06-11,777.7,779.76,774.02,777.54,165488
2025-06-12,777,786.5,774.98,785.16,218198
2025-06-13,786.98,801.14,785.16,794.36,294538
2025-06-16,798.4,800.3,791.1,792.3,228842
2025-06-17,792.68,792.68,782.1,785.08,192880
2025-06-18,785.36,787.48,781.54,785.42,164233
2025-06-19,786.5,789.1,779.26,781.24,190490
2025-06-20,783.1,784.98,777.22,778.58,149695
2025-06-23,777.26,784.48,776.46,781.3,158979
2025-06-24,782,787.96,769.66,771.86,248445
2025-06-25,769.86,774.42,764.98,773.94,159583
2025-06-26,771.9,775.68,770.22,775.28,128026
2025-06-27,774.18,776.86,767.1,768.64,174515
2025-06-30,764.1,768.58,760.58,767.58,211285
2025-07-01,766.18,776.64,765.4,776.1,171739
2025-07-02,780.8,781,775.02,776.04,202457
2025-07-03,779.02,782.24,776.22,781.28,189582
2025-07-04,774.02,777.88,773.5,777.06,213782
2025-07-07,775.38,777.2,769.34,771.3,190256
2025-07-08,771.66,777.28,770.74,776.22,187574
2025-07-09,774.98,775.3,765.22,766.82,310838
2025-07-10,767.5,774.08,767.08,773.3,205604
2025-07-11,773.3,775.88,770.46,773.56,217649
2025-07-14,777.62,781.46,776.24,781.4,249578
2025-07-15,777,781.52,775.84,780.4,216294
2025-07-16,778,779.4,773.84,776.66,259450
2025-07-17,776.22,782.84,773.64,776.28,375362
2025-07-18,772,777.66,771.9,777.02,221277
2025-07-21,780.1,782.58,778.08,781.7,216182
2025-07-22,784.7,787.8,784.2,784.84,215395
2025-07-23,788.5,794,787.6,792.9,286794
2025-07-24,790.98,791.22,777.66,778.74,331215
2025-07-25,774.88,779.24,774.32,777.32,190255
2025-07-28,772.82,775.84,770.58,774.78,256019
2025-07-29,772.66,773.3,767.68,771.44,219932
2025-07-30,772.7,775.08,770.84,773.78,206379
2025-07-31,771.3,772.44,766.86,770.28,260701
2025-08-01,772.5,773.16,768.5,770.72,189185
2025-08-04,778.5,781.78,778.42,781.42,271828
2025-08-05,782.4,786.18,782.3,782.5,193353
2025-08-06,782.8,785.82,782.58,783.68,191341
2025-08-07,782.28,785.5,781.08,785.02,187081
2025-08-08,784.18,788.36,783.34,787.8,251828
2025-08-11,787.02,788.92,778.74,779.48,278074
2025-08-12,777.52,778.78,775.52,776.04,194063
2025-08-13,777.28,777.82,773.8,777.72,206809
2025-08-14,778.12,780.58,777.02,778.7,149006
2025-08-15,776.9,777.32,773.22,775.8,160609
2025-08-18,775.92,777.84,774.52,777.66,129189
2025-08-19,776.98,776.98,773.84,775.06,121660
2025-08-20,774.72,775.54,770.38,772.68,153091
2025-08-21,776.5,777.5,774.32,775.12,128755
2025-08-22,776,777.22,772.74,773.4,139379
2025-08-25,772.6,781.88,772.12,779.18,226253
2025-08-26,778.44,782.4,778.26,781.12,118442
2025-08-27,780.68,783.28,780,781.16,135834
2025-08-28,782,784.58,781.4,783.22,148309
2025-08-29,785.82,787.68,784.42,787.42,44257
2025-09-01,788.5,804.08,788.02,802.2,132324
2025-09-02,801.28,811.96,800.86,806.18,82702
2025-09-03,806,818.56,804.38,816.66,111269
2025-09-04,820,824.98,808.92,814.92,122987
2025-09-05,816.88,819.68,809.3,817.52,80168
2025-09-08,823.54,826.56,820.02,825.18,130224
2025-09-09,830,839.34,829.68,837.1,153993
2025-09-10,837.1,843.34,830.02,836.06,173781
2025-09-11,835.84,839.34,830.84,832.84,107160
2025-09-12,832.56,837.76,829,836.7,110010
2025-09-15,836.12,837.82,830.78,834.1,93304
2025-09-16,836.42,844.88,835.64,844.58,128102
2025-09-17,844.18,845.88,836.68,837.64,160371
2025-09-18,838.1,842.14,826.56,826.82,221255
2025-09-19,832.12,833.16,826.86,830.56,210003
2025-09-22,831.02,847.26,829.86,846.5,230847
2025-09-23,847.5,856.3,845.04,855.44,258495
2025-09-24,861.34,862.1,853.74,860,285621
2025-09-25,860,861.22,852.08,854.72,270576
2025-09-26,854,859.04,850.74,856.06,270430
2025-09-29,857.7,867,855.56,866.52,333591
2025-09-30,866.88,880,865.08,874.4,226548
2025-10-09,909.96,918.88,903.4,914.32,196126
2025-10-10,918.06,921.4,898.06,901.56,434564
2025-10-13,904.88,928.88,901.8,927.56,446705
2025-10-14,929.5,958.1,929.14,938.98,555171
2025-10-15,937.5,960.42,934.5,960.34,420246
2025-10-16,958,971.58,956.38,966.42,459193
2025-10-17,968.56,1001,968.56,999.8,640614
2025-10-20,989.7,989.8,960.06,970.32,728228
2025-10-21,990,1001.96,982.28,994.06,496438
2025-10-22,962.82,966.64,933.08,952.56,728934
2025-10-23,927.66,948,923.62,942.28,555735
2025-10-24,945.02,951.86,935.56,938.1,370888
2025-10-27,936.16,948.46,931.2,934.14,386272
2025-10-28,926.92,928.56,900.62,901.38,474483
2025-10-29,895.12,911.98,893.64,910.88,363239
2025-10-30,919.7,920.24,896,912.16,412100
2025-10-31,910,926.3,908.8,921.92,395964
2025-11-03,924.6,927.28,911.18,922.58,341261
2025-11-04,921.9,925.86,912.08,915.58,332993
2025-11-05,915.42,918.7,903.86,912.26,338102
2025-11-06,913.5,917.8,911.68,917.8,238433
2025-11-07,920.3,922.84,912,921.26,274034
2025-11-10,918.74,937.08,916.28,935.98,320659
2025-11-11,940.18,952.9,936.2,948.88,282172
2025-11-12,949.84,952.08,940.78,945.76,260377
2025-11-13,951.28,966.18,948.76,963.82,166257
2025-11-14,970,970.58,954.9,956.12,172436
2025-11-17,943.6,943.6,924.2,932.32,248663
2025-11-18,935.36,938.44,920.5,921.34,171891
2025-11-19,925.98,941.48,925.3,940.06,204359
2025-11-20,945,948.86,932.44,935.46,261738
2025-11-21,938.54,942.94,926.12,926.94,352583
2025-11-24,933.98,940.08,927.52,930.32,314958
2025-11-25,935.6,949.78,933.38,946.5,299689
2025-11-26,942.56,950.8,939.04,946.72,341225
2025-11-27,947,949.94,943.2,947.16,273359
2025-11-28,947.02,955.5,945.74,953.92,189713
2025-12-01,951.92,968.16,948.14,963.28,342979
2025-12-02,964.82,968.26,955.22,958.42,313720
2025-12-03,958,962.18,948.18,956.7,300096
2025-12-04,958,964.12,949.78,953.42,310489
2025-12-05,954.5,962.3,952.62,961.04,237697
2025-12-08,962.34,967.88,954.5,958.7,298231
2025-12-09,958.04,958.5,949,951.54,229564
2025-12-10,955.7,959.02,952.22,956.4,222609
2025-12-11,954.48,966.6,953.2,957.9,242710
2025-12-12,958.9,970.88,955.5,970.66,291736
2025-12-15,980.62,985.78,963.5,983.16,439719
2025-12-16,983.34,983.8,967.08,971.42,293902
2025-12-17,972.5,982.78,971.72,979.72,275889
2025-12-18,977,982.92,976.54,980.5,241109
2025-12-19,977.6,988.8,975.14,979.9,328878
2025-12-22,979.9,1000.86,978.32,1000.86,278783
2025-12-23,999.36,1018.68,998,1014.24,276379
2025-12-24,1015,1022.88,1000.5,1014.68,351281
2025-12-25,1013.94,1014.28,1003.12,1008.76,220136
2025-12-26,1007,1023.96,1007,1016.3,224588
2025-12-29,1015.38,1024,1006,1007.18,345222
2025-12-30,1004.72,1007.12,970.02,984.84,391540
2025-12-31,993.76,993.76,964,977.56,284543
2026-01-05,991,997.22,988.52,995,115147
2026-01-06,994.02,1007.42,991.6,1004.98,192487
2026-01-07,1006,1011,997.64,998.9,200099
2026-01-08,999.4,1004.94,993.58,997.94,193112
2026-01-09,996.7,1007,993,1006.48,161188
2026-01-12,1004.48,1031.3,1003.38,1026.28,238101
2026-01-13,1031.32,1038.3,1028.04,1030.44,130801
2026-01-14,1031.88,1044.06,1031.44,1043.58,154090
2026-01-15,1045,1046,1031.8,1037.96,150963
2026-01-16,1037.36,1040,1030.14,1035.5,122555
2026-01-19,1036.1,1054,1021.64,1051.8,202264
2026-01-20,1050.16,1061.16,1047.8,1060.16,168464
2026-01-21,1063,1101.92,1060.1,1092.3,350273
2026-01-22,1097,1099.62,1074,1087.58,369271
2026-01-23,1087,1119.12,1084.8,1115.64,288050
2026-01-26,1113,1151.7,1108.5,1143.32,395962
2026-01-27,1145.94,1154.46,1112.78,1148.38,401545
2026-01-28,1146.8,1186.76,1134.7,1186.2,430617
2026-01-29,1189.6,1258.72,1180,1249.12,521258
2026-01-30,1246,1251.28,1140,1161.42,894021
2026-02-02,1140,1154.78,1005.4,1008.6,893317
2026-02-03,1068.46,1098.3,1033.5,1093.78,726056
2026-02-04,1100.02,1143.36,1098.68,1141.7,462718
2026-02-05,1131.84,1139.8,1077.02,1105.76,631418
2026-02-06,1089,1105.6,1050.02,1090.12,494742
2026-02-09,1104,1133.16,1098.38,1125.94,331307
2026-02-10,1122.92,1134.46,1116.4,1121.22,218097
2026-02-11,1122.68,1132.6,1117,1130.4,217933
2026-02-12,1133.8,1135.94,1118.2,1126.12,246621
2026-02-13,1123.94,1130.38,1087.32,1110.1,303568
2026-02-24,1160,1162.32,1142,1150.5,126903
2026-02-25,1144.8,1154.98,1134,1151.06,198537
2026-02-26,1148.68,1154.46,1144.08,1146.48,169400
2026-02-27,1144.5,1150.2,1136.02,1147.9,194706
2026-03-02,1150.16,1197.36,1148.62,1197.22,319930
2026-03-03,1199.52,1205.78,1175.06,1182,392779
2026-03-04,1163.2,1165,1124.14,1153.06,418498
2026-03-05,1153.56,1159.92,1141.54,1152,233909
2026-03-06,1151.4,1151.8,1131.22,1140.8,272430
2026-03-09,1136,1152.88,1120,1140,312400
2026-03-10,1145.38,1156.72,1137.28,1153.16,89822
2026-03-11,1157,1164.28,1150,1155.52,76828
2026-03-12,1151,1156.86,1146.18,1151.52,65754
2026-03-13,1152.02,1155.1,1135,1135.9,86582
2026-03-16,1141.92,1144,1113.64,1121.5,102459
2026-03-17,1124.5,1125.06,1112,1119.16,71848
2026-03-18,1120.46,1122.5,1111.14,1116.76,68754
2026-03-19,1087,1095.2,1060,1065.26,152220
2026-03-20,1024.98,1059.5,1004.72,1042.02,263642
2026-03-23,1044,1045,929.1,942.8,370312
2026-03-24,1001.26,1001.82,959,979.8,363001
2026-03-25,977,1027.88,970.26,1013.96,317182
2026-03-26,1014.5,1022.64,986.02,995.98,291301
2026-03-27,991.18,1002.76,978.1,998.66,316403
2026-03-30,993.46,1019.5,988.1,1014.88,393515
2026-03-31,1023.8,1034.2,1011,1020.1,335355
2026-04-01,1022.92,1053.5,1021.1,1053.18,315640
2026-04-02,1052.78,1065.3,1013.72,1023.78,463035
2026-04-03,1024.64,1047.44,1019.12,1033,306760
2026-04-07,1035,1037.7,1027.76,1034.28,124206
2026-04-08,1032.98,1070,1023,1062,311307
2026-04-09,1059.7,1060,1038.78,1041.32,265623
2026-04-10,1048.5,1059,1046.18,1048.36,221263
2026-04-13,1053.42,1056.86,1036.8,1043.4,227711
2026-04-14,1043.02,1053,1038.34,1052.82,216470
2026-04-15,1050,1070.92,1050,1058.24,250768
2026-04-16,1058.96,1064.3,1052,1061.5,173059
2026-04-17,1060,1061.62,1050.06,1054.02,204155
2026-04-20,1065,1074.44,1047.22,1054.96,308208
2026-04-21,1056,1060.66,1051.1,1051.7,186441
2026-04-22,1051.86,1055.46,1037.32,1051.4,258135
2026-04-23,1048,1050,1036,1040.06,209677
2026-04-24,1045,1045.54,1030.7,1032.12,232408
2026-04-27,1036.8,1045.42,1035.1,1039.42,182039
2026-04-28,1036.24,1036.86,1020.08,1022.1,210036
2026-04-29,1015.18,1016.76,1007.24,1011.88,223967
2026-04-30,1005,1016.38,996.12,1016.12,230115
2026-05-06,1018.64,1028.68,1015.88,1028.48,90326
2026-05-07,1031.1,1043.74,1028.72,1040.98,191181
2026-05-08,1043.28,1046.36,1031.4,1038.22,210748
2026-05-11,1038,1042.58,1020.16,1026.8,228085
2026-05-12,1031.58,1042.9,1029.46,1030.12,199937
2026-05-13,1032.56,1034.42,1018,1030.56,181640
2026-05-14,1027,1032.44,1024.08,1029.6,165276
2026-05-15,1030,1031.34,1000.76,1004.38,239450
2026-05-18,999.62,1004.5,987.7,999.8,243185
2026-05-19,1006.38,1009.3,998.24,1002.18,92645
2026-05-20,1000.22,1000.92,982.2,986.64,130850
2026-05-21,990.32,1005.3,984.32,995.38,129057
2026-05-22,992,1002.16,988.48,995.76,111084
2026-05-25,993.98,1005.6,988.14,1001.4,131034
2026-05-26,1003.86,1005.22,993.02,995,132467
2026-05-27,991.86,995.08,982.6,983.56,178132
2026-05-28,973.82,976.98,959.08,961.18,280818
2026-05-29,969.86,989.96,967.82,989.4,273149
2026-06-01,987.92,1003.22,983.5,983.58,240345
2026-06-02,982.6,990.96,972.58,990.6,206219
2026-06-03,986.48,988.2,974.58,977.08,153332
2026-06-04,976.7,980.2,969,977.94,165956
2026-06-05,985.18,987.96,968.88,974.02,196978
2026-06-08,964.96,967.18,934.8,942.2,320792
2026-06-09,947.48,952.62,945.62,947.04,190012
2026-06-10,949.62,954.5,911.8,919.32,346135
2026-06-11,906.94,915.5,885.5,895,398186
2026-06-12,892,918.44,885.44,911.62,323359
2026-06-15,912.9,945.5,910.8,938.94,262444
2026-06-16,947,951.54,938.62,941.72,193146
2026-06-17,948.38,948.68,939.1,942.94,176370
2026-06-18,943.4,953.8,932.24,937.96,258473
2026-06-22,917,922.32,910.92,916.92,110330
2026-06-23,915.88,919.68,897.04,897.9,212566
2026-06-24,898.82,906.48,886.34,896.04,241146
2026-06-25,877,887.34,868.34,872,341023
2026-06-26,878.5,886.62,872.86,883.3,272086
2026-06-29,888.12,896.92,884,888.72,233900
2026-06-30,885.1,887.16,863.1,881.24,257038
2026-07-01,877,888.56,867.62,869.82,212970
2026-07-02,881,899.66,878.34,890.66,284908
2026-07-03,900,916.5,896.08,911.4,271931
2026-07-06,911.56,918.5,906.3,907.82,158114
2026-07-07,906,910.6,900.34,903.76,155508
2026-07-08,911.54,913.68,896.52,902.76,188949
2026-07-09,892.5,899.22,882,898.86,243897
2026-07-10,899.74,905.2,897.42,897.94,159986
2026-07-13,895,898.48,884.28,885.94,185696
2026-07-14,887.5,887.88,871.58,880.26,209039
2026-07-15,890,894.9,877.14,880.1,195411
2026-07-16,887.8,888.66,877.3,879.18,177790
2026-07-17,873.74,880.2,869,876.24,99264
2026-07-20,871,881.78,868.2,876.64,86455
2026-07-21,878.02,893.5,875.06,892.4,101420
2026-07-22,888.5,907.48,885.86,901.74,116815
2026-07-23,901.32,912.88,900.26,901.76,119093
2026-07-24,889.08,890.96,881,883.8,146094
2026-07-27,887,899.8,885.36,895.78,135540
2026-07-28,893.92,894.54,882.08,885.1,175293
2026-07-29,881.12,885.38,877.5,884.2,189457
2026-07-30,880.26,894.88,874.5,881.4,282457
2026-07-31,888.26,897.5,886.58,888.3,279829
2026-08-03,882.06,888.06,878.1,886.64,206131
2026-08-04,883.16,887.54,877.6,886.48,163773
2026-08-05,887.52,910.62,885.94,910.4,295465
2026-08-06,913,937.66,912,926.9,383203
2026-08-07,925.22,937,920.48,936.76,302385
2026-08-10,951,951.2,938,948.2,318936
2026-08-11,943.84,965.1,940.32,949.94,317478
2026-08-12,955,960.82,949.36,958.54,236520
2026-08-13,964.38,965.78,950.22,952.96,307720
2026-08-14,955.82,956.6,937.02,943.16,280768
2026-08-17,950.58,959.38,949,955.72,227870
2026-08-18,952.4,964,951.66,956.4,240020
2026-08-19,956.56,957.88,940.82,945.56,285920
2026-08-20,965,976.26,960.1,972.94,363693
2026-08-21,969,988.88,968.02,987.44,336058
2026-08-24,990.52,1009.36,990.16,1006.82,380411
2026-08-25,1010,1015.38,1000.2,1004.22,431132
2026-08-26,1004,1010.44,995.5,1003,318276
2026-08-27,1001,1005.26,992.18,995.3,333445
2026-08-28,992.32,999.72,988.46,999.28,271842