Date,Open,High,Low,Close,Volume
2005-01-04,29110,29190,28270,28560,134210
2005-01-05,27990,27990,27990,27990,4054
2005-01-06,28070,28520,28020,28470,118436
2005-01-07,28380,28570,28310,28420,76214
2005-01-10,28390,28590,27930,28150,115932
2005-01-11,28360,28550,28330,28510,88654
2005-01-12,28800,28920,28730,28900,72470
2005-01-13,28820,28870,28650,28810,76128
2005-01-14,28550,28810,28520,28800,79154
2005-01-17,29000,29530,28950,29290,103014
2005-01-18,29200,29340,28980,29250,87748
2005-01-19,29350,29630,29310,29590,86840
2005-01-20,29540,29750,29470,29570,64930
2005-01-21,29880,30010,29740,30000,67626
2005-01-24,30290,30710,30270,30620,71158
2005-01-25,29300,29580,29250,29580,74766
2005-01-26,29480,29560,28790,29020,172550
2005-01-27,29470,29720,29460,29620,86284
2005-01-28,29420,29660,29360,29610,92426
2005-01-31,29850,29930,29370,29470,99588
2005-02-01,29600,29700,29490,29550,61818
2005-02-02,29320,29470,29250,29460,59130
2005-02-03,29170,29260,28820,28920,104998
2005-02-04,29130,29280,28970,29270,71274
2005-02-16,29990,29990,29960,29990,24370
2005-02-17,30060,30310,29960,30290,59786
2005-02-18,30850,31000,30720,30990,64392
2005-02-21,30030,30170,29910,30110,56902
2005-02-22,30100,30530,30030,30520,64358
2005-02-23,30400,30470,30150,30220,77852
2005-02-24,30420,30750,30400,30740,82740
2005-02-25,30400,30440,30080,30220,95590
2005-02-28,30550,31010,30550,30860,87278
2005-03-01,30670,30820,30590,30680,68676
2005-03-02,30350,30550,30200,30540,87364
2005-03-03,30940,30940,30580,30620,59456
2005-03-04,30700,30910,30110,30520,127260
2005-03-07,30920,30950,30720,30760,59582
2005-03-08,30900,30920,30750,30920,51700
2005-03-09,30930,31300,30870,31260,75670
2005-03-10,31260,31350,31080,31300,61104
2005-03-11,31230,31320,31110,31170,41138
2005-03-14,31080,31250,31010,31250,42474
2005-03-15,31040,31420,31040,31340,48184
2005-03-16,30900,31560,30870,31450,54234
2005-03-17,31350,31690,31230,31550,63490
2005-03-18,31460,31580,30810,31160,94270
2005-03-21,31540,31660,31350,31530,55542
2005-03-22,31260,31530,31230,31440,49994
2005-03-23,31300,31420,31130,31180,61262
2005-03-24,30820,31050,30730,31030,74572
2005-03-25,31070,31410,31020,31390,69876
2005-03-28,31450,31690,31180,31340,75860
2005-03-29,31460,31560,31330,31440,51234
2005-03-30,31400,31460,31110,31280,84436
2005-03-31,31660,31700,31450,31550,57780
2005-04-01,31650,31760,31540,31720,59334
2005-04-04,31410,31620,31380,31560,46902
2005-04-05,31690,31760,31610,31630,40470
2005-04-06,31680,32120,31630,32110,71744
2005-04-07,32400,32580,32380,32530,49474
2005-04-08,32400,32500,32330,32450,40084
2005-04-11,32580,33160,32560,33150,54930
2005-04-12,33200,33620,32880,33270,104488
2005-04-13,32860,33160,32830,33040,55926
2005-04-14,32560,32650,31660,31710,149804
2005-04-15,31700,32250,31660,32210,104612
2005-04-18,32400,32510,32280,32350,63886
2005-04-19,32530,32910,32530,32910,47476
2005-04-20,33550,33630,33360,33560,63724
2005-04-21,33120,33190,32220,32310,83146
2005-04-22,32500,32860,32500,32740,68138
2005-04-25,32770,32800,32110,32350,105984
2005-04-26,32690,32710,32520,32690,44724
2005-04-27,32200,32280,31790,31920,98554
2005-04-28,31960,32010,31720,31870,74048
2005-04-29,31790,32110,31760,32090,47962
2005-05-09,32030,32450,32030,32380,57800
2005-05-10,32450,32680,32320,32680,70610
2005-05-11,32700,32750,32220,32430,91430
2005-05-12,32260,32390,32000,32010,77890
2005-05-13,31250,31290,30910,30910,64758
2005-05-16,30810,31240,30760,31070,103594
2005-05-17,31200,31340,30050,30450,192832
2005-05-18,30600,30720,30220,30700,150688
2005-05-19,30990,31000,30710,30750,110200
2005-05-20,30490,30790,30450,30770,80898
2005-05-23,30700,30740,30500,30530,88040
2005-05-24,30800,31000,30730,30990,63434
2005-05-25,30980,31070,30890,30990,50440
2005-05-26,31160,31290,30880,30950,64564
2005-05-27,31260,31320,31020,31160,65124
2005-05-30,31000,31170,30930,31020,47920
2005-05-31,30850,30950,30630,30680,90894
2005-06-01,29780,29790,29640,29730,39400
2005-06-02,30200,30700,30130,30700,72944
2005-06-03,31140,31440,31120,31190,89464
2005-06-06,32200,32510,32090,32510,68290
2005-06-07,32260,32370,32020,32370,85124
2005-06-08,31940,32010,31800,31850,82704
2005-06-09,31550,31980,31520,31960,64896
2005-06-10,32150,32540,32150,32540,82482
2005-06-13,32900,32950,32650,32700,67750
2005-06-14,32840,32950,31900,32340,115338
2005-06-15,32360,32700,32290,32690,52798
2005-06-16,32790,32980,32660,32880,54932
2005-06-17,33050,33330,32700,33290,89728
2005-06-20,34110,34450,34050,34370,73076
2005-06-21,33960,34160,33820,33960,66506
2005-06-22,34140,34270,34010,34070,48096
2005-06-23,33820,33930,33200,33440,99138
2005-06-24,33550,33870,33410,33860,68858
2005-06-27,33070,33130,32860,33080,64312
2005-06-28,32950,32990,32600,32770,89748
2005-06-29,32670,32670,32110,32300,120046
2005-06-30,32860,32930,32750,32850,70630
2005-07-01,32010,32520,31820,32520,98078
2005-07-04,31720,31940,31580,31920,93620
2005-07-05,31880,32450,31880,32240,100542
2005-07-06,32600,32760,32400,32550,102642
2005-07-07,32950,33050,32810,33040,71164
2005-07-08,32980,33120,32850,33050,63232
2005-07-11,33270,33390,33060,33070,81552
2005-07-12,33250,33330,33130,33220,61482
2005-07-13,32950,33130,32940,33080,56070
2005-07-14,33200,33390,33150,33350,40660
2005-07-15,33240,33390,33160,33190,43760
2005-07-18,33300,33450,33210,33270,39830
2005-07-19,33250,33360,33200,33290,28748
2005-07-20,33580,33650,32980,33340,93342
2005-07-21,33490,33530,33360,33420,25144
2005-07-22,32900,33670,32800,33650,84778
2005-07-25,33980,34670,33910,34580,61232
2005-07-26,33600,34060,33600,33870,45688
2005-07-27,33760,33930,33630,33670,41012
2005-07-28,34220,34490,34220,34360,44228
2005-07-29,34790,34870,34250,34370,71960
2005-08-01,34500,34500,34200,34280,31446
2005-08-02,34740,34760,34530,34660,40956
2005-08-03,34700,34710,34540,34650,21690
2005-08-04,34790,34800,34320,34460,38422
2005-08-05,34380,34490,34120,34310,56970
2005-08-08,34180,34310,33700,33760,54752
2005-08-09,33980,34350,33640,34320,109290
2005-08-10,33400,33600,33370,33460,96800
2005-08-11,34100,34230,33920,34140,60840
2005-08-12,34050,34180,33990,34070,36276
2005-08-15,34450,34850,34420,34740,50226
2005-08-16,34940,35060,34800,34970,37880
2005-08-17,34800,34870,34610,34620,37010
2005-08-18,33900,34210,33840,34020,49934
2005-08-19,34120,34160,33740,33750,62330
2005-08-22,34000,34180,33950,34170,43792
2005-08-23,34600,34810,34520,34790,39134
2005-08-24,34730,34750,34540,34600,41156
2005-08-25,34460,34530,34320,34490,43236
2005-08-26,34200,34450,34050,34400,61946
2005-08-29,34920,35020,34870,34910,33970
2005-08-30,34740,34880,34670,34750,32094
2005-08-31,34960,34990,34850,34960,29462
2005-09-01,34580,34790,34580,34620,49604
2005-09-02,34900,34940,34700,34780,46652
2005-09-05,35160,35240,35050,35070,37180
2005-09-06,35140,35140,34960,35010,26830
2005-09-07,34850,34850,34640,34690,34140
2005-09-08,34550,34920,34520,34910,33116
2005-09-09,34370,34620,34370,34550,49610
2005-09-12,34520,34690,34510,34650,33342
2005-09-13,35000,35070,34890,34930,38780
2005-09-14,34780,34870,34670,34760,23628
2005-09-15,34780,34860,34570,34620,33140
2005-09-16,34530,34560,34270,34290,41336
2005-09-19,33750,33750,33480,33510,45576
2005-09-20,34380,34510,34330,34360,48624
2005-09-21,34420,34490,34320,34430,35832
2005-09-22,35100,35300,35030,35260,47058
2005-09-23,35200,35510,35150,35410,43650
2005-09-26,35350,35440,35200,35210,23888
2005-09-27,35650,35710,35490,35500,33216
2005-09-28,35500,35530,35430,35490,19260
2005-09-29,35630,35640,35480,35540,19978
2005-09-30,35520,35600,35490,35580,17816
2005-10-10,36490,36950,36490,36950,22786
2005-10-11,36900,37240,36600,36810,46442
2005-10-12,37400,37470,37260,37300,26990
2005-10-13,36800,37040,36720,37020,30822
2005-10-14,36560,36780,36560,36700,32740
2005-10-17,36800,37220,36800,37180,26642
2005-10-18,37790,37940,37790,37820,25862
2005-10-19,37440,37560,37180,37230,32492
2005-10-20,37280,37470,37200,37460,23720
2005-10-21,36810,36900,36220,36390,69808
2005-10-24,37000,37240,36980,37130,42074
2005-10-25,37090,37100,36460,36660,57934
2005-10-26,37480,37480,36960,37040,47912
2005-10-27,36900,36950,36420,36790,72440
2005-10-28,36650,36710,36360,36620,58248
2005-10-31,36680,36740,36250,36330,70910
2005-11-01,36300,36690,36180,36540,76168
2005-11-02,36600,36770,36490,36720,54044
2005-11-03,36900,36930,36660,36660,40370
2005-11-04,36570,36650,36460,36600,37876
2005-11-07,36810,37040,36500,36600,103884
2005-11-08,36590,36750,36520,36710,49640
2005-11-09,36520,36690,36490,36670,40206
2005-11-10,36600,36630,36330,36580,68666
2005-11-11,37050,37170,36990,37090,48684
2005-11-14,37600,37650,37340,37370,41646
2005-11-15,37410,37530,37300,37430,36376
2005-11-16,37310,37520,37310,37430,23020
2005-11-17,37420,37420,37080,37140,41508
2005-11-18,37200,37220,36920,37060,49852
2005-11-21,37300,37430,37060,37100,33412
2005-11-22,37100,37150,36960,37010,25292
2005-11-23,36350,36540,35540,35610,99692
2005-11-24,35920,36030,35780,36000,40834
2005-11-25,36290,36810,36200,36700,45020
2005-11-28,36350,36400,35710,35860,49002
2005-11-29,35980,36260,35870,36040,39970
2005-11-30,35950,37430,35870,37030,97272
2005-12-01,37050,37420,36860,37150,71190
2005-12-02,38200,38540,38150,38330,63148
2005-12-05,38280,38470,38180,38350,36462
2005-12-06,38490,38500,38280,38450,29418
2005-12-07,38300,38750,38110,38720,52946
2005-12-08,39200,39350,39150,39240,39348
2005-12-09,39260,39450,39230,39440,23198
2005-12-12,39400,40180,39340,40140,32760
2005-12-13,39400,39550,39250,39500,32818
2005-12-14,40100,40330,40100,40280,23180
2005-12-15,39270,39750,39270,39620,31562
2005-12-16,39550,39750,39280,39420,23586
2005-12-19,40030,40080,39750,39790,16064
2005-12-20,39700,39800,39600,39700,13670
2005-12-21,39710,39870,39640,39670,11688
2005-12-22,39710,40170,39710,40150,24918
2005-12-23,40200,40640,40200,40600,29320
2005-12-26,40750,41880,40750,41680,48862
2005-12-27,41860,42260,41650,41970,39332
2005-12-28,42150,42150,41700,42000,33566
2005-12-29,41950,41980,41240,41400,32056
2005-12-30,41400,41740,41350,41720,33652
2006-01-02,41400,41740,41350,41720,33652
2006-01-03,41400,41740,41350,41720,33652
2006-01-04,41400,42510,41350,42480,31178
2006-01-05,43200,43200,42680,42780,32632
2006-01-06,42560,43080,42500,43060,28226
2006-01-09,43300,43420,43100,43260,29006
2006-01-10,43400,43800,43290,43760,34412
2006-01-11,43740,44010,43650,43870,24658
2006-01-12,43800,43930,43680,43800,23548
2006-01-13,43850,43960,43750,43860,18528
2006-01-16,44290,44690,44210,44640,20084
2006-01-17,44500,44930,44110,44640,17984
2006-01-18,43870,44020,42740,42930,28448
2006-01-19,43880,44210,43500,43750,21178
2006-01-20,43500,43500,43000,43450,19434
2006-01-23,43020,43700,43010,43680,15054
2006-01-24,43990,44160,43660,43810,12646
2006-01-25,44300,44300,44110,44220,12656
2006-01-26,45090,45680,45030,45530,19254
2006-01-27,45400,45990,45300,45890,9838
2006-02-06,47600,47600,47600,47600,818
2006-02-07,48300,49230,48300,48980,18324
2006-02-08,46920,47950,46920,47540,26534
2006-02-09,48000,48330,47890,48210,10330
2006-02-10,48300,48590,47800,47900,13178
2006-02-13,46420,46890,46250,46510,20710
2006-02-14,46500,46790,46200,46750,13108
2006-02-15,47080,47360,46860,46980,18308
2006-02-16,45300,45710,45210,45410,23430
2006-02-17,46010,46160,44800,45550,32944
2006-02-20,45540,45780,45350,45680,19616
2006-02-21,46600,46600,46200,46360,17270
2006-02-22,46700,46840,46250,46320,19706
2006-02-23,46520,46590,45800,45880,35514
2006-02-24,45500,46380,45100,46350,40914
2006-02-27,46000,46100,45200,45360,48360
2006-02-28,44310,44860,44260,44740,53222
2006-03-01,45300,45420,44700,44830,43152
2006-03-02,45670,45920,45430,45900,55988
2006-03-03,46360,47230,46350,46700,53062
2006-03-06,46850,46990,46590,46710,26804
2006-03-07,45910,46130,45700,46040,39216
2006-03-08,45600,45790,45450,45780,29518
2006-03-09,45550,46120,45480,45980,50546
2006-03-10,46150,46200,45470,45480,49016
2006-03-13,46100,46150,45820,46100,28442
2006-03-14,46560,46580,46320,46370,22450
2006-03-15,46530,46650,46350,46380,20670
2006-03-16,46340,46400,46110,46280,22794
2006-03-17,46600,47180,46600,47160,22630
2006-03-20,48710,48710,48500,48710,18118
2006-03-21,48000,48380,47950,48330,21870
2006-03-22,47970,48120,47800,47900,27988
2006-03-23,48230,48380,47910,48350,34252
2006-03-24,49100,49220,48710,48720,33024
2006-03-27,49050,49150,48780,48880,25064
2006-03-28,49300,49420,48970,49000,28272
2006-03-29,49060,49110,48590,48600,36312
2006-03-30,49030,49270,48920,49240,38566
2006-03-31,49860,50600,49680,50380,63572
2006-04-03,49880,50230,49760,50180,36624
2006-04-04,51680,52000,51560,51760,33018
2006-04-05,51760,52200,51640,52000,40940
2006-04-06,53050,53480,52760,53340,44928
2006-04-07,53700,54320,53650,53810,41616
2006-04-10,54010,54940,53910,54900,32370
2006-04-11,55690,56270,55690,56090,22106
2006-04-12,56000,56180,55460,55790,29922
2006-04-13,56690,56890,56150,56220,23834
2006-04-14,56990,57350,56610,57350,32806
2006-04-19,61650,61840,61390,61710,48954
2006-04-20,60500,61150,60280,60760,46246
2006-04-21,60010,60240,58930,59190,51614
2006-04-24,62150,62150,62150,62150,498
2006-04-25,63890,64400,63260,64270,64892
2006-04-26,66400,66400,66400,66400,2654
2006-04-27,68720,69720,68460,69720,42360
2006-04-28,67000,68490,65880,68010,50366
2006-05-08,69860,69860,69860,69860,150
2006-05-09,72500,73510,72420,73300,26004
2006-05-10,75000,76110,75000,76110,21418
2006-05-11,78500,79490,77700,79490,13410
2006-05-12,83880,83880,80010,81500,34878
2006-05-15,82100,85550,81740,83400,37746
2006-05-16,80210,80890,80210,80210,19744
2006-05-17,83950,84300,77010,81780,62806
2006-05-18,78480,78780,78480,78480,8228
2006-05-19,78100,78100,76280,76420,41454
2006-05-22,73600,73600,73600,73600,400
2006-05-23,72500,72990,70220,70650,52962
2006-05-24,79880,79880,73900,74550,336
2006-05-25,73000,73200,70160,72760,63264
2006-05-26,74000,74380,73010,73990,53744
2006-05-29,75000,76270,75000,76250,29366
2006-05-30,75950,76980,75510,76600,34202
2006-05-31,74600,74600,73440,73440,29916
2006-06-01,72000,72000,70180,70380,35558
2006-06-02,68880,70480,68180,70200,58958
2006-06-05,71780,72190,70860,72190,30424
2006-06-06,70500,70990,69600,69600,32260
2006-06-07,68990,68990,67370,67560,42882
2006-06-08,69650,70190,68100,68500,37624
2006-06-09,66570,66960,66570,66570,13988
2006-06-12,63320,63500,63290,63290,2592
2006-06-13,61500,61500,59480,59530,26678
2006-06-14,56910,57200,56910,56910,1726
2006-06-15,56000,59980,55020,59600,77894
2006-06-16,60120,60120,60120,60120,1506
2006-06-19,61890,62000,58440,58600,73200
2006-06-20,57090,59090,57090,58940,63402
2006-06-21,58800,59980,57700,59280,81884
2006-06-22,59600,61500,59400,61500,71782
2006-06-23,58500,59060,58190,58550,70956
2006-06-26,59870,60470,58600,58750,50176
2006-06-27,61000,61200,60200,60990,66392
2006-06-28,58310,59220,58300,59110,51906
2006-06-29,59980,59980,59160,59260,41830
2006-06-30,61930,61930,61930,61930,1360
2006-07-03,61930,61930,61930,61930,1360
2006-07-04,61930,66320,61930,65920,83266
2006-07-05,66350,67000,66100,66870,54336
2006-07-06,66880,67380,65850,65940,47144
2006-07-07,69020,69020,69020,69020,856
2006-07-10,68790,70580,68600,70180,57694
2006-07-11,70210,71450,70210,71440,43310
2006-07-12,73090,73500,72590,73300,48740
2006-07-13,72010,72600,71190,71200,63796
2006-07-14,72010,72470,70380,70750,54746
2006-07-17,72010,72470,70380,72000,21150
2006-07-18,72010,72470,70380,72000,21150
2006-07-19,67900,67900,65640,65650,40234
2006-07-20,67440,67500,65800,66050,61454
2006-07-21,63850,63850,63850,63850,2946
2006-07-24,60820,62850,60650,62480,59296
2006-07-25,63110,64310,62900,64310,44382
2006-07-26,65400,65900,63380,63420,77990
2006-07-27,64000,65000,63520,64980,73740
2006-07-28,65550,65730,64610,65680,57266
2006-07-31,67570,67710,67300,67710,11780
2006-08-01,67980,69760,67500,68370,73844
2006-08-02,69070,69300,67400,67560,83700
2006-08-03,67900,70750,67400,70260,93086
2006-08-04,66040,68870,66040,68030,105638
2006-08-07,70310,70310,68910,69430,58508
2006-08-08,69740,69740,68490,68600,67154
2006-08-09,67600,68280,67110,67390,57678
2006-08-10,69780,70390,69250,70230,66516
2006-08-11,68480,69930,68220,69860,57334
2006-08-14,66650,68580,66650,68030,63228
2006-08-15,68100,68400,67250,67330,53318
2006-08-16,67290,67720,67100,67390,32684
2006-08-17,67480,68340,67480,67900,42808
2006-08-18,65800,66950,65800,66830,53068
2006-08-21,66400,67290,65810,66750,51034
2006-08-22,67940,68350,67680,67990,39094
2006-08-23,67450,68330,67450,67900,34484
2006-08-24,68210,68250,67570,67700,19840
2006-08-25,67600,67750,67150,67660,32308
2006-08-28,68000,68050,67730,67740,12594
2006-08-29,67920,68050,67540,67670,13456
2006-08-30,67920,68050,67030,67240,23058
2006-08-31,67000,67330,66720,67280,18304
2006-09-01,68300,69720,68300,69720,19268
2006-09-04,69540,71080,69210,71010,34656
2006-09-05,70790,71660,70700,71150,35860
2006-09-06,74120,74120,73320,73900,29506
2006-09-07,74880,75200,74430,74650,37650
2006-09-08,74520,74880,73600,73770,36486
2006-09-11,72770,72770,71170,71170,32596
2006-09-12,68000,69750,68000,69600,63366
2006-09-13,68300,69500,67900,68520,62702
2006-09-14,69700,70750,69420,70720,44566
2006-09-15,68280,69100,67840,68660,43724
2006-09-18,68410,69830,68390,69390,39204
2006-09-19,71200,71550,70210,70410,42906
2006-09-20,69580,69910,68610,68720,49888
2006-09-21,69880,70190,69250,69520,38314
2006-09-22,71180,71300,70180,70600,34872
2006-09-25,70590,70820,69840,70030,32410
2006-09-26,71000,71050,69650,69680,30630
2006-09-27,70330,70680,70000,70580,30920
2006-09-28,70680,70740,70410,70690,15174
2006-09-29,70000,70900,69830,70760,16596
2006-10-09,70980,71900,70140,70440,17406
2006-10-10,70300,70400,69750,70130,11886
2006-10-11,69400,69650,69260,69310,9634
2006-10-12,69930,69960,69650,69820,9426
2006-10-13,69580,70120,69580,69810,11106
2006-10-16,70000,70100,69630,69970,13280
2006-10-17,72400,72580,72110,72270,5654
2006-10-18,71400,71860,71280,71480,13058
2006-10-19,71510,71780,71300,71640,9866
2006-10-20,71800,71860,71500,71500,6032
2006-10-23,70990,71420,70820,71410,7580
2006-10-24,71200,71290,70410,70500,9748
2006-10-25,70550,70790,70280,70560,7538
2006-10-26,70710,70920,70620,70900,6814
2006-10-27,70690,70690,70110,70110,7482
2006-10-31,68860,69100,68550,69040,8682
2006-11-01,68800,69650,68630,69640,7232
2006-11-02,68010,68470,68010,68210,5952
2006-11-03,68150,68450,68100,68160,4590
2006-11-06,68150,68450,67100,67220,22910
2006-11-07,68250,68280,68050,68150,3430
2006-11-08,68210,68300,68030,68220,3444
2006-11-09,66890,67380,66500,67140,19702
2006-11-10,68200,68280,67400,67450,13136
2006-11-13,65060,65060,65060,65060,1800
2006-11-14,64500,64980,63650,63950,41728
2006-11-15,63600,63880,61830,62060,47584
2006-11-16,62710,63150,62080,63150,47998
2006-11-17,61920,62430,61310,62290,40586
2006-11-20,62880,62980,62310,62550,23754
2006-11-21,62450,62770,62140,62290,24582
2006-11-22,63490,64020,63410,64000,28338
2006-11-23,63480,64500,63410,64310,21826
2006-11-24,64730,66350,64700,66190,39360
2006-11-27,67200,67520,66720,66860,30372
2006-11-28,66220,66880,65910,66100,23198
2006-11-29,65760,65980,64920,65680,25424
2006-11-30,65480,65950,65360,65740,16364
2006-12-01,65740,66160,64900,64990,15280
2006-12-04,65280,65700,65090,65340,15116
2006-12-05,65260,65340,63720,63940,28194
2006-12-06,65500,65070,64830,64970,26890
2006-12-07,63530,64350,63530,64220,21468
2006-12-08,63510,63980,63250,63920,30168
2006-12-11,63790,63870,63500,63700,18648
2006-12-12,64000,64420,64000,64160,16080
2006-12-13,63480,63880,63410,63830,16144
2006-12-14,62850,63130,62620,63020,27822
2006-12-15,63220,63300,63010,63110,16314
2006-12-18,62500,63120,62500,63090,18072
2006-12-19,62920,63240,62560,62780,21396
2006-12-20,62800,62910,62650,62860,12044
2006-12-21,62250,62300,61070,61080,34236
2006-12-22,59660,59250,59190,59190,20680
2006-12-25,58970,60360,58900,59580,26274
2006-12-26,59500,59940,59390,59810,9718
2006-12-27,60000,60260,59530,59900,12510
2006-12-28,60400,60690,60120,60690,15302
2006-12-29,59860,60100,59600,60080,13146
2007-01-04,57380,57380,57380,57380,112
2007-01-05,54510,54960,54510,54700,31144
2007-01-08,53260,53480,52440,52440,33356
2007-01-09,52800,53500,52650,53410,42894
2007-01-10,53580,54790,53550,54570,50708
2007-01-11,56260,56420,54730,54800,64996
2007-01-12,55280,55300,53930,54020,58482
2007-01-15,54000,54860,53510,54120,71164
2007-01-16,53520,53600,51990,51990,55006
2007-01-17,52800,53260,52310,52850,56146
2007-01-18,53140,53600,52560,53550,44536
2007-01-19,51200,51690,50920,51330,50054
2007-01-22,52060,52670,51960,52550,32194
2007-01-23,52450,52700,52160,52260,29740
2007-01-24,53500,54250,53500,54110,25578
2007-01-25,53570,54130,53500,53850,29946
2007-01-26,54680,54800,53280,53400,44658
2007-01-29,53700,54400,53620,54280,41870
2007-01-30,51970,52300,51900,51910,32764
2007-01-31,52700,52800,52230,52470,35506
2007-02-01,53190,53430,52960,53130,29600
2007-02-02,52090,52450,51700,52380,50024
2007-02-05,50010,50200,50010,50040,33338
2007-02-06,49960,50320,49680,50220,45556
2007-02-07,51380,51480,50670,50820,48672
2007-02-08,50380,50520,50040,50150,32960
2007-02-09,50750,51400,50700,51360,41548
2007-02-12,52160,52720,51860,52700,56280
2007-02-13,51800,52150,51640,52020,23092
2007-02-14,51800,54140,51640,54140,4058
2007-02-15,54340,55390,54100,54900,57724
2007-02-16,55600,55960,55210,55550,23750
2007-02-26,57720,57720,57720,57720,70
2007-02-27,59120,59380,57620,57620,43482
2007-02-28,56700,58250,56680,58230,58666
2007-03-01,57620,58120,57230,57490,54128
2007-03-02,57300,57660,56900,57330,47388
2007-03-05,56400,56670,54970,55010,63690
2007-03-06,55450,56490,55350,56350,60930
2007-03-07,56600,56790,55960,56660,42198
2007-03-08,57550,58000,57300,57940,62996
2007-03-09,58010,58280,57120,57290,93600
2007-03-12,56910,57790,56770,57710,60030
2007-03-13,58500,58780,58300,58610,61996
2007-03-14,58000,58150,57560,58140,63034
2007-03-15,58790,59000,58390,58970,47528
2007-03-16,61000,61020,60400,61020,41524
2007-03-19,60700,61150,60200,60310,68476
2007-03-20,61100,61460,61000,61320,62360
2007-03-21,61000,61000,60280,60330,69336
2007-03-22,61010,61300,60680,61010,59726
2007-03-23,61540,62250,61360,62240,80500
2007-03-26,61800,62710,61590,62500,77962
2007-03-27,63000,63260,62620,62730,102646
2007-03-28,61950,62330,61580,61980,99078
2007-03-29,62070,62230,61500,61710,94910
2007-03-30,62630,63130,62470,63120,74784
2007-04-02,63410,63650,63080,63170,81608
2007-04-03,64060,64250,63860,63990,72806
2007-04-04,66190,66200,65370,65620,67708
2007-04-05,65910,66550,65910,66150,87596
2007-04-06,66000,67810,65980,67600,91780
2007-04-09,67820,69650,67810,69650,62732
2007-04-10,70800,72400,70610,71400,87066
2007-04-11,71710,72040,69890,70870,91588
2007-04-12,71900,73550,71760,73480,126122
2007-04-13,70900,71680,70710,71340,104128
2007-04-16,72200,73750,72200,73360,95380
2007-04-17,72780,73450,72380,72380,119170
2007-04-18,75790,75810,75140,75810,87654
2007-04-19,75450,75750,72580,73560,155494
2007-04-20,74000,74000,71460,72840,148636
2007-04-23,74000,74030,71460,73950,36440
2007-04-24,74200,74300,72500,73160,120522
2007-04-25,71300,71600,70350,70500,101122
2007-04-26,71380,71500,70730,71100,81734
2007-04-27,69000,69100,68260,68260,67014
2007-04-30,68750,71030,68310,70990,106556
2007-05-08,72480,72480,72480,72480,408
2007-05-09,74050,74450,72910,73190,100880
2007-05-10,72500,72860,71660,72720,95212
2007-05-11,70000,70240,69420,69420,71564
2007-05-14,69980,70190,68700,68880,75772
2007-05-15,67010,67410,66690,66690,47354
2007-05-16,67500,67700,66450,67580,90158
2007-05-17,64530,65070,64290,64290,96972
2007-05-18,61380,62090,61360,61360,85836
2007-05-21,61900,64940,61330,64430,203600
2007-05-22,65010,65650,63690,64080,190324
2007-05-23,62100,62650,61920,62220,123256
2007-05-24,62700,63750,62600,63590,114588
2007-05-25,60910,61840,60850,61790,102004
2007-05-28,63650,63650,63650,63650,2872
2007-05-29,64530,64900,63780,63910,127662
2007-05-30,63800,64370,63170,63290,136044
2007-05-31,64200,65220,64000,65110,123384
2007-06-01,66000,66450,65230,66130,126340
2007-06-04,65660,66040,65070,65300,113090
2007-06-05,66900,67510,66650,67260,100490
2007-06-06,66500,67450,66300,66940,106134
2007-06-07,66300,66510,65400,65500,113118
2007-06-08,65420,65750,63960,64300,119972
2007-06-11,63450,63630,62340,63420,130652
2007-06-12,64490,64650,62910,62910,129582
2007-06-13,62390,62980,62150,62830,144488
2007-06-14,63470,63810,62900,63420,113090
2007-06-15,64310,64400,62880,63130,120128
2007-06-18,64280,65400,64110,65400,74472
2007-06-19,64600,64700,63980,64480,108054
2007-06-20,64370,65000,64200,64780,103820
2007-06-21,64940,64950,64580,64840,68808
2007-06-22,64500,64570,64080,64260,83280
2007-06-25,64260,64430,62820,63050,108168
2007-06-26,63700,63880,62380,62640,165602
2007-06-27,61640,61720,60420,60440,161892
2007-06-28,61070,62560,61020,62550,208128
2007-06-29,63500,64280,63050,64000,181046
2007-07-02,64000,64360,63460,64270,131138
2007-07-03,65390,66430,65160,66430,126162
2007-07-04,66400,66940,65460,65650,205952
2007-07-05,66540,67050,65900,66190,176334
2007-07-06,66500,66580,65320,65350,155412
2007-07-09,65950,66820,65730,66650,149872
2007-07-10,66950,67390,66250,66410,151254
2007-07-11,65990,65990,64330,64880,181648
2007-07-12,65030,65640,64280,65480,210154
2007-07-13,64000,64790,63200,64500,176708
2007-07-16,64000,64790,63200,64500,176708
2007-07-18,64000,64790,63200,64470,73714
2007-07-19,65100,66040,64980,65940,89122
2007-07-20,67880,68130,67560,68130,60158
2007-07-23,69220,71400,68650,70160,173296
2007-07-24,68980,69000,67710,67800,188476
2007-07-25,66980,67720,66810,67700,164442
2007-07-26,66800,68120,66500,68060,208470
2007-07-27,67300,68300,67220,67520,203714
2007-07-30,67590,68100,67320,67720,124626
2007-07-31,68700,69280,68630,68940,140748
2007-08-01,69500,69700,67710,67770,171700
2007-08-02,68200,68450,67450,67930,141602
2007-08-03,67650,68080,67560,67950,96058
2007-08-06,65600,65980,65160,65750,126168
2007-08-07,66500,66700,66400,66440,56348
2007-08-08,66850,66890,66030,66080,105054
2007-08-09,65300,66310,65300,66090,123540
2007-08-10,64520,64890,63880,64400,185350
2007-08-13,65250,65660,65110,65510,109182
2007-08-14,65710,65820,64830,65030,115880
2007-08-15,64020,64320,63940,64300,93238
2007-08-16,64010,64650,63550,64400,135824
2007-08-17,61600,62180,61600,61600,68704
2007-08-20,61600,63150,61600,63100,57546
2007-08-21,62700,63150,62510,62720,81950
2007-08-22,62720,63080,62620,63010,73032
2007-08-23,64500,65110,64250,65070,115810
2007-08-24,65190,65200,64500,64510,127394
2007-08-27,66000,66110,65560,65690,94296
2007-08-28,65700,65750,64800,64860,91780
2007-08-29,64060,64460,63700,63930,125052
2007-08-30,65000,65280,64880,65130,105174
2007-08-31,65280,65650,64980,65620,99728
2007-09-03,65700,65700,64810,64910,89124
2007-09-04,64520,65270,64410,64940,86056
2007-09-05,65010,65250,64570,64800,92716
2007-09-06,64300,64600,64090,64450,84020
2007-09-07,65000,65150,64860,64900,55548
2007-09-10,64450,64560,64200,64260,60376
2007-09-11,64310,65070,64300,64870,64630
2007-09-12,66490,66490,65410,65570,105206
2007-09-13,65710,65840,65330,65410,46786
2007-09-14,65810,65980,65520,65800,61196
2007-09-17,65700,66160,65610,66140,50506
2007-09-18,66000,66290,65800,65830,49224
2007-09-19,66970,67300,66610,67050,56926
2007-09-20,67550,67730,67210,67220,64980
2007-09-21,67380,67430,66770,67190,68368
2007-09-24,67090,67570,67010,67490,69370
2007-09-25,67810,68100,67580,68020,80098
2007-09-26,67910,68020,67330,67410,51596
2007-09-27,67010,67550,67010,67510,49618
2007-09-28,67860,68300,67750,68060,73240
2007-10-08,68500,68770,67600,67630,62044
2007-10-09,66900,67050,66020,66180,90152
2007-10-10,66300,66840,66280,66790,60306
2007-10-11,67300,67460,66830,66920,63162
2007-10-12,66500,67150,66330,66890,60904
2007-10-15,67090,67800,67030,67790,47918
2007-10-16,67600,67840,67180,67620,45264
2007-10-17,67380,67700,66950,66970,39774
2007-10-18,67000,67130,66460,66680,47744
2007-10-19,66300,66550,66100,66450,59674
2007-10-22,66000,66000,64960,64990,79304
2007-10-23,65460,65760,65080,65400,79582
2007-10-24,65150,65250,64740,64800,66058
2007-10-25,65100,65290,64850,65010,59736
2007-10-26,65180,65660,65150,65650,58540
2007-10-29,66190,66580,65970,66450,63586
2007-10-30,65500,65580,64970,65200,62176
2007-10-31,65250,65510,65030,65200,56236
2007-11-01,65210,65340,64380,64410,71396
2007-11-02,63000,63750,63000,63720,80478
2007-11-05,63500,63830,62580,62700,101440
2007-11-06,62730,63600,62500,63460,86034
2007-11-07,63830,63900,63280,63480,69970
2007-11-08,62080,62480,61810,61890,110430
2007-11-09,61900,62300,61700,62190,82970
2007-11-12,60960,60970,59600,59650,127018
2007-11-13,59900,59950,58410,59270,153366
2007-11-14,59430,59980,59250,59770,88092
2007-11-15,61800,61900,59810,60000,145036
2007-11-16,58500,58970,58200,58200,86904
2007-11-19,59180,59390,57210,57390,148948
2007-11-20,55780,56000,55780,55780,42514
2007-11-21,55420,56000,53010,53200,167896
2007-11-22,52000,54990,51710,54450,261414
2007-11-23,54010,55660,53200,55420,283008
2007-11-26,55850,56550,54120,54600,308662
2007-11-27,53990,54730,53560,54390,274878
2007-11-28,54020,55550,53800,55520,259698
2007-11-29,56000,57070,55830,57070,194304
2007-11-30,57150,59200,56520,58140,375892
2007-12-03,58710,59770,57510,57690,334150
2007-12-04,56300,57000,56070,56070,214226
2007-12-05,56120,57500,55580,57500,364832
2007-12-06,57120,58140,56680,56800,347880
2007-12-07,57300,57700,56730,57030,244394
2007-12-10,57500,57950,56770,57350,250728
2007-12-11,57000,57300,56600,57170,182262
2007-12-12,56020,56500,54810,54870,288398
2007-12-13,55480,56250,54870,55580,264052
2007-12-14,54600,54800,54080,54780,192884
2007-12-17,55000,55490,54680,54880,123776
2007-12-18,53830,53840,53200,53420,143086
2007-12-19,52470,53620,52250,53600,153668
2007-12-20,54240,55050,53920,55020,200074
2007-12-21,54620,56730,54300,56730,233594
2007-12-24,58280,58460,58000,58460,15534
2007-12-25,61250,61250,57510,57970,340390
2007-12-26,57810,59250,57380,58850,268928
2007-12-27,58960,60000,58120,58280,311372
2007-12-28,58000,58000,56700,56880,265542
2007-12-31,58000,58000,56700,56880,265542
2008-01-01,58000,58000,56700,56880,265542
2008-01-02,57000,58000,56650,56940,217206
2008-01-03,57150,58090,56950,57910,199688
2008-01-04,59500,59800,59410,59800,9354
2008-01-07,59200,60190,58800,59100,291386
2008-01-08,59220,60000,59080,59830,227708
2008-01-09,61980,61980,60660,61900,205112
2008-01-10,61410,61690,60720,60850,205930
2008-01-11,61300,62610,61030,62520,182874
2008-01-14,62500,62850,61920,62280,138382
2008-01-15,62610,62980,61010,61150,128322
2008-01-16,59850,60030,59380,59380,67418
2008-01-17,58810,60350,58600,60300,230138
2008-01-18,59360,60060,58900,59900,224280
2008-01-21,60600,61430,60500,60560,204818
2008-01-22,58560,58980,58560,58560,85846
2008-01-23,60110,60450,57600,58870,320346
2008-01-24,58880,60100,58620,59950,307496
2008-01-25,60160,60630,59750,60270,226352
2008-01-28,60000,60230,58580,59040,220350
2008-01-29,60000,60640,59750,60550,224578
2008-01-31,60480,61150,60240,61130,177810
2008-02-01,61620,61980,61110,61210,168294
2008-02-04,61100,62120,61100,62100,92586
2008-02-05,62080,62520,61800,62520,69374
2008-02-13,64590,64590,63460,63650,112418
2008-02-14,64190,64530,63400,64300,118580
2008-02-15,63500,64120,63500,64110,67846
2008-02-18,64260,65610,64110,65490,100992
2008-02-19,66200,66980,66020,66170,173780
2008-02-20,67000,67500,66060,66210,197162
2008-02-21,66800,67570,66600,67550,170360
2008-02-22,68100,68430,67710,68060,149392
2008-02-25,68360,70200,68360,70000,165694
2008-02-26,68860,69090,66560,66700,203070
2008-02-27,68500,69210,67910,68120,182854
2008-02-28,69480,69680,68370,68850,201350
2008-02-29,69300,69380,68570,68800,134810
2008-03-03,68600,69720,68470,69340,137076
2008-03-04,69890,70550,69170,69420,154934
2008-03-05,68200,68690,67740,67840,126120
2008-03-06,70500,70500,69270,69420,119978
2008-03-07,68500,69350,68370,69140,82468
2008-03-10,68660,68950,67910,68370,102622
2008-03-11,67210,67750,67210,67700,67392
2008-03-12,67450,67900,66310,66580,103506
2008-03-13,67470,67490,66610,66680,66064
2008-03-14,66550,67700,65610,67650,89852
2008-03-17,67390,68250,67050,68200,130478
2008-03-18,65090,65860,65080,65080,143906
2008-03-19,65420,65670,64710,65100,131226
2008-03-20,63050,63390,62660,62730,117240
2008-03-21,63350,64450,63130,64360,112878
2008-03-24,64810,64910,63760,63960,112342
2008-03-25,64320,64750,64200,64630,93324
2008-03-26,65000,65280,64450,64590,105398
2008-03-27,65000,65620,64460,65130,149096
2008-03-28,66470,66500,65870,66160,129812
2008-03-31,65900,66440,65820,66110,91286
2008-04-01,65700,65800,63980,64250,139648
2008-04-02,65000,65450,64620,65370,110294
2008-04-03,66180,66490,65810,66140,103886
2008-04-04,66180,66490,65810,66140,103886
2008-04-07,67000,67270,66650,66760,84176
2008-04-08,66520,66660,65620,65770,84378
2008-04-09,65330,65780,65090,65750,90966
2008-04-10,66880,66900,66050,66320,80780
2008-04-11,65740,65740,65360,65470,63862
2008-04-14,64850,64940,63430,64410,107880
2008-04-15,64410,64880,64220,64620,61084
2008-04-16,64000,64150,63420,64100,68418
2008-04-17,64910,65190,64460,64660,84318
2008-04-18,64000,64350,63810,64200,72370
2008-04-21,64490,64990,64030,64140,96680
2008-04-22,63850,64610,63850,64390,83996
2008-04-23,64970,64970,64650,64830,71142
2008-04-24,64440,65600,64440,65480,109214
2008-04-25,65080,65360,64770,64910,80568
2008-04-28,65520,66040,65400,65800,86840
2008-04-29,65830,65860,65420,65520,45494
2008-04-30,65310,65590,65300,65380,46074
2008-05-01,65310,65590,65300,65380,46074
2008-05-02,65310,65590,65300,65380,46074
2008-05-05,64500,64770,64420,64580,56064
2008-05-06,64930,65200,64740,64900,56660
2008-05-07,64840,64950,64250,64280,57656
2008-05-08,64280,64610,63810,64310,99676
2008-05-09,64000,64010,63250,63280,105468
2008-05-12,63000,63090,62100,62130,114874
2008-05-13,62470,63080,62200,62870,105570
2008-05-14,62700,62980,62040,62090,99346
2008-05-15,61800,61850,61280,61730,92460
2008-05-16,62050,63080,62050,63030,68886
2008-05-19,63200,63650,62750,62850,56964
2008-05-20,62500,63000,62360,62960,50176
2008-05-21,62650,63200,62270,62330,82886
2008-05-22,62350,62950,62200,62870,70580
2008-05-23,62350,62550,62010,62310,74530
2008-05-26,62900,63000,62600,62740,43170
2008-05-27,62600,62600,62180,62230,40036
2008-05-28,62100,62540,62050,62470,39564
2008-05-29,62220,62340,61400,61460,87548
2008-05-30,60050,60610,59880,60560,132356
2008-06-02,60800,60800,60000,60130,76898
2008-06-03,60200,60560,60050,60560,69122
2008-06-04,60100,60280,59710,59770,103974
2008-06-05,59880,60480,59840,60060,93402
2008-06-06,60800,60880,60380,60640,67124
2008-06-09,60800,60880,60380,60640,67124
2008-06-10,60580,60660,59780,59960,93030
2008-06-11,59880,60070,59570,60050,68676
2008-06-12,60080,60440,59850,59950,73722
2008-06-13,59850,60480,59740,60280,54926
2008-06-16,60770,61190,60520,60850,52736
2008-06-17,61120,61900,61040,61800,57516
2008-06-18,61580,61820,61260,61650,35994
2008-06-19,62110,62640,62000,62320,58260
2008-06-20,62460,62520,61800,62490,58840
2008-06-23,62550,62960,62300,62700,74716
2008-06-24,62510,62650,62000,62090,54836
2008-06-25,62000,62370,61840,62280,45000
2008-06-26,62400,62710,62280,62310,46418
2008-06-27,62650,62720,62150,62360,36762
2008-06-30,62880,63540,62630,63430,70722
2008-07-01,63100,63350,63050,63170,43126
2008-07-02,63350,63810,63280,63690,52078
2008-07-03,64670,64830,64100,64230,78740
2008-07-04,63500,63700,63100,63120,52766
2008-07-07,62450,63030,62400,62940,49316
2008-07-08,62700,63250,62650,63150,51870
2008-07-09,62200,62450,62010,62350,50918
2008-07-10,62510,62750,62380,62380,34930
2008-07-11,62610,62980,62450,62870,36502
2008-07-14,62850,63170,62610,62710,29138
2008-07-15,62800,62900,62330,62530,25862
2008-07-16,62010,62470,62010,62280,21776
2008-07-17,62110,62370,62100,62240,9366
2008-07-20,61990,62200,61620,62070,28186
2008-07-21,61910,62300,61860,62250,20272
2008-07-22,62280,62590,62180,62540,27870
2008-07-23,62370,62570,62150,62220,32010
2008-07-24,62100,62250,61310,61330,56340
2008-07-25,61000,61230,60770,61040,64514
2008-07-28,61210,61650,61110,61490,44832
2008-07-29,61520,61590,61150,61240,40564
2008-07-30,61070,61220,60560,60800,65020
2008-07-31,61500,61830,61350,61740,56152
2008-08-01,61450,61490,61130,61450,40276
2008-08-04,61100,61110,60720,61030,46832
2008-08-05,59600,59830,58780,58970,132978
2008-08-06,59280,59750,59130,59700,65998
2008-08-07,59300,59640,58880,59490,72408
2008-08-08,59260,59580,58940,58960,58944
2008-08-11,58000,58160,56940,57170,118186
2008-08-12,57300,57330,55820,56410,133940
2008-08-13,55500,57580,55410,57460,122448
2008-08-14,57500,57850,56300,57640,150212
2008-08-15,56010,56700,55610,56070,173298
2008-08-18,57300,58210,57110,58190,112204
2008-08-19,57500,57980,57110,57270,123900
2008-08-20,58800,58930,58460,58880,119674
2008-08-21,58900,59400,58700,59300,99296
2008-08-22,60500,60690,60090,60280,102570
2008-08-25,59510,59780,59400,59720,48964
2008-08-26,59740,60110,58900,59050,91698
2008-08-27,59400,59620,58830,59490,104898
2008-08-28,59500,59650,59300,59480,64508
2008-08-29,59000,59050,58640,58650,80172
2008-09-01,58600,58840,57990,58080,91036
2008-09-02,57450,57570,56880,57170,127912
2008-09-03,57700,58120,57530,57750,109804
2008-09-04,58280,58370,57600,57990,111820
2008-09-05,56960,57070,56520,56710,103082
2008-09-08,55680,55900,54620,55050,135012
2008-09-09,54960,55450,54650,55390,155464
2008-09-10,54080,54860,54050,54360,93182
2008-09-11,54500,54830,54320,54580,76982
2008-09-12,55120,55690,55050,55670,99632
2008-09-15,55120,55720,55050,55700,102838
2008-09-16,54550,54600,53180,53180,139774
2008-09-17,54000,54050,52900,53370,166926
2008-09-18,53790,53950,51900,52070,261686
2008-09-19,52390,52580,51620,52460,228146
2008-09-22,53800,54320,53360,54320,175602
2008-09-23,54880,54980,54060,54080,184842
2008-09-24,53050,53450,52560,53430,183932
2008-09-25,52710,53580,52640,53480,139346
2008-09-26,53400,53600,53100,53340,85868
2008-10-06,51210,51210,51210,51210,652
2008-10-07,48640,48640,48640,48640,656
2008-10-08,45720,46120,45720,45720,89880
2008-10-10,43890,43890,43890,43890,320
2008-10-13,41690,41690,41690,41690,9154
2008-10-14,43050,44190,42620,43100,178034
2008-10-15,41300,41570,41170,41180,42256
2008-10-16,40070,40070,40070,40070,596
2008-10-17,39590,40590,37610,37610,235708
2008-10-20,38320,39380,37780,39220,293028
2008-10-21,38710,38890,37160,37160,146930
2008-10-22,36070,36070,36070,36070,822
2008-10-23,33900,33900,33900,33900,4778
2008-10-27,32540,32540,32540,32540,548
2008-10-28,32600,32600,30910,32020,181598
2008-10-29,32900,32900,30550,31940,467596
2008-10-30,33100,33100,32850,33100,36778
2008-10-31,31400,31930,31400,31400,148706
2008-11-03,31900,32990,31450,32590,307000
2008-11-04,31900,32540,31500,31750,234428
2008-11-05,33150,33160,31740,32090,225278
2008-11-06,31060,31280,31060,31060,56584
2008-11-07,29540,30330,29540,29540,187930
2008-11-10,30480,31000,30350,31000,160466
2008-11-11,29800,30040,29300,29400,196322
2008-11-12,28600,29220,28600,29120,199728
2008-11-13,28700,29390,28280,29110,255138
2008-11-14,29700,30020,29530,30020,180376
2008-11-17,29590,29600,28920,29350,157452
2008-11-18,28980,29400,28880,29030,108396
2008-11-19,28750,29040,28680,29040,94190
2008-11-20,28200,28350,27690,27690,199310
2008-11-21,27000,27370,26640,26960,232012
2008-11-24,27380,27380,26520,26710,257636
2008-11-25,27900,27900,27570,27740,194000
2008-11-26,27700,27960,27510,27780,170182
2008-11-27,28300,28780,28120,28300,221698
2008-11-28,28480,28500,27540,27880,242000
2008-12-01,27600,28050,27260,28020,214828
2008-12-02,27390,27770,27070,27130,304478
2008-12-03,27180,27250,26700,26850,254928
2008-12-04,26230,26320,25900,25900,147736
2008-12-05,24900,24950,24700,24700,19022
2008-12-08,23260,25350,23260,25130,522396
2008-12-09,25400,25400,23920,24130,415556
2008-12-10,24210,25350,24020,25300,390628
2008-12-11,25010,25480,24770,25230,300598
2008-12-12,25010,25240,24110,24280,291944
2008-12-15,24200,24860,24200,24650,195652
2008-12-16,23720,24000,23570,23800,236396
2008-12-17,23910,24080,23430,23710,380588
2008-12-18,23520,23590,22790,22870,417268
2008-12-19,22320,22670,22320,22640,273330
2008-12-22,23100,23350,22980,23350,283792
2008-12-23,23070,23280,22770,22890,309740
2008-12-24,22400,23180,22400,23080,324488
2008-12-25,22800,23150,22780,22880,193144
2008-12-26,22990,23010,22210,22380,289324
2008-12-29,23200,23210,22660,22910,254372
2008-12-30,22750,23180,22620,22930,236010
2008-12-31,23080,23840,22980,23840,294720
2009-01-05,24810,24810,24530,24810,92820
2009-01-06,25050,26240,24930,26240,172126
2009-01-07,27010,27010,26810,27010,42616
2009-01-08,26230,26950,25360,25760,620556
2009-01-09,25810,27280,25770,27280,392714
2009-01-12,27800,28360,27580,28190,182886
2009-01-13,27000,27570,26370,26370,267682
2009-01-14,27580,28070,26740,27540,427718
2009-01-15,27100,27300,26210,26390,386220
2009-01-16,26880,27770,26670,27470,470404
2009-01-19,27610,28420,27590,27930,438590
2009-01-20,27800,27940,27380,27800,392774
2009-01-21,27180,27450,27070,27220,266166
2009-01-22,26950,27080,25950,26420,344388
2009-01-23,25600,25850,25210,25830,232388
2009-02-02,25980,25980,24940,25160,203760
2009-02-03,25440,26490,25380,26490,272474
2009-02-04,27050,27580,26810,27120,416074
2009-02-05,27120,27790,26880,27330,383318
2009-02-06,27280,28820,27280,28620,406176
2009-02-09,29290,29510,29120,29510,130080
2009-02-10,29570,29950,29010,29670,439896
2009-02-11,28780,28930,27960,27960,395604
2009-02-12,28130,28590,27600,28370,583246
2009-02-13,28550,28750,28230,28440,426662
2009-02-16,28000,28110,27110,27390,362928
2009-02-17,27290,27860,26840,27390,470030
2009-02-18,26150,26750,26050,26450,438800
2009-02-19,26760,27090,26410,26700,412296
2009-02-20,27050,27150,26510,26540,276300
2009-02-23,26180,27340,26150,27280,362428
2009-02-24,26780,26930,26290,26550,343944
2009-02-25,27930,27930,27380,27500,251810
2009-02-26,27890,28450,27700,27820,375082
2009-02-27,28280,28380,27670,27850,345902
2009-03-02,27740,27770,27300,27630,259104
2009-03-03,27410,28140,27210,28040,353510
2009-03-04,28500,29240,28500,29240,339388
2009-03-05,30580,30600,29470,29500,329636
2009-03-06,29480,29980,29350,29790,378598
2009-03-09,29980,29980,28880,28910,453640
2009-03-10,29080,29490,28870,29210,544164
2009-03-11,29500,29620,28930,29030,395042
2009-03-12,28630,28900,28460,28760,396860
2009-03-13,29100,29200,28750,28830,380192
2009-03-16,29030,29760,28920,29740,371310
2009-03-17,30200,30830,30130,30440,473798
2009-03-18,30360,30880,30330,30580,448658
2009-03-19,30880,31220,30780,30990,405314
2009-03-20,31800,32520,31600,32520,476144
2009-03-23,32580,34250,32350,33510,623270
2009-03-24,33560,34250,32650,32850,683890
2009-03-25,32730,33030,32390,32500,494862
2009-03-26,32750,34000,32720,33860,536302
2009-03-27,34070,34580,32850,33220,582338
2009-03-30,33100,33740,32850,33140,394068
2009-03-31,32600,33420,32210,33300,511852
2009-04-01,33080,33770,32900,33000,585796
2009-04-02,33550,34170,33380,34140,600070
2009-04-03,34490,34490,33770,33990,523238
2009-04-07,34870,35760,34560,35760,454448
2009-04-08,35660,36070,34980,35300,788958
2009-04-09,35840,36910,35800,36800,713958
2009-04-10,37720,38190,37630,38190,384384
2009-04-13,40620,40620,39140,40190,793706
2009-04-14,40390,40500,38000,38580,952754
2009-04-15,38500,39780,38290,39360,833502
2009-04-16,40690,40980,40050,40290,641074
2009-04-17,39820,40170,39130,39290,442852
2009-04-20,39500,39820,38910,39100,364570
2009-04-21,37730,37870,37370,37370,77318
2009-04-22,37080,37920,36000,36200,712012
2009-04-23,36300,36720,35380,36610,821622
2009-04-24,35500,35950,34890,34980,869634
2009-04-27,35670,35820,34100,34510,865656
2009-04-28,34800,35220,33990,34130,966864
2009-04-29,33990,34980,33440,34880,981826
2009-04-30,35640,36200,35310,36200,894160
2009-05-01,35640,36200,35310,36200,894160
2009-05-04,37500,37860,37360,37860,190436
2009-05-05,38330,38680,37300,37380,1022328
2009-05-06,36880,38100,36780,37980,907048
2009-05-07,39200,39300,38140,38210,979760
2009-05-08,38620,38930,37610,38920,1028634
2009-05-11,38150,38260,36700,36790,910042
2009-05-12,37130,37360,36390,36770,1049590
2009-05-13,36990,37460,36750,37390,959900
2009-05-14,36000,36090,35420,35500,647160
2009-05-15,36050,36280,35320,35890,847670
2009-05-18,35300,35470,34600,35250,794412
2009-05-19,36200,36860,35840,36860,565704
2009-05-20,36580,37000,36360,36570,723432
2009-05-21,36570,36890,36020,36050,672686
2009-05-22,36000,36300,35620,36270,529664
2009-05-25,36700,36930,36340,36800,460396
2009-05-26,36980,37200,36320,36390,796822
2009-05-27,37000,37270,36810,37200,674782
2009-06-01,38190,39220,38080,39210,474438
2009-06-02,40300,40620,39560,39730,1018656
2009-06-03,39950,40750,39790,40720,877726
2009-06-04,39200,39710,39180,39580,848816
2009-06-05,40800,41260,40710,41180,718878
2009-06-08,40800,41160,40360,40480,741798
2009-06-09,41080,41340,40220,40980,1004942
2009-06-10,42180,42180,41520,41730,889886
2009-06-11,41800,41880,41400,41560,683160
2009-06-12,42150,42290,41220,41350,735004
2009-06-15,40820,40870,39670,39770,539912
2009-06-16,39000,39550,38840,39350,718626
2009-06-17,38990,39420,38550,39390,667348
2009-06-18,39300,39470,38970,39230,539980
2009-06-19,39330,39430,38980,39030,342756
2009-06-22,38300,38420,38000,38070,455058
2009-06-23,37000,38190,36900,38160,747030
2009-06-24,38010,38950,37820,38910,912294
2009-06-25,38990,39560,38700,39190,1142456
2009-06-26,39600,40370,39500,40370,936344
2009-06-29,40020,40740,40020,40250,1069346
2009-06-30,40510,41050,40510,40890,932008
2009-07-01,39980,40450,39800,40370,770000
2009-07-02,40750,41040,40070,40150,857594
2009-07-03,39800,40350,39550,39760,1018068
2009-07-06,39330,39500,38610,38670,773336
2009-07-07,39100,39250,38750,39120,774070
2009-07-08,38390,38980,38310,38860,751516
2009-07-09,38380,39440,38380,39370,806202
2009-07-10,39670,39980,39220,39380,847418
2009-07-13,39690,39900,38870,38900,727520
2009-07-14,39490,39840,39260,39700,803814
2009-07-15,40220,41520,40220,41340,737902
2009-07-16,41900,42290,41390,41540,847210
2009-07-17,41780,41920,41390,41750,594950
2009-07-20,42430,43760,42330,43680,691802
2009-07-21,43480,43680,42980,43170,901280
2009-07-22,43010,43790,42830,43000,1031848
2009-07-23,43980,44090,43180,43390,998968
2009-07-24,43600,43780,43140,43700,997216
2009-07-27,43980,44980,43780,44930,1042578
2009-07-28,44670,44950,44430,44830,833398
2009-07-29,44380,44520,42450,42870,1193090
2009-07-30,42930,43280,42690,43140,963402
2009-07-31,44400,45170,44380,45170,556036
2009-08-03,46670,47880,46500,47200,936764
2009-08-04,48550,48750,46760,47770,1015102
2009-08-05,48700,48950,47730,48000,1113608
2009-08-06,48000,48350,47200,47900,1072642
2009-08-07,47020,47290,46600,46620,986678
2009-08-10,47180,48740,46850,48690,885238
2009-08-11,48160,48640,47880,48480,773336
2009-08-12,48200,48230,47470,47590,723744
2009-08-13,49050,50280,49000,49880,718774
2009-08-14,50790,51290,49810,50160,643298
2009-08-17,48000,48200,47790,47790,164846
2009-08-18,48300,48350,47540,48100,390182
2009-08-19,48200,48360,45980,46350,796170
2009-08-20,47130,47750,46580,47590,845382
2009-08-21,46890,47350,46580,46700,683016
2009-08-24,49240,49240,49200,49240,89416
2009-08-25,49260,49650,48920,49400,694566
2009-08-26,48970,50150,48920,49990,565758
2009-08-27,49700,49950,49400,49690,561118
2009-08-28,50700,50970,50490,50710,511142
2009-08-31,51280,51330,48960,49310,864218
2009-09-01,49310,49500,48770,49390,626632
2009-09-02,47770,48000,46930,47290,636548
2009-09-03,47560,48870,47380,48650,695160
2009-09-04,48920,50080,48560,49480,766262
2009-09-07,49290,49720,48990,49520,550864
2009-09-08,49260,49850,49120,49840,433312
2009-09-09,50420,50850,50020,50120,543936
2009-09-10,49980,50500,49610,50190,546002
2009-09-11,49320,50160,49140,49200,568662
2009-09-14,47490,47880,47160,47610,459822
2009-09-15,48110,48450,47930,48380,407216
2009-09-16,49000,49130,48700,48770,403262
2009-09-17,50000,50040,49560,49650,345240
2009-09-18,49280,49500,48680,48690,327502
2009-09-21,47850,48840,47700,48780,391240
2009-09-22,48850,48940,48280,48650,353936
2009-09-23,48980,48980,48130,48220,412986
2009-09-24,48000,48350,47560,48210,474394
2009-09-25,47000,47330,46780,47220,385100
2009-09-28,47110,47240,45570,45890,348730
2009-09-29,46160,46400,45820,46390,299138
2009-09-30,46600,48100,46410,48050,367328
2009-10-09,49330,49880,48830,48850,302290
2009-10-12,49060,49360,48750,49020,390986
2009-10-13,49000,49070,48620,48890,298828
2009-10-14,48420,49240,48360,49100,343842
2009-10-15,49300,49680,48630,48710,445788
2009-10-16,49210,49260,48510,48780,350444
2009-10-19,48500,49610,48420,49500,447814
2009-10-20,50380,50570,49730,50210,501592
2009-10-21,49950,50260,49750,50030,389786
2009-10-22,50890,51100,50450,50460,435346
2009-10-23,50800,51420,50700,51330,369238
2009-10-26,51170,51940,51060,51860,387124
2009-10-27,51000,51300,50930,51160,280556
2009-10-28,51090,51840,50800,51280,414762
2009-10-29,50380,50560,49900,50030,367668
2009-10-30,51450,51540,51120,51200,265686
2009-11-02,50430,50860,50150,50800,261208
2009-11-03,50700,51100,50650,50760,207510
2009-11-04,51010,51400,51010,51130,202882
2009-11-05,50910,51080,50650,50710,157508
2009-11-06,50990,51520,50920,51360,161526
2009-11-09,51360,51800,51250,51550,189326
2009-11-10,51450,51580,50780,50860,241582
2009-11-11,51170,51260,50760,50910,239640
2009-11-12,51300,51380,50980,51250,227662
2009-11-13,50650,51270,50650,51180,227826
2009-11-16,51510,52950,51380,52750,459328
2009-11-17,53800,53840,53130,53200,282928
2009-11-18,53570,53950,53350,53940,283770
2009-11-19,53650,53760,53300,53540,246700
2009-11-20,53500,53880,53410,53690,198206
2009-11-23,54230,55060,54200,55020,189560
2009-11-24,54510,54880,53810,53880,251236
2009-11-25,54360,54730,54200,54680,170160
2009-11-26,55410,55900,55050,55330,310216
2009-11-27,54400,54690,53390,53700,423260
2009-11-30,54620,55130,54520,54830,300114
2009-12-01,55350,55430,54810,54980,272264
2009-12-02,55650,55850,55370,55630,295076
2009-12-03,55880,56170,55500,55930,292138
2009-12-04,55630,55950,55450,55920,245218
2009-12-07,55780,55950,55580,55780,247908
2009-12-08,55910,56070,55690,55840,190998
2009-12-09,55000,55180,54500,54620,253548
2009-12-10,54620,54750,53480,54130,361578
2009-12-11,54100,54390,53840,54270,220122
2009-12-14,54350,55130,54010,54990,321052
2009-12-15,55010,55340,54900,55110,234494
2009-12-16,55020,55450,54950,55360,181270
2009-12-17,55900,56180,55460,55670,237836
2009-12-18,54850,55540,54840,55500,194918
2009-12-21,55600,55850,55340,55700,191730
2009-12-22,55500,55770,55260,55320,164854
2009-12-23,55540,55730,55130,55610,186414
2009-12-24,56200,57150,55960,57110,246984
2009-12-25,57570,58040,57410,57870,189678
2009-12-28,57920,59180,57750,58530,291064
2009-12-29,58450,58670,58130,58590,201684
2009-12-30,58420,59250,58280,59130,247590
2009-12-31,59340,60020,59270,60020,259676
2010-01-04,60150,60710,59820,60030,285600
2010-01-05,60450,60670,59900,60590,270286
2010-01-06,60660,61940,60510,61630,317130
2010-01-07,62070,63450,60510,61170,585286
2010-01-08,61200,61460,59680,60690,533576
2010-01-11,61550,62520,61530,62170,313530
2010-01-12,61520,61850,61050,61700,269398
2010-01-13,59500,60480,58770,59770,379902
2010-01-14,61010,61240,60600,60750,180786
2010-01-15,60710,60960,60170,60510,157256
2010-01-18,60000,60980,59990,60950,202418
2010-01-19,61220,61820,61200,61790,252200
2010-01-20,62130,62240,60980,61000,309334
2010-01-21,60800,61230,60300,60970,354376
2010-01-22,59580,59970,58600,59360,446150
2010-01-25,59780,60060,59280,59930,316838
2010-01-26,60430,60450,59180,59210,357058
2010-01-27,59550,59850,59110,59530,336408
2010-01-28,57500,57980,57050,57480,517296
2010-01-29,56780,56880,55390,55570,533156
2010-02-01,55050,55280,53360,54470,613814
2010-02-02,55210,55490,54110,54300,459288
2010-02-03,55070,56000,54560,55890,521488
2010-02-04,53700,54460,53420,54000,448664
2010-02-05,52280,52350,51360,51980,397578
2010-02-08,52420,53280,52310,52560,287140
2010-02-09,52410,53390,51980,53200,398498
2010-02-10,54000,54890,53650,54660,369934
2010-02-11,54890,55670,54810,55390,255914
2010-02-12,56590,56700,55880,56410,214074
2010-02-22,59990,60000,58950,59010,183196
2010-02-23,58960,59220,58280,59050,206748
2010-02-24,57800,58460,57650,58320,250594
2010-02-25,58450,58950,57880,58010,347708
2010-02-26,58210,58560,57910,58190,293268
2010-03-01,61150,61150,60100,60780,441518
2010-03-02,60190,60280,59120,59170,362298
2010-03-03,60000,60050,59410,59660,290284
2010-03-04,59870,60380,59400,59410,405516
2010-03-05,59380,59970,59140,59870,360530
2010-03-08,60210,60780,60050,60690,311090
2010-03-09,60300,60520,59980,60270,287352
2010-03-10,60310,60740,60300,60620,252260
2010-03-11,60180,60300,59200,59310,387696
2010-03-12,59800,59800,59210,59590,293558
2010-03-15,59390,59440,58280,58380,347316
2010-03-16,57950,58850,57760,58800,343412
2010-03-17,59280,60200,59160,60140,297218
2010-03-18,60000,60310,59460,59540,321864
2010-03-19,59690,60490,59600,60230,253090
2010-03-22,59500,59900,59410,59530,194780
2010-03-23,59980,60180,59510,59560,205702
2010-03-24,59620,59890,59030,59300,200252
2010-03-25,59300,59420,58900,59320,192820
2010-03-26,59460,60380,59280,60340,273980
2010-03-29,61020,62280,61000,62100,347136
2010-03-30,62000,62480,61800,62050,383356
2010-03-31,62500,62570,61600,61630,325470
2010-04-01,61810,62800,61700,62520,342966
2010-04-02,62710,63120,62400,63100,290558
2010-04-06,63100,63720,62980,63370,338164
2010-04-07,63360,63450,62850,63110,278666
2010-04-08,62710,62770,62080,62090,265748
2010-04-09,62580,62990,62530,62930,249682
2010-04-12,63150,63790,62780,62930,309684
2010-04-13,62420,62780,62200,62480,295058
2010-04-14,63030,63250,62540,62580,247050
2010-04-15,62860,63100,62520,62590,280958
2010-04-16,62700,62800,62200,62350,234972
2010-04-19,61150,61250,60020,60070,332828
2010-04-20,60640,60850,60450,60800,252638
2010-04-21,60640,61010,60330,60930,293244
2010-04-22,60600,61080,60430,60660,241354
2010-04-23,60740,61050,60570,60600,215472
2010-04-26,61410,61680,61280,61450,150236
2010-04-27,61400,61490,60470,60640,184948
2010-04-28,58610,58940,57960,58450,296764
2010-04-29,58860,59150,58720,58830,243108
2010-04-30,59000,59370,58180,58740,405156
2010-05-04,58110,58360,57760,58180,296004
2010-05-05,56500,56920,56220,56880,306942
2010-05-06,56900,57520,56010,56030,495446
2010-05-07,55290,55690,54430,54540,580912
2010-05-10,56020,56760,55660,56680,536638
2010-05-11,56680,57000,55420,55720,562498
2010-05-12,55590,56550,55550,55970,577088
2010-05-13,56300,56820,56200,56740,411162
2010-05-14,56440,56650,56150,56360,362884
2010-05-17,55030,55180,53590,53590,386272
2010-05-18,53000,53940,52000,53730,654328
2010-05-19,52480,53650,51820,53130,663350
2010-05-20,53560,54380,53430,53980,499512
2010-05-21,53190,53970,52750,53670,542860
2010-05-24,54600,55270,54230,55230,391512
2010-05-25,54620,55000,54130,54140,347128
2010-05-26,54830,55090,54560,54860,268834
2010-05-27,54450,55370,54310,55300,362270
2010-05-28,55820,56050,55560,55800,343376
2010-05-31,55320,55800,55040,55050,374814
2010-06-01,54670,54880,54000,54100,474590
2010-06-02,54220,54380,52520,53330,752414
2010-06-03,54000,54140,53380,53820,580298
2010-06-04,52440,53090,52320,52990,645076
2010-06-07,50100,50100,50100,50100,24668
2010-06-08,49550,50050,48800,49470,771642
2010-06-09,49530,50520,49190,50380,701938
2010-06-10,50210,51040,49920,50620,602078
2010-06-11,51200,51640,51110,51400,475468
2010-06-14,51200,51640,51110,51400,475468
2010-06-17,52600,52680,51600,51670,352064
2010-06-18,51670,51780,50880,50930,487356
2010-06-21,51590,53920,51490,53700,674852
2010-06-22,52720,53140,52500,52840,497298
2010-06-23,52600,53520,52340,53130,540272
2010-06-24,53130,53900,53130,53520,449034
2010-06-25,53640,53800,52930,53180,348126
2010-06-28,54200,54490,53840,53960,309292
2010-06-29,53700,53940,52580,52790,441894
2010-06-30,51810,51930,51250,51800,488126
2010-07-01,51390,51950,51040,51040,589474
2010-07-02,51200,52320,51200,52200,596566
2010-07-05,52000,52610,51860,52260,486776
2010-07-06,51600,52380,51400,52250,561542
2010-07-07,52500,52610,52010,52130,413992
2010-07-08,53300,53460,52970,52990,417750
2010-07-09,53090,53800,52950,53640,437496
2010-07-12,53630,53750,53010,53060,410694
2010-07-13,53200,53200,52250,52290,440522
2010-07-14,52920,53200,52710,52910,397290
2010-07-15,52570,53520,52440,52870,425586
2010-07-16,53110,53260,52510,53120,399046
2010-07-19,51910,52450,51910,52320,386906
2010-07-20,52340,53130,52340,53060,330972
2010-07-21,53300,53600,53250,53350,324946
2010-07-22,53810,53980,53600,53930,356960
2010-07-23,54800,55490,54690,55400,361868
2010-07-26,55330,55670,55100,55570,238368
2010-07-27,55600,55700,55120,55140,298060
2010-07-28,54950,56360,54910,56250,417508
2010-07-29,56100,56490,55810,56230,450466
2010-07-30,56390,56400,55900,56280,389258
2010-08-02,56830,58030,56800,57590,451366
2010-08-03,58030,58230,57400,57450,442306
2010-08-04,57330,57800,57060,57660,432502
2010-08-05,58100,58500,57250,57400,544078
2010-08-06,57100,57900,57010,57830,377992
2010-08-09,57860,58310,57850,58280,321068
2010-08-10,57990,58030,57130,57240,348414
2010-08-11,57060,57690,56600,56710,424108
2010-08-12,56660,56750,55910,56270,437282
2010-08-13,56650,57360,56460,57330,307672
2010-08-16,56800,57460,56550,57300,331814
2010-08-17,57400,57770,57080,57750,267078
2010-08-18,58080,58520,57900,58040,261108
2010-08-19,58270,58360,57720,58260,210912
2010-08-20,57880,57990,56950,57020,248088
2010-08-23,57220,57420,56970,57140,250904
2010-08-24,56910,57390,56610,56820,367330
2010-08-25,56420,56900,56300,56690,353862
2010-08-26,57100,57490,57050,57330,268808
2010-08-27,57450,57870,57340,57830,274574
2010-08-30,58550,59450,58500,59390,337078
2010-08-31,58800,58900,58160,58440,351750
2010-09-01,58700,59880,58670,59590,401598
2010-09-02,60110,60380,59800,59900,292038
2010-09-03,59970,60050,59630,59900,199544
2010-09-06,60100,60620,60010,60500,224354
2010-09-07,60300,60370,59500,59680,270060
2010-09-08,59700,59870,59320,59780,257974
2010-09-09,60060,60220,57170,58590,448934
2010-09-10,58500,58850,58210,58810,266398
2010-09-13,59250,59660,59080,59540,238020
2010-09-14,59580,59680,58880,59040,224946
2010-09-15,59370,59700,58810,59090,220400
2010-09-16,59200,59390,58680,59060,206278
2010-09-17,59500,60170,59240,60100,204202
2010-09-20,60030,60440,59920,60250,157886
2010-09-21,60160,60230,59500,59830,118294
2010-09-24,60100,60140,59510,59760,1320
2010-09-27,61050,61280,60250,60640,111840
2010-09-28,60220,60660,60120,60370,75922
2010-09-29,60800,60870,60450,60850,125052
2010-09-30,60560,60630,58000,60590,145372
2010-10-07,60560,60630,58000,60590,145372
2010-10-08,60000,61440,59920,60630,174918
2010-10-11,61930,63480,61890,62990,336614
2010-10-12,62360,62670,61930,62220,245038
2010-10-13,63090,63350,62400,62950,230562
2010-10-14,63500,64060,63280,63930,269888
2010-10-15,63200,63960,63070,63890,172480
2010-10-18,63140,63740,62950,63020,182832
2010-10-19,63900,64270,63280,63420,235920
2010-10-20,61990,62840,61900,62650,183842
2010-10-21,62870,63160,62230,62690,170780
2010-10-22,62600,63240,62380,62790,176856
2010-10-25,63790,65430,63590,64910,233206
2010-10-26,65000,65320,64540,64910,195668
2010-10-27,65450,65600,64060,64220,242620
2010-10-28,64010,64330,63600,64020,183540
2010-10-29,63600,63660,62380,62460,218078
2010-11-01,62970,63930,62880,63700,188812
2010-11-02,63590,63890,63150,63540,187222
2010-11-03,64000,64550,63800,64070,188782
2010-11-04,64430,64730,64010,64700,161244
2010-11-05,66010,67580,66000,67390,303444
2010-11-08,67200,67420,66090,66590,236720
2010-11-09,66210,68520,66210,68020,347252
2010-11-10,67650,68390,67130,67520,265928
2010-11-11,67600,70150,67450,69200,474080
2010-11-12,68890,68970,65640,65640,575996
2010-11-15,65230,66640,63650,64930,489822
2010-11-16,65320,65590,64160,64310,359490
2010-11-17,61550,62290,61550,61550,194544
2010-11-18,62610,62950,61560,62720,203094
2010-11-19,63960,64330,62650,64220,268428
2010-11-22,63500,64300,63230,63420,273338
2010-11-23,62870,63150,60920,61490,518934
2010-11-24,62000,62680,61650,62480,313808
2010-11-25,62700,62920,62030,62080,222544
2010-11-26,62680,62740,61010,61670,462518
2010-11-29,61210,62620,61160,62440,247844
2010-11-30,62300,62880,61530,62660,296924
2010-12-01,62970,63850,62800,63670,238882
2010-12-02,65100,65520,64880,65380,239102
2010-12-03,65400,65800,64700,65790,247250
2010-12-06,65700,66050,65380,65530,170822
2010-12-07,65800,66880,65180,66850,248860
2010-12-08,66100,66450,65510,65520,272524
2010-12-09,67600,67950,67110,67420,305180
2010-12-10,66820,67900,66700,67780,221980
2010-12-13,67770,69200,67750,68780,223558
2010-12-14,69380,69450,68640,68810,218286
2010-12-15,68700,69200,67610,67880,220088
2010-12-16,67810,67840,66920,67170,272762
2010-12-17,67400,68460,67400,68430,201638
2010-12-20,68810,69700,67630,68640,260336
2010-12-21,69100,69350,68380,69250,195218
2010-12-22,69900,70000,68360,68700,190686
2010-12-23,68910,69190,68110,68660,182458
2010-12-24,68910,69090,67880,68950,177168
2010-12-27,68450,69360,68310,68710,146430
2010-12-28,69000,69440,68560,69000,133648
2010-12-29,69150,69510,68700,69510,99140
2010-12-30,69580,71570,69280,71480,221424
2010-12-31,71270,72770,71100,72380,240778
2011-01-04,72400,73030,72130,72400,186966
2011-01-05,71520,71800,70810,71280,238022
2011-01-06,72010,72490,71970,72020,159918
2011-01-07,70800,71510,69420,69780,282776
2011-01-10,70500,70650,69660,70040,158810
2011-01-11,70100,71190,69920,70920,197066
2011-01-12,71440,71830,71150,71360,136224
2011-01-13,72090,72290,71460,71690,128712
2011-01-14,71210,71760,71010,71550,137766
2011-01-17,71970,72150,71150,71290,129944
2011-01-18,71300,72150,70700,72000,195478
2011-01-19,71950,72950,71820,72900,164338
2011-01-20,71690,72150,71330,71610,167976
2011-01-21,70450,71350,70350,70970,171138
2011-01-24,71390,72350,71300,71780,129224
2011-01-25,71610,71870,70700,70830,140672
2011-01-26,70300,70970,69900,70800,120184
2011-01-27,71300,71740,70850,71700,89326
2011-01-28,71470,72090,71060,71730,96144
2011-01-31,72330,74100,72250,73850,89532
2011-02-01,74550,75620,74520,75580,102224
2011-02-09,76000,76440,75120,75540,105504
2011-02-10,75170,76180,75170,75880,106838
2011-02-11,76050,76550,75300,75520,156100
2011-02-14,76120,76280,75400,76270,132888
2011-02-15,76700,76950,76060,76100,128904
2011-02-16,75300,75780,74870,75660,165958
2011-02-17,75630,75710,74520,74680,168292
2011-02-18,75200,75340,73820,73850,185492
2011-02-21,74500,74730,73690,74630,164650
2011-02-22,74260,74980,73300,73580,198998
2011-02-23,72380,72580,71580,71700,198250
2011-02-24,72100,72500,71020,71420,202700
2011-02-25,72100,72690,71860,72590,146676
2011-02-28,73250,74320,73020,74320,159482
2011-03-01,74320,74540,73700,74000,128618
2011-03-02,73820,74790,73680,74700,162752
2011-03-03,74550,74820,73860,74140,134454
2011-03-04,74450,74900,74000,74720,133012
2011-03-07,74480,74510,73880,74200,103238
2011-03-08,72340,72480,70260,71070,187896
2011-03-09,71390,71990,71210,71600,110128
2011-03-10,69940,69990,69070,69230,146984
2011-03-11,69350,69950,69100,69220,103920
2011-03-14,69700,70030,68000,69400,198050
2011-03-15,69500,69970,68540,68600,227940
2011-03-16,69500,70640,69300,70580,209884
2011-03-17,69910,70500,69650,69810,191584
2011-03-18,72000,72030,71500,71820,161050
2011-03-21,71710,71900,71310,71480,127890
2011-03-22,70880,71670,70800,71280,143342
2011-03-23,71380,72150,71330,71980,127862
2011-03-24,72950,72980,72280,72410,119978
2011-03-25,72530,72860,72270,72360,121144
2011-03-28,72350,72550,70700,71070,185424
2011-03-29,70610,71300,70470,70830,122582
2011-03-30,71070,71600,70700,71300,135088
2011-03-31,70500,70740,70230,70700,129000
2011-04-01,70850,71060,70250,70440,105572
2011-04-06,70370,71550,70370,71480,131674
2011-04-07,71690,71950,71520,71690,99298
2011-04-08,72050,73190,71880,73160,158708
2011-04-11,73400,73940,73210,73370,110746
2011-04-12,72900,73210,72280,72310,127074
2011-04-13,71800,72280,71450,72180,121528
2011-04-14,71180,71350,70880,71100,111378
2011-04-15,71300,71500,70510,70830,132540
2011-04-18,70300,71250,70280,71040,93748
2011-04-19,70650,70750,69480,69720,130316
2011-04-20,70290,71000,70250,70910,93300
2011-04-21,71350,71750,71010,71440,115522
2011-04-22,71920,71960,71200,71410,96910
2011-04-25,71500,71580,70700,70740,108296
2011-04-26,69530,70150,69500,69900,158042
2011-04-27,70550,70590,69450,69550,178332
2011-04-28,69820,70650,69660,70050,192022
2011-04-29,69920,69920,68880,69200,187734
2011-05-03,69350,69480,68900,69000,149720
2011-05-04,69140,69260,67800,67910,254748
2011-05-05,67370,67460,66850,67040,217704
2011-05-06,65500,66300,65500,65940,225110
2011-05-09,66310,67040,66310,66980,186718
2011-05-10,66720,67380,66030,67100,242618
2011-05-11,67400,67490,66300,66340,191562
2011-05-12,65410,65610,64110,64250,279326
2011-05-13,65190,66450,65010,66450,262886
2011-05-16,65990,66380,65510,65890,188500
2011-05-17,66040,66580,65300,66540,209506
2011-05-18,66960,67200,66630,66840,137344
2011-05-19,67790,67980,67250,67440,142324
2011-05-20,67310,67550,66850,67550,113352
2011-05-23,67380,67400,65850,65900,153430
2011-05-24,65800,66530,65690,66380,152792
2011-05-25,66320,67180,66280,66960,189234
2011-05-26,67600,68100,67510,68080,169386
2011-05-27,68000,68730,67600,68660,189456
2011-05-30,68730,68730,68010,68140,144426
2011-05-31,68280,68610,68000,68570,146384
2011-06-01,68600,68820,68150,68310,150478
2011-06-02,67500,67820,67300,67660,148090
2011-06-03,67720,68550,67710,68420,135118
2011-06-07,68150,68460,67880,68260,146066
2011-06-08,68050,68100,67350,67500,183546
2011-06-09,67720,67970,67350,67370,141616
2011-06-10,67760,68090,67390,67590,169796
2011-06-13,67240,67300,66910,67190,138486
2011-06-14,67150,67730,67100,67700,139280
2011-06-15,68430,68670,68320,68610,128904
2011-06-16,68300,68470,67910,68150,106402
2011-06-17,68440,68540,68060,68330,82528
2011-06-20,68300,68450,67420,67570,110442
2011-06-21,67830,68290,67490,68260,103404
2011-06-22,68120,68160,67670,67740,76990
2011-06-23,67100,67360,66640,67270,117892
2011-06-24,67460,68270,67390,68020,137190
2011-06-27,67600,67600,66420,66840,186360
2011-06-28,67160,67450,67060,67170,111710
2011-06-29,67710,68180,67650,68080,143574
2011-06-30,69020,69890,68900,69860,199640
2011-07-01,69700,70060,69530,69880,138622
2011-07-04,70160,71060,70070,70770,134400
2011-07-05,70600,70750,70220,70330,105684
2011-07-06,70800,70990,70550,70770,113986
2011-07-07,70760,71300,70520,71050,125352
2011-07-08,72050,72290,71790,71870,122228
2011-07-11,71370,72050,71300,71470,97496
2011-07-12,71260,71390,70880,71130,118400
2011-07-13,71660,72460,71650,72460,112694
2011-07-14,72190,72210,71700,72120,90266
2011-07-15,71700,72080,71600,71640,70146
2011-07-18,72070,72450,71730,71840,75018
2011-07-19,72250,72910,72200,72830,67862
2011-07-20,73160,73250,72500,72680,82548
2011-07-21,72700,72970,72100,72150,89316
2011-07-22,72100,72280,71720,72190,103514
2011-07-25,72000,72050,71460,71530,105608
2011-07-26,71770,72850,71690,72810,135714
2011-07-27,72950,73050,72660,72810,93618
2011-07-28,72400,73010,72380,72760,125196
2011-07-29,72980,73480,72520,72660,171876
2011-08-01,73100,73590,73100,73440,170130
2011-08-02,72410,72480,71930,72010,151554
2011-08-03,71900,72280,71850,72060,118724
2011-08-04,71630,71790,71200,71610,142698
2011-08-05,69940,69970,68530,68570,300530
2011-08-08,67460,68560,66630,67680,277838
2011-08-09,63560,66030,63560,65960,407980
2011-08-10,67000,67360,66550,67090,263716
2011-08-11,65790,67070,65790,66710,351958
2011-08-12,67200,67280,66330,66460,181278
2011-08-15,67100,67670,66960,67300,161086
2011-08-16,67300,67390,66360,66490,175830
2011-08-17,66430,67130,66430,66800,205436
2011-08-18,67120,67340,66610,66700,233894
2011-08-19,65980,66460,65960,66350,218196
2011-08-22,66350,66980,65900,65910,222790
2011-08-23,66370,66710,66010,66650,186058
2011-08-24,66730,66850,66360,66470,143344
2011-08-25,66570,66970,66460,66790,171558
2011-08-26,67300,67570,66820,67440,213050
2011-08-29,67350,67630,67060,67610,143176
2011-08-30,67700,68430,67630,68250,195192
2011-08-31,68220,68360,67960,68360,146298
2011-09-01,68510,68690,68130,68190,192620
2011-09-02,68200,68240,67640,67830,166964
2011-09-05,67650,68030,67080,67100,183408
2011-09-06,67100,67220,66330,67000,248842
2011-09-07,67300,67860,67120,67800,179408
2011-09-08,68080,68170,67660,67720,135712
2011-09-09,67800,68030,67440,67620,152844
2011-09-13,66550,66750,66160,66310,238262
2011-09-14,66490,66600,64850,65050,327620
2011-09-15,65340,65590,64700,65070,288438
2011-09-16,65440,65770,65330,65740,202084
2011-09-19,64850,64940,63310,63370,364122
2011-09-20,63200,63440,62480,62960,403300
2011-09-21,62480,63080,61830,62940,529992
2011-09-22,61480,61480,59370,60260,589184
2011-09-23,57500,58380,56940,56940,509738
2011-09-26,55870,56220,53320,53320,627066
2011-09-27,55550,55900,54320,55040,932544
2011-09-28,55210,55770,53500,55150,985896
2011-09-29,51580,53070,51580,52600,766120
2011-09-30,52600,54850,52430,54790,530870
2011-10-10,55060,55740,54250,54480,466786
2011-10-11,55780,56000,54130,54210,660244
2011-10-12,53690,55130,52950,54930,919678
2011-10-13,54880,55450,54320,54880,740984
2011-10-14,54400,56060,54400,56010,801560
2011-10-17,56330,56780,55690,55900,657104
2011-10-18,55250,55400,53690,54000,655910
2011-10-19,54520,54990,53500,53890,653068
2011-10-20,51610,51920,50950,50950,415802
2011-10-21,50760,52480,50760,51670,1119538
2011-10-24,53500,54750,52800,54750,773354
2011-10-25,56000,57240,55510,56710,1021536
2011-10-26,55700,57750,55700,57230,1058062
2011-10-27,57680,58070,57040,58040,880224
2011-10-28,60890,61010,59140,59250,844406
2011-10-31,59430,59480,57530,58230,1010738
2011-11-01,58000,59330,57600,57710,1222098
2011-11-02,56950,58700,56930,58670,1164358
2011-11-03,58210,58350,56580,56800,1028494
2011-11-04,57800,59500,57740,59360,1139578
2011-11-07,59000,59130,57580,57950,904512
2011-11-08,58420,58650,57240,57840,1037996
2011-11-09,58420,58980,57720,57970,968728
2011-11-10,55980,55980,54830,54830,489544
2011-11-11,55100,55950,54930,55610,819616
2011-11-14,57030,58780,56920,58430,819116
2011-11-15,57520,57850,57120,57490,639020
2011-11-16,57810,58210,56330,56610,673486
2011-11-17,56800,57130,55610,56680,709122
2011-11-18,54580,55770,54300,55550,807120
2011-11-21,54800,55350,54660,55090,596616
2011-11-22,54610,55240,54360,54980,720206
2011-11-23,55050,55460,54300,54310,793742
2011-11-24,54210,54760,52510,54440,1300478
2011-11-25,54200,54360,53550,53590,794826
2011-11-28,54780,55740,54660,55370,826094
2011-11-29,55200,55580,54850,55480,614402
2011-11-30,55510,55640,54310,54570,721088
2011-12-01,58180,58180,57510,57950,593710
2011-12-05,58520,58600,57810,57960,514336
2011-12-06,57380,57800,57210,57670,490424
2011-12-07,57960,58380,57770,58360,394948
2011-12-08,57830,58010,57580,57860,420366
2011-12-09,57110,57440,57050,57090,368316
2011-12-12,57680,57680,56630,56760,419288
2011-12-13,56260,56360,55930,56130,323374
2011-12-14,55760,55950,55450,55700,311430
2011-12-15,53220,53780,52430,53050,463088
2011-12-16,53480,54380,53330,54300,471902
2011-12-19,53990,54090,53040,53580,593226
2011-12-20,53970,53970,53290,53740,562302
2011-12-21,54590,54690,54410,54620,444280
2011-12-22,54470,54970,54160,54870,525026
2011-12-23,55110,55880,54960,55850,460122
2011-12-26,55870,55940,55060,55200,464550
2011-12-27,55100,55380,54880,55050,381428
2011-12-28,55150,55560,54960,55170,386680
2011-12-29,54220,54550,54070,54220,361456
2011-12-30,54800,55410,54660,55360,482018
2012-01-04,56430,56680,55740,55790,397908
2012-01-05,55420,56180,55300,56050,432034
2012-01-06,55780,56270,55510,55900,432610
2012-01-09,55670,55860,54800,55490,553652
2012-01-10,55680,56130,55110,55870,514762
2012-01-11,56220,56950,55970,56860,460928
2012-01-12,56980,57460,56730,57400,346802
2012-01-13,58000,58500,57630,58250,414542
2012-01-16,57800,58620,57470,58330,410226
2012-01-17,58580,60090,58440,59930,566634
2012-01-18,59800,60070,59330,59450,434670
2012-01-19,59960,60620,59910,60560,470592
2012-01-20,60850,61140,60420,60720,368388
2012-01-30,60800,61530,60280,60320,413974
2012-01-31,60600,60740,60150,60630,371864
2012-02-01,60120,60180,59430,59480,363614
2012-02-02,60000,60150,59520,59880,395932
2012-02-03,59520,60060,59380,59820,305168
2012-02-06,60850,60960,60370,60530,322606
2012-02-07,60490,60760,59850,60030,302344
2012-02-08,60490,61820,60420,61730,323592
2012-02-09,61280,62230,61160,61350,548262
2012-02-10,61950,62080,61460,61560,492224
2012-02-13,61010,61150,60450,60770,448406
2012-02-14,60390,60460,60040,60080,387544
2012-02-15,60260,60970,60110,60430,429454
2012-02-16,60000,60050,58780,59210,496806
2012-02-17,59810,60200,59680,59750,414736
2012-02-20,59910,60330,59270,59340,479702
2012-02-21,59250,60120,59230,60050,623008
2012-02-22,60670,60810,60300,60490,372924
2012-02-23,60350,60440,59970,60400,398580
2012-02-24,60400,60570,59600,59620,502114
2012-02-27,60300,60730,60120,60410,443866
2012-02-28,60420,61060,60370,61060,343224
2012-02-29,60880,61150,60600,61070,373892
2012-03-01,60500,60780,60180,60290,372480
2012-03-02,60880,61380,60780,61330,309490
2012-03-05,61330,61720,61050,61190,244712
2012-03-06,61000,61050,60270,60390,306496
2012-03-07,59180,59650,59030,59470,320936
2012-03-08,59670,59800,59430,59500,295874
2012-03-09,59690,60560,59640,60520,376514
2012-03-12,60750,60850,60350,60620,322306
2012-03-13,60680,61120,60580,61040,297888
2012-03-14,61320,61460,60470,60530,394474
2012-03-15,60300,60570,60030,60420,388726
2012-03-16,60880,61050,60580,60780,387038
2012-03-19,60600,60660,60120,60300,316268
2012-03-20,60640,60790,60120,60350,395528
2012-03-21,59980,60500,59950,60400,350756
2012-03-22,60300,60410,59620,59750,425620
2012-03-23,59840,60050,59560,60030,259862
2012-03-26,60160,60370,60060,60180,208516
2012-03-27,60900,60940,60570,60710,199316
2012-03-28,60610,60690,60160,60200,159376
2012-03-29,59960,60020,59580,59770,252930
2012-03-30,60060,60210,59910,60090,218606
2012-04-05,59560,60070,59150,59980,315326
2012-04-06,60050,60460,59820,60440,289970
2012-04-09,60160,60330,59820,59840,328152
2012-04-10,59610,59970,59270,59370,468832
2012-04-11,58200,58360,57740,57870,475858
2012-04-12,58010,58390,57860,58250,409376
2012-04-13,58800,58830,58000,58030,397736
2012-04-16,56800,57030,56650,56720,397256
2012-04-17,57020,57090,56490,56530,365648
2012-04-18,57260,57960,56910,57820,607576
2012-04-19,57310,57740,57300,57670,341928
2012-04-20,57670,57970,57520,57750,313396
2012-04-23,58020,58060,57300,57320,351900
2012-04-24,57410,57830,57200,57580,384262
2012-04-25,57590,57700,57430,57570,192768
2012-04-26,57780,58300,57630,58250,355418
2012-04-27,58510,58640,58300,58450,306568
2012-05-02,58910,58950,58520,58780,346208
2012-05-03,58500,58550,58010,58090,310708
2012-05-04,58000,58350,57900,58300,287756
2012-05-07,57680,57730,57310,57590,335278
2012-05-08,57900,58000,57620,57660,313942
2012-05-09,57250,57480,57050,57390,388948
2012-05-10,57490,57800,57340,57780,346816
2012-05-11,57680,57720,57250,57320,384380
2012-05-14,57580,57670,56150,56250,604894
2012-05-15,55600,56090,55280,55920,470638
2012-05-16,55530,55700,54660,54690,453658
2012-05-17,54900,55510,54650,55420,414936
2012-05-18,54950,55470,54810,55220,596430
2012-05-21,55680,56130,55580,55890,420578
2012-05-22,56070,56100,55800,55860,349464
2012-05-23,55250,55290,54710,54980,487348
2012-05-24,54970,55180,54550,55150,598966
2012-05-25,55150,55460,54830,55370,529770
2012-05-28,55550,56260,55530,56210,513072
2012-05-29,55890,56230,55690,56080,543166
2012-05-30,55600,55650,55100,55320,593484
2012-05-31,54350,54640,54280,54530,508054
2012-06-01,54400,54730,54210,54330,547346
2012-06-04,53120,53540,52350,52770,798672
2012-06-05,53470,53680,53230,53480,449900
2012-06-06,53530,53950,53230,53810,524020
2012-06-07,54060,54260,53640,53660,412228
2012-06-08,53430,53570,53000,53040,540240
2012-06-11,54000,55000,53950,54360,447136
2012-06-12,53620,53950,53610,53740,320928
2012-06-13,53960,54140,53800,54080,285804
2012-06-14,53820,54410,53740,54090,341488
2012-06-15,54370,55120,54330,55060,330348
2012-06-18,55220,55350,54790,54950,311836
2012-06-19,54830,55100,54650,54660,297602
2012-06-20,55050,55330,54860,54900,317172
2012-06-21,54350,54450,54020,54060,404318
2012-06-25,53640,54410,53620,54030,385992
2012-06-26,54330,54480,53480,53630,499554
2012-06-27,53690,53850,53420,53740,507680
2012-06-28,54300,54400,54060,54200,372018
2012-06-29,54070,55410,54050,55240,636706
2012-07-02,55750,55950,55260,55370,423812
2012-07-03,55320,56310,55320,56100,532376
2012-07-04,56020,56300,55810,55970,370436
2012-07-05,55950,56110,55660,55960,393450
2012-07-06,55940,56080,55500,55720,422788
2012-07-09,55040,55390,55000,55180,322650
2012-07-10,55100,55520,55030,55060,301856
2012-07-11,54970,55370,54770,55140,320906
2012-07-12,55290,55290,54900,55150,274450
2012-07-13,55150,55780,55110,55780,266280
2012-07-16,55880,56260,55820,56170,205230
2012-07-17,56420,56560,55790,55920,183342
2012-07-18,56000,56110,55540,55820,119280
2012-07-19,56080,56310,55830,56230,280596
2012-07-20,56280,56430,55850,55910,342518
2012-07-23,55280,55390,54290,54370,588256
2012-07-24,54300,54800,54170,54500,482578
2012-07-25,54100,54650,53600,53630,494510
2012-07-26,54130,54360,53850,54190,456964
2012-07-27,54390,54800,54050,54770,464118
2012-07-30,55000,55350,54580,54830,493026
2012-07-31,54980,55180,54750,55050,375248
2012-08-01,54810,55030,54370,54780,481522
2012-08-02,54300,54680,54300,54650,333856
2012-08-03,53920,54140,53750,54100,359728
2012-08-06,54600,54660,54390,54470,230852
2012-08-07,54500,54850,54460,54710,217742
2012-08-08,55100,55120,54650,54700,222036
2012-08-09,54910,55220,54800,55160,271714
2012-08-10,54970,55110,54460,54620,251550
2012-08-13,54680,54750,54290,54430,182438
2012-08-14,54330,54580,53410,54460,432132
2012-08-15,54310,54660,54120,54490,360600
2012-08-16,54610,54650,54150,54200,316034
2012-08-17,54610,54800,54440,54670,340232
2012-08-20,54790,54820,54480,54650,290572
2012-08-21,54550,54960,54360,54870,362394
2012-08-22,55110,55350,55000,55330,323538
2012-08-23,55460,56130,55390,55980,466112
2012-08-24,55790,55800,55460,55620,247468
2012-08-27,56030,56350,55570,55840,303940
2012-08-28,55450,55620,55290,55470,241406
2012-08-29,55500,55680,55040,55210,337916
2012-08-30,55030,55850,55010,55670,360730
2012-08-31,55430,55650,55360,55420,211380
2012-09-03,55420,56260,55360,56200,388184
2012-09-04,56320,56390,55840,56020,282460
2012-09-05,55880,55990,55690,55730,195546
2012-09-06,56300,56460,55900,56220,343190
2012-09-07,56140,56900,56050,56650,330514
2012-09-10,57940,58180,57520,58120,310900
2012-09-11,58000,58370,57800,58360,231728
2012-09-12,58300,58660,58210,58290,220820
2012-09-13,58300,58450,58050,58100,152046
2012-09-14,59570,60460,59500,60360,262050
2012-09-17,60350,60360,59800,59820,223562
2012-09-18,59280,59870,59210,59590,213008
2012-09-19,59850,60580,59660,60520,298860
2012-09-20,60110,60300,59260,59310,339478
2012-09-21,59700,59970,59540,59740,247304
2012-09-24,59300,59350,58660,59070,322068
2012-09-25,59230,59390,59010,59180,209094
2012-09-26,58950,59440,58880,59150,248938
2012-09-27,58990,59690,58470,59070,281354
2012-09-28,59390,59780,59160,59770,193928
2012-10-08,59400,59430,58780,58930,198048
2012-10-09,59050,59520,59030,59230,298560
2012-10-10,58930,59000,58700,58860,199830
2012-10-11,58750,59200,58500,58980,288356
2012-10-12,59200,59420,58900,58980,246476
2012-10-15,58230,58610,58230,58550,195944
2012-10-16,58700,58890,58650,58790,155656
2012-10-17,58830,58980,58480,58660,175556
2012-10-18,58900,59340,58830,59130,177012
2012-10-19,59150,59200,58380,58460,199716
2012-10-22,57820,57940,57500,57890,187796
2012-10-23,57860,57910,57280,57280,202698
2012-10-24,57260,57580,57110,57500,187788
2012-10-25,57510,57610,57110,57200,188368
2012-10-26,57050,57250,56670,56680,250028
2012-10-29,56910,57040,56570,56580,234746
2012-10-30,56300,56530,56170,56480,255612
2012-10-31,56440,56950,56410,56860,258346
2012-11-01,56740,57180,56600,57110,248606
2012-11-02,57100,57140,56570,56620,237462
2012-11-05,56100,56170,55460,55780,315876
2012-11-06,55800,56270,55720,56060,268534
2012-11-07,56200,56780,56000,56600,292580
2012-11-08,55640,55830,55480,55700,210786
2012-11-09,55860,56280,55800,55930,217814
2012-11-12,55830,55870,55200,55670,295116
2012-11-13,55680,55870,55430,55460,201346
2012-11-14,55910,56050,55710,55910,185864
2012-11-15,55550,56120,55520,55840,199620
2012-11-16,55900,56040,55680,55740,153522
2012-11-19,56050,56220,55880,56050,170658
2012-11-20,56580,56590,56250,56340,153010
2012-11-21,56440,56470,55820,55900,155666
2012-11-22,56100,56180,55970,56040,93040
2012-11-23,56020,56140,55560,56090,209214
2012-11-26,56190,56330,55960,56250,177344
2012-11-27,56410,56530,56150,56220,206714
2012-11-28,56200,56420,56120,56180,189416
2012-11-29,56310,56420,56180,56390,180896
2012-11-30,56860,57330,56700,57300,332428
2012-12-03,57490,57750,57380,57550,210634
2012-12-04,57530,57590,57180,57280,191302
2012-12-05,57570,57970,57330,57760,242348
2012-12-06,57700,57920,57280,57400,216166
2012-12-07,57300,57470,57210,57450,158064
2012-12-10,57730,58100,57550,57980,236514
2012-12-11,57950,58000,57810,57900,136528
2012-12-12,57960,58080,57700,57980,147088
2012-12-13,57930,57970,57500,57610,185574
2012-12-14,57500,57970,57460,57840,225010
2012-12-17,57700,58260,57460,58130,244552
2012-12-18,58000,58160,57750,57880,165786
2012-12-19,57890,57890,57520,57650,118138
2012-12-20,57200,57250,56660,56870,186032
2012-12-21,56350,56850,56320,56740,159604
2012-12-24,56720,57080,56710,56850,63824
2012-12-25,56740,57300,56730,57120,181102
2012-12-26,57180,57280,57020,57160,117830
2012-12-27,57320,57730,57280,57550,203344
2012-12-28,57680,57810,57520,57680,134214
2012-12-31,57590,58080,57430,57860,158422
2013-01-04,58610,58610,58210,58360,176256
2013-01-07,58330,58450,58030,58220,157236
2013-01-08,58290,58480,58100,58300,173288
2013-01-09,58350,58360,58160,58340,106456
2013-01-10,58300,58820,58190,58780,196634
2013-01-11,58850,58980,58400,58440,200560
2013-01-14,58280,58730,58270,58520,148282
2013-01-15,58220,58300,57680,57700,192896
2013-01-16,57890,58150,57770,57940,161362
2013-01-17,57890,57940,57570,57750,129552
2013-01-18,58170,58500,58100,58380,128444
2013-01-21,58380,58380,58150,58190,56068
2013-01-22,58280,58780,58260,58690,96422
2013-01-23,58750,58790,58460,58590,43190
2013-01-24,58690,58790,58470,58630,155472
2013-01-25,58610,58970,58600,58830,140794
2013-01-28,58500,58690,58500,58620,107056
2013-01-29,58690,58950,58410,58850,188414
2013-01-30,58990,59390,58860,59260,196852
2013-01-31,59590,59740,59410,59690,170712
2013-02-01,59480,59680,59310,59660,148292
2013-02-04,60020,60270,59900,59950,161706
2013-02-05,59710,60030,59690,59750,130708
2013-02-06,59850,60160,59700,59840,133064
2013-02-07,59700,59730,59460,59700,92974
2013-02-08,59550,59890,59460,59690,99306
2013-02-18,59730,59740,58870,58900,140454
2013-02-19,58840,59100,58700,58780,109090
2013-02-20,58800,58850,58540,58660,108428
2013-02-21,58010,58050,57220,57620,216824
2013-02-22,57570,57780,57360,57620,96282
2013-02-25,57400,57520,57090,57320,163144
2013-02-26,57070,57530,57040,57130,206690
2013-02-27,57510,57740,57420,57490,178968
2013-02-28,57600,57850,57520,57680,198140
2013-03-01,57200,57250,56610,56730,289324
2013-03-04,56710,56750,56060,56310,298752
2013-03-05,56700,57020,56660,56930,156044
2013-03-06,56940,57150,56640,56700,166502
2013-03-07,56560,56600,56240,56530,160026
2013-03-08,56740,56870,56620,56740,128580
2013-03-11,56470,57070,56450,56470,135646
2013-03-12,56800,56830,56320,56340,157138
2013-03-13,56910,57160,56750,56850,135726
2013-03-14,56730,56820,56380,56770,106064
2013-03-15,56900,57280,56840,57120,88656
2013-03-18,56310,56350,54580,55190,433658
2013-03-19,55430,55430,54710,54910,309010
2013-03-20,54550,55470,54450,55350,388670
2013-03-21,55450,56630,55450,56200,319912
2013-03-22,55580,55940,55470,55630,228348
2013-03-25,56050,56260,55870,55890,235926
2013-03-26,55700,55950,55510,55760,194786
2013-03-27,55900,55920,55430,55560,219956
2013-03-28,55820,55880,55200,55300,286642
2013-03-29,54790,55650,54720,54830,291152
2013-04-01,54480,54500,53600,53740,338234
2013-04-02,54180,54550,54010,54480,294366
2013-04-03,54440,54680,53810,53990,225994
2013-04-08,53990,54620,53920,54590,195442
2013-04-09,54850,55090,54680,55090,266996
2013-04-10,55390,55460,55050,55140,249846
2013-04-11,54900,55310,54870,54890,230006
2013-04-12,55150,55250,54940,55150,242132
2013-04-15,54000,54180,52960,53380,595956
2013-04-16,52310,53380,51920,52900,586032
2013-04-17,53120,53260,52160,52230,524416
2013-04-18,50530,50590,50530,50530,112446
2013-04-19,50790,51110,49750,50690,925182
2013-04-22,50440,50750,48970,49040,814766
2013-04-23,49500,49730,48460,49080,972966
2013-04-24,49180,51090,48960,50600,989568
2013-04-25,50780,51400,50410,51280,788666
2013-04-26,52060,52480,51280,51770,662586
2013-05-02,49190,49820,49190,49520,405468
2013-05-03,49920,51200,49630,51000,830936
2013-05-06,53000,53000,52320,52850,666256
2013-05-07,52610,53300,52160,52190,889338
2013-05-08,52380,53100,52380,53050,781126
2013-05-09,53420,53430,52650,52960,684632
2013-05-10,52700,53490,52520,53420,799072
2013-05-13,53300,53770,53020,53400,649302
2013-05-14,53500,53740,52610,52680,760656
2013-05-15,52800,52850,51930,51990,711696
2013-05-16,52010,52480,51660,52150,759762
2013-05-17,52360,53220,52310,52980,604640
2013-05-20,52880,53000,52390,52530,648316
2013-05-21,53150,53480,53010,53420,602402
2013-05-22,53210,53810,53130,53580,563356
2013-05-23,53310,53330,52130,52350,796470
2013-05-24,52690,53000,52410,52900,669398
2013-05-27,52550,52680,52230,52510,438730
2013-05-28,52720,52770,51930,52650,675902
2013-05-29,52510,52950,52230,52290,517290
2013-05-30,52300,52490,51790,52420,695526
2013-05-31,52790,53050,52520,52720,415890
2013-06-03,53000,53220,52790,53010,318192
2013-06-04,52960,53250,52880,53090,213948
2013-06-05,53210,53550,53130,53520,325556
2013-06-06,53200,53460,52710,52900,506862
2013-06-07,52980,53150,52700,53050,405392
2013-06-13,51520,51960,51350,51510,527094
2013-06-14,51500,51720,51250,51450,426044
2013-06-17,51550,51960,51520,51710,366220
2013-06-18,51600,51720,50960,51030,587294
2013-06-19,50910,51070,50580,50950,486386
2013-06-20,50210,50950,49620,49720,533852
2013-06-21,48960,49700,48390,49650,783580
2013-06-24,49470,49520,47900,47950,916760
2013-06-25,48100,48950,47560,48580,1110176
2013-06-26,49230,49260,47960,48060,925342
2013-06-27,48300,48920,48160,48780,779004
2013-06-28,48220,48780,47900,48580,634078
2013-07-01,48480,49520,48320,49420,673604
2013-07-02,49790,50210,49640,50100,584198
2013-07-03,50090,50580,49920,50550,540168
2013-07-04,50430,50580,50080,50130,404508
2013-07-05,50110,50210,49390,49440,346706
2013-07-08,48920,49100,48510,48640,524846
2013-07-09,48860,49260,48640,48910,644212
2013-07-10,48680,48910,48020,48630,822734
2013-07-11,49510,50790,49510,50700,861172
2013-07-12,50700,50730,49680,49690,578134
2013-07-15,49730,50290,49630,49890,642844
2013-07-16,49900,50280,49720,50250,532534
2013-07-17,50350,50760,49850,49890,1031218
2013-07-18,49750,49780,49370,49690,623288
2013-07-19,49900,50260,49500,49540,601718
2013-07-22,50100,50400,49900,50350,554352
2013-07-23,50350,50690,50220,50260,548064
2013-07-24,50560,50670,50150,50530,628748
2013-07-25,50320,50560,50210,50490,467778
2013-07-26,50580,50690,49880,50040,531162
2013-07-29,49200,49320,48920,49100,528664
2013-07-30,49230,49310,48860,48900,408352
2013-07-31,48510,49240,48500,49200,517420
2013-08-01,49510,50190,49510,50020,553596
2013-08-02,50210,50330,49770,50040,383864
2013-08-05,50030,50300,49920,50180,325888
2013-08-06,50080,50220,49880,50180,288566
2013-08-07,50080,50150,49840,50070,269160
2013-08-08,50480,51590,50420,51510,603256
2013-08-09,51610,51870,51290,51520,318838
2013-08-12,51990,52590,51820,52460,285334
2013-08-13,52300,52330,51970,52180,194134
2013-08-14,52110,52600,52000,52230,193310
2013-08-15,52450,52590,52110,52180,141612
2013-08-16,52410,53240,52320,53130,610806
2013-08-19,53050,53130,52700,52740,319988
2013-08-20,52600,52690,52020,52170,328452
2013-08-21,52330,52530,52250,52470,248740
2013-08-22,52110,52850,52080,52750,357738
2013-08-23,52620,52780,52400,52690,294058
2013-08-26,53530,53620,53100,53360,317738
2013-08-27,52950,53090,52700,52820,269844
2013-08-28,52720,52980,52310,52360,339254
2013-08-29,52400,52580,51950,52370,393832
2013-08-30,51800,52050,51750,51960,319966
2013-09-02,52100,52780,52100,52500,417480
2013-09-03,52580,52740,52220,52360,298792
2013-09-04,52410,52460,51940,52020,263414
2013-09-05,51780,51960,51460,51670,348028
2013-09-06,51780,51900,51620,51850,220754
2013-09-09,52130,52420,51990,52290,275134
2013-09-10,52260,52260,51760,51990,271958
2013-09-11,52050,52210,51830,52050,223484
2013-09-12,51880,51960,51380,51410,254708
2013-09-13,51300,51380,51010,51290,282564
2013-09-16,51510,51670,51090,51180,209776
2013-09-17,51160,51510,50860,51460,246146
2013-09-18,51400,51700,51140,51680,199374
2013-09-23,52000,52140,51720,52060,245548
2013-09-24,52030,52170,51730,51750,213812
2013-09-25,51770,51920,51600,51760,182002
2013-09-26,51830,52360,51670,52280,229020
2013-09-27,52290,52570,52150,52350,169928
2013-09-30,52360,52860,52270,52800,122308
2013-10-08,52560,52800,52300,52520,74678
2013-10-09,52340,52350,51580,51680,341456
2013-10-10,51350,51540,51260,51410,233334
2013-10-11,51600,51890,51530,51650,240120
2013-10-14,51720,52300,51330,52260,305670
2013-10-15,52300,52390,52050,52150,181940
2013-10-16,52200,52470,52000,52220,280134
2013-10-17,52520,52660,51730,51800,303022
2013-10-18,52020,52290,51960,52250,253056
2013-10-21,52130,52380,51850,52330,236830
2013-10-22,52260,52370,52120,52160,193666
2013-10-23,52490,52560,52030,52100,256910
2013-10-24,51780,51870,51430,51730,335854
2013-10-25,51750,51790,51100,51150,310890
2013-10-28,51420,51650,51330,51510,209274
2013-10-29,51490,51550,51060,51510,375842
2013-10-30,51600,52200,51480,52080,268758
2013-10-31,51960,52010,51660,51810,263042
2013-11-01,51730,52290,51710,52240,241622
2013-11-04,52010,52080,51520,51700,247594
2013-11-05,51600,51770,51380,51600,229422
2013-11-06,51610,51690,51360,51590,213124
2013-11-07,51350,51540,51250,51490,174472
2013-11-08,51360,51720,51350,51490,185294
2013-11-11,51700,51980,51530,51650,156178
2013-11-12,51580,51620,51320,51480,184204
2013-11-13,51080,51080,50550,50620,317460
2013-11-14,50420,50660,50410,50450,198510
2013-11-15,50530,50830,50060,50080,222370
2013-11-18,50280,50400,50120,50290,268042
2013-11-19,49900,50000,49590,49810,356028
2013-11-21,50110,50380,49910,50280,300520
2013-11-22,50600,50720,50360,50470,255306
2013-11-25,50990,51020,50480,50500,252702
2013-11-26,50810,50960,50610,50790,263710
2013-11-27,50710,50740,50470,50660,220912
2013-11-28,50470,50690,50320,50420,252664
2013-11-29,50600,50740,50520,50600,221126
2013-12-02,50690,50780,50500,50630,206364
2013-12-03,50300,50340,50000,50170,256262
2013-12-04,50150,50470,50140,50360,203048
2013-12-05,50900,50920,50680,50720,178896
2013-12-06,50740,50990,50600,50910,170774
2013-12-09,50960,51090,50780,50870,169474
2013-12-10,51000,51220,50970,51100,187024
2013-12-11,51250,51290,50990,51100,153328
2013-12-12,51400,51580,51300,51560,185806
2013-12-13,51430,51430,51070,51160,173690
2013-12-16,51390,51450,51290,51410,104716
2013-12-17,51550,51740,51400,51450,104714
2013-12-18,51440,51460,51100,51300,98134
2013-12-19,51400,51420,50910,51030,230138
2013-12-20,51440,51460,51260,51330,65246
2013-12-23,51380,51380,51200,51240,36258
2013-12-24,51550,52290,51450,52050,56986
2013-12-25,52330,52770,52330,52570,130020
2013-12-26,52320,52320,52150,52240,53202
2013-12-27,52330,52580,52320,52460,54146
2013-12-30,52270,52380,52030,52280,88946
2013-12-31,52270,52470,52030,52280,302256
2014-01-02,52500,52670,52300,52380,78268
2014-01-03,51900,51950,51670,51730,53290
2014-01-06,51630,51900,51590,51900,61624
2014-01-07,51940,51950,51680,51920,62878
2014-01-08,52000,52160,51680,51830,93774
2014-01-09,51220,51290,51000,51000,105100
2014-01-10,51360,52190,51330,51750,117242
2014-01-13,51500,51840,51310,51830,70346
2014-01-14,51750,51790,51530,51610,40668
2014-01-15,51500,51940,51350,51940,99262
2014-01-16,51640,51860,51570,51660,74714
2014-01-17,52010,52060,51780,51850,54902
2014-01-20,51630,51800,51630,51700,42142
2014-01-21,51490,51880,51340,51770,113440
2014-01-22,51500,51660,51480,51540,57112
2014-01-23,51350,51650,51030,51060,144396
2014-01-24,51190,51310,51060,51150,92132
2014-01-27,51030,51040,50840,50860,55196
2014-01-28,51100,51130,50860,50870,46564
2014-01-29,51010,51030,50880,50950,46944
2014-01-30,51010,51480,50580,50950,183950
2014-02-07,50990,51050,50880,50950,35812
2014-02-10,51000,51030,50510,50580,64086
2014-02-11,50520,50530,50320,50410,54054
2014-02-12,50660,50760,50570,50740,40216
2014-02-13,50520,50580,50390,50580,51408
2014-02-14,50770,50940,50720,50840,49242
2014-02-17,50980,51040,50910,50990,27154
2014-02-18,50820,50960,50750,50960,25944
2014-02-19,50760,50850,50660,50750,52758
2014-02-20,50450,50600,50370,50570,47122
2014-02-21,50510,50620,50480,50560,32576
2014-02-24,49800,49890,49460,49840,135816
2014-02-25,49520,49650,49280,49560,144458
2014-02-26,49800,49880,49370,49370,129084
2014-02-27,49230,49380,48930,49210,152400
2014-02-28,49260,49330,49120,49150,68002
2014-03-03,48680,48770,48600,48710,68468
2014-03-04,49010,49440,48930,49370,135188
2014-03-05,49320,49430,49160,49220,91320
2014-03-06,49180,49310,49140,49260,69134
2014-03-07,48130,48180,46670,46830,405772
2014-03-10,46120,46430,45560,45600,260544
2014-03-11,46180,46180,43890,44020,704548
2014-03-12,44380,45110,44030,44750,781164
2014-03-13,44370,44840,44120,44190,519760
2014-03-14,44860,44960,44350,44590,407970
2014-03-17,44770,44830,44420,44580,298458
2014-03-18,44590,44980,44500,44910,306336
2014-03-19,44390,46500,43770,46080,1069344
2014-03-20,44900,45330,44720,45190,520212
2014-03-21,45650,45680,45280,45340,273138
2014-03-24,45480,45630,45230,45270,254242
2014-03-25,46150,46400,45990,46240,333594
2014-03-26,45960,46050,45830,45930,218770
2014-03-27,46020,46080,45820,46020,213018
2014-03-28,46650,46930,46580,46830,222836
2014-03-31,46650,46810,46630,46760,101258
2014-04-01,46680,46700,46500,46640,82302
2014-04-02,47040,47050,46510,46570,193656
2014-04-03,46430,46500,46260,46380,151486
2014-04-04,46430,46760,46260,46690,381938
2014-04-08,46580,46800,46530,46790,105628
2014-04-09,46400,46400,46000,46300,216404
2014-04-10,46340,46490,46260,46440,122278
2014-04-11,46600,47030,46390,46580,323522
2014-04-14,46790,46840,46590,46730,160554
2014-04-15,45870,46250,45750,46150,309304
2014-04-16,46730,46750,46460,46500,216428
2014-04-17,46560,46610,46450,46600,95592
2014-04-18,46330,46410,46190,46360,69340
2014-04-21,46600,46660,46520,46640,60526
2014-04-22,46580,46700,46470,46640,105966
2014-04-23,46660,46780,46620,46760,96418
2014-04-24,47450,47770,47230,47730,228246
2014-04-25,47800,47960,47750,47910,105458
2014-04-28,47840,47960,47820,47920,81468
2014-04-29,47700,47700,47580,47630,66736
2014-04-30,47700,47700,47490,47650,186104
2014-05-01,46800,46800,46800,46800,70
2014-05-05,47670,47690,47600,47650,29024
2014-05-06,47460,47600,47450,47540,23772
2014-05-07,47250,47250,46900,47020,80178
2014-05-08,47310,47630,47250,47550,55852
2014-05-09,47160,47450,47130,47340,127776
2014-05-12,48730,49070,48730,48960,49194
2014-05-13,48230,48280,48120,48200,90262
2014-05-14,48650,48750,48350,48600,231610
2014-05-15,48560,48570,48390,48430,145120
2014-05-16,48410,48440,48190,48340,120506
2014-05-19,48830,48910,48770,48850,105688
2014-05-20,48500,48570,48300,48480,138800
2014-05-21,47810,48220,47720,48210,218194
2014-05-22,48230,48440,48220,48360,123570
2014-05-23,48750,48810,48670,48780,81804
2014-05-26,49100,49170,49060,49080,54290
2014-05-27,48840,48980,48800,48880,95920
2014-05-28,48940,48960,48820,48870,55778
2014-05-29,48400,48520,48370,48470,105452
2014-05-30,48400,48720,48270,48640,357328
2014-06-03,48500,48520,48420,48480,65958
2014-06-04,47880,48140,47810,48130,148042
2014-06-05,48070,48330,48070,48280,127518
2014-06-06,47820,48060,47650,47960,227476
2014-06-09,47470,47670,47390,47620,161888
2014-06-10,47470,47670,47360,47480,312926
2014-06-11,47460,47960,47410,47860,298636
2014-06-12,47550,47780,47450,47460,249268
2014-06-13,47500,47860,47350,47730,345152
2014-06-16,47710,48120,47680,48030,225956
2014-06-17,47990,48280,47960,48190,189936
2014-06-18,48000,48420,48000,48130,177868
2014-06-19,48210,48330,47840,48060,160010
2014-06-20,48120,48810,48070,48760,221544
2014-06-23,48690,49610,48670,49550,345406
2014-06-24,49560,49690,49230,49400,198906
2014-06-25,49140,49180,48880,49130,160680
2014-06-26,48950,49680,48910,49590,313756
2014-06-27,49540,49720,49340,49520,266704
2014-06-30,49580,49670,49370,49580,207828
2014-07-01,49660,50420,49560,50380,414810
2014-07-02,50340,50530,49860,50320,331504
2014-07-03,50700,51220,50480,51100,513962
2014-07-04,51070,51580,50940,51380,447968
2014-07-07,51300,51410,50590,50850,410002
2014-07-08,51000,51250,50750,51180,397122
2014-07-09,51250,51480,50670,50930,449864
2014-07-10,51100,51100,50460,50570,427648
2014-07-11,50500,50970,50450,50910,302614
2014-07-14,50810,51100,50560,50670,367632
2014-07-15,50690,50850,50080,50640,483926
2014-07-16,50600,50710,50380,50440,334420
2014-07-17,50510,50530,49810,49920,423458
2014-07-18,50080,50080,49700,49740,308238
2014-07-21,49580,49650,49190,49550,386470
2014-07-22,49670,50110,49590,49890,335014
2014-07-23,49950,50120,49700,50010,274390
2014-07-24,49940,50690,49870,50650,331520
2014-07-25,50760,51100,50600,51040,272472
2014-07-28,50970,51020,50240,50630,355526
2014-07-29,50550,50890,50510,50790,228414
2014-07-30,50370,50460,49960,50160,181246
2014-07-31,50500,50580,50320,50510,186260
2014-08-01,50580,50670,50200,50530,192326
2014-08-04,50410,50500,50070,50220,216582
2014-08-05,50510,50650,50370,50570,217728
2014-08-06,50160,50240,49720,49720,365124
2014-08-07,49520,49960,49500,49750,305816
2014-08-08,49700,50030,49550,49710,296976
2014-08-11,49750,50120,49660,49890,221616
2014-08-12,49930,49970,49470,49790,259590
2014-08-13,49820,49850,49270,49300,326178
2014-08-14,49300,49330,48850,48920,352668
2014-08-15,48840,49150,48620,48910,319750
2014-08-18,48850,49230,48780,48970,231790
2014-08-19,49070,49450,49000,49390,207150
2014-08-20,49260,49590,48880,49530,368788
2014-08-21,49620,50470,49580,50230,517728
2014-08-22,50250,50850,50160,50760,453032
2014-08-25,50740,50960,50580,50670,277682
2014-08-26,50810,50830,50450,50610,172374
2014-08-27,50670,50710,50190,50300,211746
2014-08-28,50220,50480,50100,50250,196510
2014-08-29,50100,50150,49480,49780,341306
2014-09-01,49610,50010,49430,49440,185370
2014-09-02,49360,49940,49250,49630,244238
2014-09-03,49520,49990,49480,49680,291508
2014-09-04,49500,49680,49310,49500,318328
2014-09-05,49810,49950,49520,49830,294994
2014-09-09,49930,49970,49300,49340,226034
2014-09-10,49300,49360,48530,48870,539696
2014-09-11,48930,49110,48160,48190,497068
2014-09-12,48360,48630,48190,48590,428414
2014-09-15,48560,48770,47940,48380,397862
2014-09-16,48410,48860,48280,48710,323658
2014-09-17,48730,50990,48540,49480,495628
2014-09-18,49290,49530,48930,49110,301438
2014-09-19,48790,49040,48680,48770,329006
2014-09-22,48950,48950,47770,47940,610464
2014-09-23,47950,48330,47710,48150,371034
2014-09-24,47600,48050,47410,47800,320522
2014-09-25,47400,48130,47360,47750,378546
2014-09-26,47730,48050,47410,47890,406448
2014-09-29,47660,47990,47350,47640,328692
2014-09-30,47690,48500,47620,48030,283658
2014-10-08,48720,48930,48430,48430,14810
2014-10-09,47850,47900,47210,47780,474894
2014-10-10,47630,48090,47170,47240,484388
2014-10-13,47140,47980,46950,47850,463816
2014-10-14,47860,48220,47630,48100,349196
2014-10-15,48250,48530,48120,48330,369446
2014-10-16,47920,48070,47370,47430,501988
2014-10-17,47000,47360,46700,46750,540336
2014-10-20,46700,47050,46580,46680,260320
2014-10-21,46530,46950,46450,46530,275136
2014-10-22,47100,47330,46930,47070,333570
2014-10-23,47180,47210,46870,47120,271990
2014-10-24,47230,47490,47110,47390,261582
2014-10-27,47430,47530,46980,47050,286990
2014-10-28,47450,47580,47260,47540,282334
2014-10-29,47710,47780,47410,47770,271114
2014-10-30,47750,48040,47430,47510,328452
2014-10-31,47340,47880,47130,47780,336792
2014-11-03,47630,47660,47100,47300,410820
2014-11-04,47480,47790,47290,47700,238642
2014-11-05,47050,47210,46510,46580,533246
2014-11-06,46600,47090,46560,46810,423778
2014-11-07,46760,47300,46730,47190,268030
2014-11-10,47090,47620,47060,47510,264340
2014-11-11,47350,47440,47110,47150,176562
2014-11-12,47000,47500,46990,47320,215714
2014-11-13,47320,47530,47250,47400,195316
2014-11-14,47490,47530,46890,47160,320466
2014-11-17,47190,47880,47010,47630,303208
2014-11-18,47490,47690,47380,47610,206128
2014-11-19,47180,47430,47110,47330,217414
2014-11-20,47370,47670,47220,47470,196848
2014-11-21,47230,47650,47210,47580,172398
2014-11-24,47990,48250,47750,47800,230326
2014-11-25,47680,47850,47510,47820,150290
2014-11-26,47340,47420,46560,46590,424060
2014-11-27,46770,46880,46400,46720,351532
2014-11-28,46600,46720,45830,45990,625884
2014-12-01,45790,45810,43890,44540,997658
2014-12-02,44770,45800,44670,45400,605540
2014-12-03,45250,45690,44880,45230,594306
2014-12-04,45440,45920,45140,45790,411250
2014-12-05,45620,46440,45580,46090,424018
2014-12-08,46210,46250,45860,45910,292452
2014-12-09,45720,46050,45530,45940,398684
2014-12-10,45750,46850,45710,46260,408464
2014-12-11,46120,46330,46030,46210,275956
2014-12-12,46220,46530,46220,46380,206672
2014-12-15,46290,46820,46280,46710,174038
2014-12-16,46710,46760,45760,45880,271706
2014-12-17,45850,45980,45310,45640,288540
2014-12-18,44780,45720,44680,45260,437074
2014-12-19,45250,45520,45160,45370,166246
2014-12-22,45750,45980,45550,45960,243412
2014-12-23,45890,45900,45460,45630,268472
2014-12-24,45370,45700,45310,45630,207424
2014-12-25,45430,45670,45340,45630,211346
2014-12-26,45610,45670,45300,45510,180138
2014-12-29,45580,45580,44850,45030,344578
2014-12-30,45050,45480,44800,45290,350852
2014-12-31,45210,45930,45120,45800,306528
2015-01-05,45500,45570,44990,45080,189194
2015-01-06,44210,44910,43980,44800,447986
2015-01-07,44640,44840,44420,44650,317816
2015-01-08,44650,44890,44580,44680,208524
2015-01-09,45000,45050,44250,44250,384066
2015-01-12,44100,44450,43790,43960,403724
2015-01-13,43400,43720,42880,42890,404006
2015-01-14,42300,42700,41190,41190,408472
2015-01-15,40600,41230,39820,40920,1020638
2015-01-16,41320,41710,40570,41040,656280
2015-01-19,40850,41910,40750,41770,517860
2015-01-20,41200,41590,41020,41250,418760
2015-01-21,41510,41590,41110,41260,351830
2015-01-22,41040,42180,40930,41560,526812
2015-01-23,41290,41620,40410,40750,480318
2015-01-26,40420,40540,38860,39250,715356
2015-01-27,39730,40730,39650,40260,604476
2015-01-28,40050,40210,39260,39690,687248
2015-01-29,39710,39960,39240,39310,602600
2015-01-30,39160,39520,38890,39090,647928
2015-02-02,39580,40370,39330,40290,586236
2015-02-03,40110,40830,40050,40760,543294
2015-02-04,41150,41980,40840,41160,616042
2015-02-05,41360,41540,40930,41000,573146
2015-02-06,40870,41710,40790,41670,522050
2015-02-09,41400,41600,41040,41260,442210
2015-02-10,41280,41530,41080,41320,300508
2015-02-11,40990,41270,40860,41100,358612
2015-02-12,41200,41240,40840,41110,280814
2015-02-13,41330,42280,41240,42120,429840
2015-02-16,41930,42250,41720,42220,239460
2015-02-17,42100,42290,41950,42200,154340
2015-02-25,42240,42380,42020,42150,12426
2015-02-26,41940,42610,41850,42510,301590
2015-02-27,42810,42930,42450,42730,417708
2015-03-02,42600,43280,42370,43200,402994
2015-03-03,42890,43220,42430,42540,403956
2015-03-04,42480,42560,42120,42460,279060
2015-03-05,42580,42620,42140,42500,313682
2015-03-06,42420,42720,42070,42200,321600
2015-03-09,42250,42350,41670,42300,455574
2015-03-10,42320,42760,42210,42230,374268
2015-03-11,42060,42320,41910,42080,309400
2015-03-12,42040,42610,41800,42560,456438
2015-03-13,42710,43000,42400,42840,415176
2015-03-16,42700,42850,42440,42810,299488
2015-03-17,42600,42960,42260,42430,363952
2015-03-18,42040,42420,41590,41620,392596
2015-03-19,41430,42790,41120,41720,406544
2015-03-20,42030,42500,41850,42040,367510
2015-03-23,42480,44050,42400,43570,559858
2015-03-24,43650,44690,43530,43850,459758
2015-03-25,43810,43940,43390,43680,413712
2015-03-26,43700,44000,43610,43930,419412
2015-03-27,44050,44340,43360,43770,560376
2015-03-30,43690,43990,43410,43830,431488
2015-03-31,43820,44070,43330,43350,421054
2015-04-01,43430,43670,43080,43260,407462
2015-04-02,43120,43630,43030,43520,435988
2015-04-03,43310,43450,43160,43280,273380
2015-04-07,43300,43560,43300,43480,116826
2015-04-08,43550,43820,43360,43460,272338
2015-04-09,43380,43540,43050,43310,238872
2015-04-10,43380,43570,43150,43530,235236
2015-04-13,43510,44000,43440,43630,305348
2015-04-14,43650,43710,42580,42860,361446
2015-04-15,42760,43180,42570,43000,330834
2015-04-16,42830,43510,42720,43340,274218
2015-04-17,43780,43950,43590,43690,295034
2015-04-20,43590,44200,43510,43870,245716
2015-04-21,43380,43500,43170,43370,248810
2015-04-22,43180,43430,43080,43310,184900
2015-04-23,43210,43390,42670,42990,273026
2015-04-24,43130,43440,43110,43310,202648
2015-04-27,43610,43970,43390,43730,318420
2015-04-28,43740,44140,43570,43740,312606
2015-04-29,43800,44050,43640,43730,306368
2015-04-30,43770,44300,43750,44240,316342
2015-05-04,45330,45800,45130,45710,267168
2015-05-05,45830,45930,45530,45730,233228
2015-05-06,45850,46360,45830,46130,414292
2015-05-07,46170,46170,45650,45860,302190
2015-05-08,45910,46050,45780,45970,249800
2015-05-11,45860,46030,45570,45790,273964
2015-05-12,45690,45930,45600,45830,188694
2015-05-13,46070,46390,45900,46260,241570
2015-05-14,46180,46280,45770,46070,254606
2015-05-15,46060,46130,45770,46040,195046
2015-05-18,45850,46190,45750,46110,202992
2015-05-19,45960,45990,45680,45710,216182
2015-05-20,45320,45390,44610,44760,366894
2015-05-21,44820,45220,44700,45120,203548
2015-05-22,45100,45280,45030,45110,153804
2015-05-25,44600,44750,44520,44710,163400
2015-05-26,44760,45170,44480,44520,201400
2015-05-27,44300,44350,42030,44300,236238
2015-05-28,44080,44360,43950,44250,281792
2015-05-29,44130,44320,43970,44300,208388
2015-06-01,44010,44140,43570,43650,271036
2015-06-02,43550,43820,43410,43690,236858
2015-06-03,43730,43870,43490,43530,228746
2015-06-04,43600,43660,43330,43400,240492
2015-06-05,43310,43440,42750,42810,328872
2015-06-08,42930,43250,42790,43160,242348
2015-06-09,43100,43350,43090,43250,162420
2015-06-10,43320,43520,43190,43370,169556
2015-06-11,43630,43760,43160,43230,200008
2015-06-12,42990,43060,42480,42490,312702
2015-06-15,42590,42820,42140,42210,217688
2015-06-16,42120,42380,42000,42150,225950
2015-06-17,42050,42080,41730,41810,205258
2015-06-18,41940,42240,41620,42080,213452
2015-06-19,41950,42080,41780,41820,231946
2015-06-23,41780,42100,41730,42030,27906
2015-06-24,41890,42290,41770,42190,233332
2015-06-25,42290,42360,41000,41920,312490
2015-06-26,41900,42580,41670,42300,259030
2015-06-29,42050,42620,41920,42500,276048
2015-06-30,42340,42470,41990,42090,257752
2015-07-01,41950,42300,41560,41970,323088
2015-07-03,42050,42200,41900,42100,248
2015-07-06,42300,42320,40100,40730,490330
2015-07-07,40730,40860,39690,39780,518564
2015-07-08,39510,39600,37960,38070,1262028
2015-07-09,38650,40800,38620,40470,894496
2015-07-10,40870,41220,40260,40360,650284
2015-07-13,40410,40630,39740,40130,379240
2015-07-14,40480,40610,40250,40280,296534
2015-07-15,40310,40750,40130,40750,289106
2015-07-16,40670,40740,40150,40680,374544
2015-07-17,40430,40650,40360,40480,217696
2015-07-20,40070,40290,39590,39800,375168
2015-07-21,39800,40230,39640,40080,268612
2015-07-22,39850,40110,39070,39150,338470
2015-07-23,39150,39490,38710,39180,380740
2015-07-24,39070,39230,37870,38050,484414
2015-07-27,38040,38530,37800,37980,287236
2015-07-28,37680,38150,37440,38040,265940
2015-07-29,38190,39400,38110,38810,394434
2015-07-30,38820,39030,38450,38560,300354
2015-07-31,38290,38640,38190,38250,283054
2015-08-03,38350,38680,37810,37870,436930
2015-08-04,37840,38290,37650,38190,405154
2015-08-05,38330,38430,37860,38120,269210
2015-08-06,38170,38200,37830,38050,261494
2015-08-07,37880,38100,37310,37970,443168
2015-08-10,37750,38100,37540,37990,355558
2015-08-11,38010,39820,37980,39060,703446
2015-08-12,38670,39500,38530,39350,671490
2015-08-13,39500,39970,39190,39580,472860
2015-08-14,39470,39580,39220,39250,301880
2015-08-17,39270,39510,38930,39150,301984
2015-08-18,38900,39110,38760,38790,272436
2015-08-19,38700,38780,38140,38750,423328
2015-08-20,38480,38830,38330,38620,339404
2015-08-21,39020,39220,38860,38940,324494
2015-08-24,38810,38950,37650,38280,660558
2015-08-25,37980,39090,37870,38820,663922
2015-08-26,39320,39600,38840,38840,421568
2015-08-27,38500,38870,38090,38740,269560
2015-08-28,38780,39690,38700,39280,315610
2015-08-31,39350,39580,39010,39200,242440
2015-09-01,39020,39540,38880,39150,270324
2015-09-02,39020,39230,38900,39010,218336
2015-09-03,39020,39230,38900,39060,0
2015-09-07,39260,39560,39260,39540,18500
2015-09-08,39520,39550,39210,39530,300004
2015-09-09,40000,41550,39970,41140,852324
2015-09-10,41220,41290,40690,41060,594110
2015-09-11,40990,41280,40960,41160,503240
2015-09-14,40850,41200,40570,40620,499764
2015-09-15,40510,40690,40290,40320,476206
2015-09-16,40390,40980,40390,40950,548102
2015-09-17,40940,41380,40780,40990,668968
2015-09-18,40940,41200,40670,40710,491870
2015-09-21,40370,40530,39850,40340,652662
2015-09-22,40430,40480,39900,39920,435788
2015-09-23,39310,39350,38250,38930,841592
2015-09-24,38950,39180,38620,38850,561310
2015-09-25,38650,39170,38520,39000,635386
2015-09-28,38780,38930,38120,38170,103954
2015-09-29,37710,38080,37550,37640,244164
2015-09-30,38000,38490,37810,38370,171862
2015-10-01,38000,38490,37810,38080,0
2015-10-08,39600,39700,39140,39150,14722
2015-10-09,38890,40270,38630,40090,602558
2015-10-12,40380,40420,39900,40150,480018
2015-10-13,40180,40190,39510,39750,409576
2015-10-14,39700,39930,39540,39630,394322
2015-10-15,39750,40200,39720,40020,454346
2015-10-16,39990,40120,39460,39540,448574
2015-10-19,39560,39730,39250,39380,454318
2015-10-20,39110,39290,38910,39200,425676
2015-10-21,39220,39370,38830,38910,470650
2015-10-22,38890,39420,38710,39270,499932
2015-10-23,39510,39780,39260,39700,621258
2015-10-26,39600,39670,38800,39060,662198
2015-10-27,39120,39410,38800,39310,510268
2015-10-28,39300,39340,38840,38930,441918
2015-10-29,38830,39330,38620,39030,525966
2015-10-30,38790,38890,38500,38770,200902
2015-11-02,38560,38720,38320,38500,187276
2015-11-03,38520,38650,38360,38420,191210
2015-11-04,38480,38830,38240,38830,331122
2015-11-05,38680,39110,38180,38220,515196
2015-11-06,37970,38280,37800,38030,616296
2015-11-09,37940,38080,37580,37620,558072
2015-11-10,37650,37880,37090,37570,636506
2015-11-11,37500,37580,37050,37100,613418
2015-11-12,37170,37500,37170,37310,432018
2015-11-13,36860,36860,36170,36230,840792
2015-11-16,36490,36500,35960,36030,537316
2015-11-17,36090,36190,34470,34970,1162190
2015-11-18,35300,35370,34420,34880,886530
2015-11-19,34840,35030,34210,34770,841008
2015-11-20,34600,35170,34410,34910,904142
2015-11-23,35100,35110,33270,33510,1070446
2015-11-24,33590,34080,33220,33850,958020
2015-11-25,33770,34980,33700,34620,1128628
2015-11-26,34200,36090,34150,35140,568624
2015-11-27,35150,35640,34810,35350,402510
2015-11-30,35100,35340,34310,34740,517620
2015-12-01,34900,35290,34500,35080,509738
2015-12-02,35120,35470,34880,34890,534154
2015-12-03,34770,35270,34360,34390,692398
2015-12-04,34530,34930,34330,34610,728126
2015-12-07,35000,35390,34600,35330,609902
2015-12-08,35070,35180,34580,34710,536504
2015-12-09,34670,35060,34480,35010,540318
2015-12-10,35090,35410,34870,34920,552150
2015-12-11,34900,36030,34880,35960,587970
2015-12-14,35870,36350,35730,36130,717754
2015-12-15,35900,36260,35580,35620,574874
2015-12-16,35450,35650,35280,35450,559646
2015-12-17,35460,35740,35110,35140,618334
2015-12-18,35160,35840,35070,35810,567628
2015-12-21,35980,36300,35770,36240,581138
2015-12-22,36200,36590,36110,36350,531710
2015-12-23,36310,36440,35920,36380,484456
2015-12-24,36290,36490,36130,36170,466118
2015-12-25,36090,36400,36060,36340,254420
2015-12-28,36330,36450,35680,35740,328006
2015-12-29,35600,36250,35590,36190,176438
2015-12-30,36200,36700,36100,36370,258610
2015-12-31,36400,36640,36360,36560,234592
2016-01-04,36480,36570,35820,35970,224740
2016-01-05,36000,36550,35820,36510,411016
2016-01-06,36410,36530,36140,36240,476828
2016-01-07,36140,36580,35910,36090,646922
2016-01-08,35810,36090,35230,35680,974450
2016-01-11,35630,35790,34760,34770,647856
2016-01-12,34900,35140,34610,34630,668706
2016-01-13,34740,35070,34660,34810,611038
2016-01-14,34760,35030,34350,34930,713142
2016-01-15,34840,35330,34730,34800,598056
2016-01-18,34480,35200,34450,34990,672146
2016-01-19,34970,35600,34840,35360,636590
2016-01-20,35400,35470,34970,35080,495406
2016-01-21,35000,35280,34810,34850,556644
2016-01-22,35000,35410,34910,35190,549800
2016-01-25,35350,35400,34920,35020,406458
2016-01-26,35050,35190,34840,35100,414594
2016-01-27,35480,35840,35280,35780,551904
2016-01-28,35670,35980,35570,35600,418618
2016-01-29,35640,35800,35470,35680,447376
2016-02-01,35690,35900,35440,35540,137634
2016-02-02,35590,35820,35460,35760,105406
2016-02-03,35880,35910,35500,35810,167454
2016-02-04,35830,36570,35780,36500,218918
2016-02-05,36400,36680,36250,36510,144804
2016-02-15,35800,35940,35510,35750,190342
2016-02-16,35670,36010,35650,35750,274046
2016-02-17,35760,35910,35470,35480,343700
2016-02-18,35590,35820,35550,35700,251418
2016-02-19,35700,36030,35510,35920,379600
2016-02-22,35780,36380,35700,36350,398280
2016-02-23,36450,36560,36090,36200,313264
2016-02-24,36280,36280,35700,35810,332556
2016-02-25,35780,36290,35680,35920,408926
2016-02-26,36020,36060,35550,35840,399770
2016-02-29,36250,36680,35680,35880,428862
2016-03-01,36080,36160,35550,36010,354354
2016-03-02,36160,36960,36020,36940,529086
2016-03-03,36830,37150,36800,37000,490662
2016-03-04,37110,38010,37020,37950,712994
2016-03-07,37910,39400,37640,38090,1078126
2016-03-08,38250,38620,37460,37750,910538
2016-03-09,37920,37920,36800,37320,852456
2016-03-10,37440,37670,37250,37300,521714
2016-03-11,37350,37740,37040,37710,506820
2016-03-14,37540,38150,37490,37750,527542
2016-03-15,37700,37710,37130,37250,484084
2016-03-16,37200,37620,37080,37570,448986
2016-03-17,37450,37970,37370,37940,467704
2016-03-18,37870,38690,37830,38380,800538
2016-03-21,38300,38440,37930,38160,493144
2016-03-22,38180,38430,38060,38150,418080
2016-03-23,38200,38420,38040,38160,341424
2016-03-24,38110,38120,37430,37630,532272
2016-03-25,37490,37800,37400,37750,212472
2016-03-28,37750,37870,37500,37510,171106
2016-03-29,37660,38090,37490,37590,185848
2016-03-30,37660,37660,36850,36990,357590
2016-03-31,37040,37290,36640,36860,335052
2016-04-01,36780,37150,36730,37120,323898
2016-04-05,36680,36840,36550,36720,18330
2016-04-06,36600,36810,36550,36730,237194
2016-04-07,36560,36880,36560,36650,260044
2016-04-08,36400,36400,35610,35760,506212
2016-04-11,35760,36150,35730,35830,442994
2016-04-12,35800,36060,35600,35980,384698
2016-04-13,36110,37360,36040,36830,786206
2016-04-14,36930,37150,36780,36850,366646
2016-04-15,37030,37130,36740,36780,357608
2016-04-18,36690,37080,36560,36610,421168
2016-04-19,36770,37170,36730,36940,430730
2016-04-20,37010,37740,36950,37360,669188
2016-04-21,37520,38220,37350,38100,595434
2016-04-22,38400,38570,37460,37970,560744
2016-04-25,38110,39010,37880,38120,539090
2016-04-26,38200,38230,37530,37710,232600
2016-04-27,37710,37950,37510,37630,188230
2016-04-28,37600,37720,37010,37280,261212
2016-04-29,37290,37800,37180,37660,214126
2016-05-03,37780,37970,37420,37910,199440
2016-05-04,37680,37780,37140,37230,325310
2016-05-05,37220,37340,36820,36840,380366
2016-05-06,36810,36920,36330,36620,371676
2016-05-09,36540,36970,35780,35840,574206
2016-05-10,35780,36080,35670,35950,384000
2016-05-11,35880,36080,35690,35960,328504
2016-05-12,36080,36520,35820,36240,456792
2016-05-13,36240,36380,35030,35480,644522
2016-05-16,35390,35770,35120,35610,384188
2016-05-17,35500,35960,35500,35900,332574
2016-05-18,35700,35940,35290,35380,469084
2016-05-19,35210,35640,35110,35200,402516
2016-05-20,35160,35440,34820,35320,391992
2016-05-23,35480,35570,34880,35170,433462
2016-05-24,35200,35370,35030,35190,304944
2016-05-25,35460,35700,35280,35490,350164
2016-05-26,35750,36080,35640,36060,302290
2016-05-27,36090,36210,35610,35840,229682
2016-05-30,35990,36060,35630,35710,172624
2016-05-31,35780,35990,35640,35750,173512
2016-06-01,35810,35890,35120,35190,323974
2016-06-02,35180,35460,35070,35280,273418
2016-06-03,35250,35760,35170,35720,296102
2016-06-06,36110,36300,35800,36260,318566
2016-06-07,36150,36300,35800,35840,267268
2016-06-08,35340,35390,35100,35230,331978
2016-06-13,34880,35540,34850,35250,272286
2016-06-14,35200,35540,35080,35110,286756
2016-06-15,35100,35370,34980,35320,257364
2016-06-16,35890,36000,35330,35410,313520
2016-06-17,35210,35600,35160,35560,259350
2016-06-20,35410,35630,35320,35460,226642
2016-06-21,35610,35880,35480,35570,252478
2016-06-22,35650,36270,35530,36260,345406
2016-06-23,36280,36390,36060,36270,251632
2016-06-24,36550,36760,35850,35970,472024
2016-06-27,36120,36730,36020,36720,337584
2016-06-28,36500,37280,36460,37200,263022
2016-06-29,37300,37500,37010,37220,215762
2016-06-30,37250,37690,37080,37530,261792
2016-07-01,37440,37630,37140,37300,320148
2016-07-04,37290,38510,37220,38410,682034
2016-07-05,38440,38540,37470,37790,492320
2016-07-06,37760,37850,36950,37380,485598
2016-07-07,36880,37290,36820,36910,371704
2016-07-08,36960,37100,36450,36620,381592
2016-07-11,36800,37130,36540,37020,302506
2016-07-12,37140,37260,36900,37180,253784
2016-07-13,37500,39210,37260,38580,876672
2016-07-14,38660,38820,38190,38640,448580
2016-07-15,38530,38710,38230,38500,361670
2016-07-18,38700,38930,37800,37850,497462
2016-07-19,37790,38550,37790,38300,415374
2016-07-20,38380,38800,38110,38280,463442
2016-07-21,38020,38690,37870,38650,351616
2016-07-22,38570,38840,38160,38180,336090
2016-07-25,38350,38650,37830,38160,420530
2016-07-26,38170,38250,37600,37810,322706
2016-07-27,37770,38090,37620,37740,308300
2016-07-28,37700,37890,37430,37820,307786
2016-07-29,37880,38060,37430,37470,297570
2016-08-01,37690,38330,37500,38280,265488
2016-08-02,38140,38160,37680,38020,245842
2016-08-03,38120,38450,37680,37790,341054
2016-08-04,37710,37910,37430,37620,350780
2016-08-05,37300,37770,37280,37620,307212
2016-08-08,37510,37680,37370,37540,257108
2016-08-09,37560,37760,37180,37220,290706
2016-08-10,37160,37530,37100,37470,236298
2016-08-11,37790,37800,37450,37530,248324
2016-08-12,37550,37690,37450,37560,175934
2016-08-15,37230,37350,37000,37070,244612
2016-08-16,37070,37290,37020,37220,212270
2016-08-17,37330,37390,37180,37220,177690
2016-08-18,37180,37400,37090,37370,180484
2016-08-19,37480,37490,37230,37390,159022
2016-08-22,37290,37390,37080,37140,176644
2016-08-23,37020,37180,36910,37120,146416
2016-08-24,36970,37040,36640,36650,248346
2016-08-25,36530,36640,36050,36370,308008
2016-08-26,36290,36530,36180,36430,167726
2016-08-29,36380,36620,36210,36420,184566
2016-08-30,36350,36520,36240,36260,119618
2016-08-31,36250,36390,36140,36270,142170
2016-09-01,36260,36670,36230,36530,139762
2016-09-02,36490,36690,36400,36670,139928
2016-09-05,36640,36660,36440,36510,147262
2016-09-06,36460,36620,36390,36570,136530
2016-09-07,36600,36870,36460,36750,205396
2016-09-08,36750,36850,36530,36570,176616
2016-09-09,36560,36730,36460,36620,149500
2016-09-12,36560,36630,36130,36170,256900
2016-09-13,36250,36620,36250,36600,192602
2016-09-14,36630,36800,36470,36730,189584
2016-09-19,37100,37240,36930,37230,158336
2016-09-20,37260,37350,37160,37280,129424
2016-09-21,37300,37500,37190,37300,172558
2016-09-22,37310,37680,37240,37650,202334
2016-09-23,37770,37900,37650,37860,172102
2016-09-26,37820,37900,37690,37760,132548
2016-09-27,37750,37830,37470,37680,178872
2016-09-28,37550,37610,37270,37520,80366
2016-09-29,37600,37960,37530,37650,106982
2016-09-30,37680,37880,37560,37710,82256
2016-10-10,37660,37670,37430,37650,69828
2016-10-11,37670,38180,37660,38160,197110
2016-10-12,38060,38080,37760,37950,160384
2016-10-13,37990,38150,37580,37630,197824
2016-10-14,37210,37460,37110,37370,226982
2016-10-17,37210,37400,37160,37320,183592
2016-10-18,37250,37410,37200,37400,108748
2016-10-19,37310,37410,37150,37190,168580
2016-10-20,37200,37440,36970,37310,198066
2016-10-21,37240,37270,37000,37180,147892
2016-10-24,37110,37430,37100,37350,147972
2016-10-25,37300,38170,37250,38010,354232
2016-10-26,38110,38250,37700,37760,228692
2016-10-27,37790,37960,37720,37820,139948
2016-10-28,38020,38340,37950,38270,183386
2016-10-31,38390,38630,38280,38390,175810
2016-11-01,38500,38890,38390,38740,149396
2016-11-02,38780,39180,38540,38580,281808
2016-11-03,38730,39020,38620,38990,153686
2016-11-04,39100,39390,39000,39130,268470
2016-11-07,39230,40770,39150,40380,505096
2016-11-08,40180,40730,40070,40450,422864
2016-11-09,40400,42030,40340,41600,825362
2016-11-10,42320,43910,42230,43910,515896
2016-11-11,45000,46830,44430,46700,988810
2016-11-14,47200,48040,43700,45520,1319384
2016-11-15,45500,46160,43060,43670,827514
2016-11-16,43670,44650,43560,44580,534122
2016-11-17,44270,44410,43400,43670,371964
2016-11-18,43830,44580,43720,44210,412470
2016-11-21,44430,45410,43610,45120,536360
2016-11-22,45190,46320,44710,46210,405740
2016-11-23,45900,46120,45400,45760,315082
2016-11-24,45560,48500,45460,48210,622346
2016-11-25,47930,48900,47400,48100,474172
2016-11-28,48120,49840,47850,49580,271522
2016-11-29,49300,49400,46590,46750,353894
2016-11-30,47030,47240,45110,46100,505638
2016-12-01,46390,47570,46140,47060,464488
2016-12-02,46930,47180,46150,46630,330356
2016-12-05,46420,47630,46200,47360,364274
2016-12-06,47420,48480,47400,47690,365538
2016-12-07,47460,48500,47330,48350,358714
2016-12-08,48260,48470,46910,47210,385546
2016-12-09,47360,47770,46480,47390,373262
2016-12-12,47530,48270,47150,47230,332482
2016-12-13,47060,47300,46620,46920,292322
2016-12-14,47270,47300,46000,46490,288536
2016-12-15,46780,47130,46140,46790,269802
2016-12-16,46400,47160,46220,46460,233462
2016-12-19,46180,46590,45580,45630,244460
2016-12-20,45580,45580,44480,44890,297386
2016-12-21,44950,45420,44800,45330,158184
2016-12-22,45180,45330,44370,44430,171752
2016-12-23,44410,45200,44130,45070,236000
2016-12-26,44900,45100,43370,44070,249022
2016-12-27,44050,44770,43880,44600,137474
2016-12-28,44640,46020,44640,45620,208248
2016-12-29,45450,45970,45160,45810,213126
2016-12-30,45650,45760,45070,45500,199464
2017-01-02,45650,45760,45070,45650,0
2017-01-03,45630,46290,45630,45760,183888
2017-01-04,45910,45980,44810,45520,290606
2017-01-05,45400,46170,45360,45760,318430
2017-01-06,45720,45770,45090,45350,252160
2017-01-09,45260,45770,45090,45730,201880
2017-01-10,45530,46270,45350,46110,310498
2017-01-11,46340,47260,46340,47160,371356
2017-01-12,46950,47200,46750,46980,289596
2017-01-13,47110,47810,47110,47400,362068
2017-01-16,47420,48390,47230,47950,355334
2017-01-17,47880,48060,46540,46780,303912
2017-01-18,46850,47060,45930,46600,308372
2017-01-19,46500,46880,46290,46730,208420
2017-01-20,46570,46730,46000,46080,236030
2017-01-23,46270,47280,46140,46850,240234
2017-01-24,46810,47210,46500,47070,187382
2017-01-25,47480,47880,47370,47650,197238
2017-01-26,47460,48210,47450,48040,188630
2017-02-03,47700,47710,46520,46780,119846
2017-02-06,46810,46980,46300,46600,145150
2017-02-07,46620,47060,46560,46850,129254
2017-02-08,46800,47690,46530,47660,185624
2017-02-09,47710,47950,47370,47590,108768
2017-02-10,47620,48050,47120,47820,213852
2017-02-13,47800,50620,47780,50120,616476
2017-02-14,49820,50250,49660,50110,347374
2017-02-15,50090,50290,48290,48740,512812
2017-02-16,48740,49380,48510,48680,376604
2017-02-17,48600,48960,48170,48360,375026
2017-02-20,48280,48850,47950,48770,321866
2017-02-21,48870,49350,48750,48920,295714
2017-02-22,48990,49210,48500,48660,269764
2017-02-23,48530,48990,48160,48390,287134
2017-02-24,48640,48700,47100,47760,410140
2017-02-27,47700,48310,47400,47730,324820
2017-02-28,47910,48090,47440,47740,282636
2017-03-01,47880,48800,47690,48650,339392
2017-03-02,48780,49100,48330,48690,261336
2017-03-03,48450,48470,47860,48280,254492
2017-03-06,48130,48440,47710,47890,241164
2017-03-07,47750,47790,47380,47720,184672
2017-03-08,47610,47840,47100,47300,196618
2017-03-09,47400,47590,46480,46570,231422
2017-03-10,46300,46830,46140,46650,207214
2017-03-13,46800,47560,46530,47560,328654
2017-03-14,47500,47580,47190,47360,211346
2017-03-15,47150,47800,46820,47670,307966
2017-03-16,47900,48250,47710,48160,291370
2017-03-17,48270,48300,47660,47740,220262
2017-03-20,47960,48280,47840,47980,228262
2017-03-21,47980,48400,47030,47290,347368
2017-03-22,47150,47500,46420,46660,321040
2017-03-23,46730,47340,46450,47120,248072
2017-03-24,47120,47330,46710,47100,259020
2017-03-27,47040,47240,46050,46260,331254
2017-03-28,46100,47020,45600,46740,401114
2017-03-29,46860,47690,46670,47530,318226
2017-03-30,47500,47810,47200,47460,263782
2017-03-31,47510,48390,47440,47750,393114
2017-04-05,47090,47650,46980,47420,148642
2017-04-06,47810,48300,47680,47810,247964
2017-04-07,47900,48160,46930,47130,318632
2017-04-10,46820,47570,46650,47050,223444
2017-04-11,47020,47090,46520,46580,195250
2017-04-12,46800,47090,46150,46230,447660
2017-04-13,46070,46550,45520,46480,511384
2017-04-14,46150,46520,45800,46110,315686
2017-04-17,46150,47940,45960,46480,450362
2017-04-18,46690,46920,45740,45850,356194
2017-04-19,45850,46100,45110,45840,501250
2017-04-20,45760,46140,44800,45560,596204
2017-04-21,45750,46120,45460,46030,391290
2017-04-24,45840,46060,45480,45910,352930
2017-04-25,45780,46360,45570,46030,329762
2017-04-26,46220,46450,45880,46230,262080
2017-04-27,46340,46510,46170,46290,219242
2017-04-28,46330,46470,45840,46330,313460
2017-05-02,46950,47100,46690,46790,141624
2017-05-03,46860,46940,46480,46580,130726
2017-05-04,45870,45970,45010,45180,309126
2017-05-05,45000,45280,44680,44980,244258
2017-05-08,45000,45550,44650,44670,267810
2017-05-09,44620,44890,44420,44730,179390
2017-05-10,44840,45240,44730,44860,184178
2017-05-11,44980,45330,44660,45270,259366
2017-05-12,45510,45580,44830,44930,265148
2017-05-15,45080,45560,44900,45430,204988
2017-05-16,45540,45570,45030,45170,196142
2017-05-17,45290,45650,45270,45390,226698
2017-05-18,45240,45480,44920,44960,251502
2017-05-19,44650,45400,44610,45300,279650
2017-05-22,45570,46030,45470,45800,316766
2017-05-23,45980,46130,45760,45770,199768
2017-05-24,45920,46160,45510,45780,231488
2017-05-25,45900,46070,45730,45970,202522
2017-05-26,45910,46350,45850,46000,269820
2017-05-31,45690,45850,45170,45230,211210
2017-06-01,45320,45570,45110,45350,132220
2017-06-02,45450,45610,45280,45380,121784
2017-06-05,44980,45490,44900,45280,157414
2017-06-06,45160,45350,44900,44920,158238
2017-06-07,44850,45300,44680,44880,277966
2017-06-08,44980,45360,44820,45260,209292
2017-06-09,45530,46000,45490,45930,281390
2017-06-12,46220,46600,46110,46370,246512
2017-06-13,46290,46340,45810,45830,197490
2017-06-14,45650,46020,45630,45960,224422
2017-06-15,45850,45920,45380,45600,220290
2017-06-16,45550,45800,45360,45490,201860
2017-06-19,45590,45770,45430,45680,163648
2017-06-20,45830,46100,45750,45840,174480
2017-06-21,45590,45660,45360,45520,193626
2017-06-22,45880,46250,45750,45810,232072
2017-06-23,46070,46720,45900,46690,229244
2017-06-26,46640,46840,46350,46820,192652
2017-06-27,46680,46750,46430,46720,165084
2017-06-28,46690,47000,46610,46920,190654
2017-06-29,46860,47520,46770,47430,274182
2017-06-30,47430,47670,47230,47460,197134
2017-07-03,47510,47650,47370,47600,104806
2017-07-04,47490,47550,46930,47030,148008
2017-07-05,47110,47360,47080,47140,121620
2017-07-06,46870,46980,46680,46960,146812
2017-07-07,46860,47150,46800,47130,123504
2017-07-10,46910,47040,46730,46770,165672
2017-07-11,46680,47170,46580,47050,179100
2017-07-12,46920,47480,46850,47250,223482
2017-07-13,47360,47520,47120,47400,149728
2017-07-14,47440,47440,46930,47160,165950
2017-07-17,47140,47930,47120,47810,274074
2017-07-18,47950,48050,47560,47690,204886
2017-07-19,47690,47980,47660,47960,155696
2017-07-20,47860,47910,47540,47790,199886
2017-07-21,47810,48110,47410,48000,242490
2017-07-24,48200,48220,47720,47760,174398
2017-07-25,47890,48690,47790,48560,277318
2017-07-26,49000,50730,48960,50050,513720
2017-07-27,49980,50420,49910,50040,267478
2017-07-28,50210,50410,49550,49940,257912
2017-07-31,50060,50860,49920,50710,285858
2017-08-01,50430,50620,50250,50340,123500
2017-08-02,50330,50520,49960,50170,157788
2017-08-03,50200,50590,49980,49980,186936
2017-08-04,50220,50650,50110,50420,215792
2017-08-07,50400,51060,50160,50440,313780
2017-08-08,50460,51160,50350,50450,321062
2017-08-09,50450,51460,50450,51310,412874
2017-08-10,51210,51370,50640,50790,287458
2017-08-11,50690,50730,49760,49970,376090
2017-08-14,50210,50480,49980,50060,225496
2017-08-15,50200,50400,50060,50330,168522
2017-08-16,50330,50400,49880,50170,221076
2017-08-17,50540,51680,50530,51470,425214
2017-08-18,51090,51230,50620,51060,259318
2017-08-21,51100,51920,50650,51650,403734
2017-08-22,51640,52210,51370,52190,385120
2017-08-23,52270,52330,51300,51560,330686
2017-08-24,51510,52150,51360,51890,291158
2017-08-25,51860,52840,51780,52770,376636
2017-08-28,52770,52970,52030,52920,343244
2017-08-29,52960,53050,52430,52670,246030
2017-08-30,52880,52980,52510,52700,235602
2017-08-31,52530,52880,52360,52820,212712
2017-09-01,52960,52960,52560,52800,176536
2017-09-04,52530,53400,52500,53150,215214
2017-09-05,53080,53700,53020,53610,159896
2017-09-06,53490,53600,52730,53290,172018
2017-09-07,53130,53400,52720,52790,200062
2017-09-08,52780,52910,51650,51740,323194
2017-09-11,51700,51830,50910,51530,290212
2017-09-12,51760,51950,51420,51700,219924
2017-09-13,51120,51510,50980,51000,231800
2017-09-14,50640,50850,50370,50380,285450
2017-09-15,50380,50620,50170,50380,229932
2017-09-18,50240,50790,49860,50700,284904
2017-09-19,50650,50910,50460,50730,177744
2017-09-20,50710,50990,50550,50810,180602
2017-09-21,50770,50850,49940,50160,257624
2017-09-22,50260,50470,49340,49630,351468
2017-09-25,49840,50510,49820,50260,247008
2017-09-26,50210,50820,50170,50640,173940
2017-09-27,50460,50680,50080,50540,201670
2017-09-28,50590,50700,50060,50620,247942
2017-09-29,50780,51880,50660,51880,161078
2017-10-09,52060,52320,50590,52110,31928
2017-10-10,52030,52320,51830,51870,146488
2017-10-11,51890,52500,51710,52440,205294
2017-10-12,52400,53350,52210,53210,351494
2017-10-13,53370,53670,53150,53410,224032
2017-10-16,53420,55320,53100,55090,459982
2017-10-17,55280,55910,54980,55120,374224
2017-10-18,55220,55340,54450,54890,298918
2017-10-19,54850,55240,54470,54620,267536
2017-10-20,54400,55410,54140,55100,283334
2017-10-23,55030,55140,54070,54390,297772
2017-10-24,54650,55840,54570,55480,303102
2017-10-25,55580,55590,54240,54590,311784
2017-10-26,54900,55160,54670,54780,253628
2017-10-27,54690,54880,53840,53990,272016
2017-10-30,53600,53770,53250,53570,246596
2017-10-31,53650,54170,53350,53820,183950
2017-11-01,53560,54950,53430,54460,260556
2017-11-02,54330,54420,53820,54050,188854
2017-11-03,53880,54750,53850,54310,190458
2017-11-06,54370,54690,53810,54580,145766
2017-11-07,54610,55060,54390,54600,182902
2017-11-08,54300,54420,53370,53420,305714
2017-11-09,53620,53990,53060,53230,275702
2017-11-10,53230,53780,53160,53580,197726
2017-11-13,53600,53720,53320,53650,162226
2017-11-14,53480,54570,53230,54030,358232
2017-11-15,53980,54110,52630,52850,409694
2017-11-16,53000,53110,52540,52810,212728
2017-11-17,53060,53220,52660,52910,212498
2017-11-20,52850,53480,52620,52950,193784
2017-11-21,53040,53700,52910,53430,224184
2017-11-22,53600,54260,53530,54110,241988
2017-11-23,53970,54290,53800,53850,171736
2017-11-24,53840,54430,53800,54340,168346
2017-11-27,54440,54700,53720,53770,220270
2017-11-28,53840,53990,53170,53410,199140
2017-11-29,53180,53400,52940,53150,184640
2017-11-30,52970,53050,52390,52840,264586
2017-12-01,53010,53250,52680,52950,77870
2017-12-04,52840,53750,52740,53650,140490
2017-12-05,53570,53580,52480,52580,150238
2017-12-06,52220,52290,51080,51450,260564
2017-12-07,51480,51740,51170,51210,166140
2017-12-08,51350,51900,51230,51700,225810
2017-12-11,51590,51900,51240,51320,247112
2017-12-12,51500,52280,51410,52070,272406
2017-12-13,52150,52440,51850,52350,183984
2017-12-14,52560,52730,52150,52290,213452
2017-12-15,52600,53040,52520,52920,220234
2017-12-18,52870,53860,52780,53560,256442
2017-12-19,53550,53840,53280,53390,188764
2017-12-20,53480,53930,53380,53680,152574
2017-12-21,53870,54640,53810,54230,247502
2017-12-22,54270,54550,54020,54500,180564
2017-12-25,54400,55280,54380,54700,226428
2017-12-26,54730,55310,54450,55240,182436
2017-12-27,55380,55430,54810,54960,182146
2017-12-28,55210,55970,55170,55920,134900
2017-12-29,55750,55990,55400,55580,106148
2018-01-02,55540,55760,54960,55390,89466
2018-01-03,55250,55350,54810,54970,97976
2018-01-04,54870,55420,54680,55320,135860
2018-01-05,55460,55480,54800,55010,118170
2018-01-08,54710,54840,54420,54690,158260
2018-01-09,54600,55100,54530,55010,176372
2018-01-10,55000,55180,54680,54800,161198
2018-01-11,55210,55310,54900,55110,158968
2018-01-12,55050,55130,54260,54800,214000
2018-01-15,54440,55120,54350,54990,223716
2018-01-16,54970,55010,54180,54300,205918
2018-01-17,53900,54050,53570,53580,231424
2018-01-18,53720,53950,53450,53670,204204
2018-01-19,53790,53890,53550,53710,180656
2018-01-22,53760,53980,53310,53900,249866
2018-01-23,53870,53880,53430,53720,200602
2018-01-24,52930,52990,52530,52730,280792
2018-01-25,52890,54130,52790,53840,391388
2018-01-26,53650,53860,53180,53430,225190
2018-01-29,53400,53810,53120,53600,219076
2018-01-30,53480,53600,52820,52970,238906
2018-01-31,53140,53310,52890,53220,219558
2018-02-01,53300,53380,52920,52980,165548
2018-02-02,53070,53830,52970,53670,110622
2018-02-05,53390,53490,52890,53210,132408
2018-02-06,53220,54020,52770,52930,233590
2018-02-07,53060,53360,52670,52890,168268
2018-02-08,52700,52820,51780,52120,302370
2018-02-09,52120,52210,51440,51560,258852
2018-02-12,51330,51900,50920,51710,268694
2018-02-13,51710,52300,51520,52140,179328
2018-02-14,52380,52850,52230,52790,172660
2018-02-22,53080,53090,52560,52750,96064
2018-02-23,52880,53840,52840,53590,261144
2018-02-26,53390,53750,53200,53600,220706
2018-02-27,53490,53580,53100,53370,174578
2018-02-28,53100,53160,52490,52590,238954
2018-03-01,52780,52860,52300,52470,118938
2018-03-02,52170,52700,52110,52540,146956
2018-03-05,52390,52580,52040,52120,154072
2018-03-06,52060,52740,51850,52620,191752
2018-03-07,52850,52940,52420,52480,190386
2018-03-08,52230,52450,51950,52020,197866
2018-03-09,51820,51970,51080,51190,289024
2018-03-12,51410,52560,51410,51960,308666
2018-03-13,51950,52200,51710,51740,210318
2018-03-14,52090,52480,51890,52330,223704
2018-03-15,52600,52740,51980,52120,248478
2018-03-16,51820,52300,51730,52120,205452
2018-03-19,52110,52160,51160,51420,267984
2018-03-20,51280,51650,51120,51440,222650
2018-03-21,51280,51350,50470,50580,300280
2018-03-22,50450,51440,50380,51240,311050
2018-03-23,50970,51050,49660,50110,447988
2018-03-26,50180,50260,48720,49000,418866
2018-03-27,48780,49890,48780,49620,327668
2018-03-28,49510,49730,49220,49260,260964
2018-03-29,49640,50100,49300,49880,391054
2018-03-30,49930,50280,49780,50180,228412
2018-04-02,50150,50600,50080,50390,177164
2018-04-03,50400,50640,50150,50370,202750
2018-04-04,50420,50580,50210,50280,161216
2018-04-09,50340,50650,50060,50610,148164
2018-04-10,50580,51160,50360,50950,192228
2018-04-11,51220,51360,50740,50950,173284
2018-04-12,51200,51210,50180,50510,153782
2018-04-13,50320,50680,50140,50520,225766
2018-04-16,50700,50740,50070,50490,249156
2018-04-17,50550,51050,50530,50820,248942
2018-04-18,50590,51360,50450,51170,276956
2018-04-19,51700,52260,51620,51940,345872
2018-04-20,51480,51670,51160,51400,254906
2018-04-23,51580,52050,51420,51860,236978
2018-04-24,51000,51840,50830,51530,277464
2018-04-25,52050,52080,51490,51550,241754
2018-04-26,51830,51920,51380,51590,254250
2018-04-27,51400,51790,51390,51560,225284
2018-05-02,50750,51210,50700,51190,129718
2018-05-03,51000,51120,50860,51060,151522
2018-05-04,51450,51550,50990,51480,128410
2018-05-07,51160,51430,51130,51340,125368
2018-05-08,51630,51680,51220,51370,123160
2018-05-09,50800,51130,50450,50870,246322
2018-05-10,51000,51320,50920,51070,197810
2018-05-11,51700,51700,51350,51440,212786
2018-05-14,51500,51760,51460,51560,205314
2018-05-15,51290,51470,51060,51210,187332
2018-05-16,51000,51200,50690,51020,218378
2018-05-17,50960,51270,50880,51050,157436
2018-05-18,51160,51370,51060,51290,141748
2018-05-21,51090,51520,50920,51370,256254
2018-05-22,51650,51660,51390,51440,154338
2018-05-23,51880,52180,51620,51770,246000
2018-05-24,51380,51460,51250,51430,174960
2018-05-25,51450,51640,51310,51490,161524
2018-05-28,51460,51630,51270,51610,137284
2018-05-29,51290,51810,51270,51710,179284
2018-05-30,51780,51960,50780,50780,302378
2018-05-31,50930,51480,50900,51380,208730
2018-06-01,51230,51570,51020,51480,170982
2018-06-04,51640,52340,51490,51760,204274
2018-06-05,52030,52300,51880,52290,171962
2018-06-06,52370,53170,52330,53090,240740
2018-06-07,53490,54360,53470,54160,287162
2018-06-08,54400,54580,53690,53780,314034
2018-06-11,54050,54480,54000,54160,272404
2018-06-12,54000,54190,53730,53970,200354
2018-06-13,54010,54030,53430,53530,205028
2018-06-14,53690,54080,53520,53630,219358
2018-06-15,53550,53720,53230,53660,207270
2018-06-19,52660,52950,51590,51680,287526
2018-06-20,51560,52050,51490,51980,216472
2018-06-21,51720,51980,51430,51780,202184
2018-06-22,51750,51880,51570,51870,188590
2018-06-25,51800,52130,51650,51680,193704
2018-06-26,51790,51810,51330,51630,197446
2018-06-27,51600,51780,51440,51480,182396
2018-06-28,51450,52050,51430,51640,206312
2018-06-29,51350,51780,51080,51660,250034
2018-07-02,51490,51520,50950,51210,166102
2018-07-03,51370,51570,51020,51430,144068
2018-07-04,51230,51340,50000,50100,244920
2018-07-05,50040,50190,49180,49330,284764
2018-07-06,49450,49660,48520,49080,297982
2018-07-09,49100,50080,48830,49990,285956
2018-07-10,49700,50000,49580,49760,209834
2018-07-11,49570,49750,47520,48120,541382
2018-07-12,48250,49170,47780,49000,450502
2018-07-13,48770,49010,48580,48720,275076
2018-07-16,48850,49300,48720,48720,296012
2018-07-17,48700,49160,48510,48810,295984
2018-07-18,48660,48800,48130,48260,330832
2018-07-19,48180,49150,48170,48670,398280
2018-07-20,48150,48740,48010,48590,396008
2018-07-23,48650,49170,48600,49020,358224
2018-07-24,49190,49500,48940,49310,280694
2018-07-25,49690,50270,49670,49910,380778
2018-07-26,49910,50290,49750,50140,281736
2018-07-27,49980,50240,49840,50090,234256
2018-07-30,50130,50400,49320,49360,296308
2018-07-31,49730,50010,49540,49830,230464
2018-08-01,49800,50200,49590,49820,242416
2018-08-02,49390,49530,48740,49340,253890
2018-08-03,49290,49370,49050,49230,158676
2018-08-06,49450,49820,49100,49300,208600
2018-08-07,49090,49600,48970,49480,164124
2018-08-08,49450,49690,49360,49470,99466
2018-08-09,49440,50090,49370,49950,267388
2018-08-10,50020,50170,49460,49600,238180
2018-08-13,49640,49860,49530,49730,180398
2018-08-14,49820,49980,49370,49520,237192
2018-08-15,49450,49560,48240,48550,365084
2018-08-16,48240,48350,47210,47580,474398
2018-08-17,47700,48150,47490,47700,336290
2018-08-20,47810,48380,47770,48250,260152
2018-08-21,48290,48740,48270,48700,207460
2018-08-22,48710,48920,48120,48290,199122
2018-08-23,48450,48550,47960,47990,208790
2018-08-24,48120,48760,48060,48510,216926
2018-08-27,48560,48880,48540,48790,186508
2018-08-28,48850,48920,48410,48650,178046
2018-08-29,48850,49120,48750,48830,195804
2018-08-30,48860,48920,48570,48800,152284
2018-08-31,48770,48860,48310,48580,228032
2018-09-03,48530,48620,47880,48170,222402
2018-09-04,48140,48180,47630,47680,102332
2018-09-05,47380,47430,46940,47410,162966
2018-09-06,47370,47690,47320,47490,119670
2018-09-07,47720,47960,47400,47560,139198
2018-09-10,47700,47900,47430,47460,178970
2018-09-11,47660,47940,47570,47910,163546
2018-09-12,47310,47870,47200,47730,214224
2018-09-13,47810,48660,47680,48620,280520
2018-09-14,48660,48830,48420,48420,201026
2018-09-17,48360,48530,47820,47930,222616
2018-09-18,48010,48790,47980,48680,276876
2018-09-19,49290,49730,49210,49640,301162
2018-09-20,49500,49600,49230,49340,189550
2018-09-21,49330,50020,49110,49740,254236
2018-09-25,50400,50460,50010,50360,165238
2018-09-26,50710,50820,50390,50530,234234
2018-09-27,50580,50680,50070,50130,189856
2018-09-28,50040,50240,49710,50170,196936
2018-10-08,50120,50250,49820,50010,87740
2018-10-09,50050,50500,50010,50500,166260
2018-10-10,50270,51140,50160,50770,212766
2018-10-11,50730,50930,49760,49980,226062
2018-10-12,50230,50850,50080,50800,196994
2018-10-15,50740,51090,50450,50570,152142
2018-10-16,50780,50960,50130,50190,149838
2018-10-17,50330,50380,50030,50290,111464
2018-10-18,50380,50560,50000,50130,120742
2018-10-19,50000,50310,49850,50270,109650
2018-10-22,50420,50580,50180,50510,178626
2018-10-23,50730,50760,50000,50060,153150
2018-10-24,49860,50400,49820,50330,191940
2018-10-25,50140,50270,49360,49760,246018
2018-10-26,50030,50390,49710,49750,182982
2018-10-29,49770,50210,49610,49770,198698
2018-10-30,50080,50170,49620,49700,177650
2018-10-31,49400,49440,48950,49060,219696
2018-11-01,49050,49290,48510,48730,172014
2018-11-02,48760,49960,48700,49830,223504
2018-11-05,49900,50300,49730,49770,192952
2018-11-06,49710,49900,49480,49660,144330
2018-11-07,49660,49890,49210,49470,187242
2018-11-08,49630,49690,49310,49370,159576
2018-11-09,49220,49560,49070,49180,170890
2018-11-12,49070,49160,48770,48920,221910
2018-11-13,48930,49130,48670,49100,195234
2018-11-14,49090,49350,48720,48820,223268
2018-11-15,48970,49580,48920,49520,238130
2018-11-16,49560,49770,49410,49580,198160
2018-11-19,49470,49920,49400,49780,200744
2018-11-20,49850,50030,49540,49580,200582
2018-11-21,49750,50000,48740,49410,346060
2018-11-22,49600,49710,49260,49570,180800
2018-11-23,49550,49830,49330,49400,174734
2018-11-26,49300,49450,49050,49300,247316
2018-11-27,49420,49440,48650,48880,318768
2018-11-28,48900,49300,48620,49280,241950
2018-11-29,49250,49820,49110,49560,202904
2018-11-30,49530,49680,49430,49650,107922
2018-12-03,49560,50740,49310,50280,191286
2018-12-04,50180,50370,49600,49660,157134
2018-12-05,49640,49730,49100,49350,197696
2018-12-06,49260,49370,48960,48980,167154
2018-12-07,48760,49300,48720,49180,195508
2018-12-10,49230,49260,48870,48930,149254
2018-12-11,48930,49180,48800,49090,172762
2018-12-12,49150,49450,49050,49080,168062
2018-12-13,49040,49400,49010,49340,156686
2018-12-14,49310,49440,48870,48890,186434
2018-12-17,48800,49300,48740,49230,155804
2018-12-18,49040,49180,48860,48930,176828
2018-12-19,48730,48800,48010,48090,311126
2018-12-20,48130,48470,47760,48220,267864
2018-12-21,48360,48600,48200,48410,170110
2018-12-24,48300,48510,48030,48100,188998
2018-12-25,48010,48190,47470,48010,248624
2018-12-26,48000,48090,47820,48040,119494
2018-12-27,48400,48640,48160,48280,189466
2018-12-28,48200,48390,47970,48340,191960
2019-01-02,47980,48170,47670,47680,112020
2019-01-03,47180,47460,46960,47310,225040
2019-01-04,47200,47370,46210,47140,348086
2019-01-07,47140,47680,46810,47430,301244
2019-01-08,47380,47510,47230,47340,167112
2019-01-09,47420,47820,47260,47680,233952
2019-01-10,47730,47740,47380,47510,185460
2019-01-11,47340,47350,46970,47320,224400
2019-01-14,47150,47270,46730,46890,233818
2019-01-15,46830,47080,46690,47000,172170
2019-01-16,46920,47430,46890,47380,225524
2019-01-17,47340,47490,47220,47380,158182
2019-01-18,47350,47930,47230,47860,213558
2019-01-21,47930,48300,47690,47800,223964
2019-01-22,47660,47850,47500,47530,129522
2019-01-23,47610,47690,47320,47540,118250
2019-01-24,47430,47610,47260,47320,133490
2019-01-25,47260,47490,47090,47380,146234
2019-01-28,47210,47950,47140,47540,215208
2019-01-29,47620,47670,47350,47580,121536
2019-01-30,47610,47920,47600,47700,135976
2019-01-31,47830,48220,47770,48090,164962
2019-02-01,48210,48360,47970,48270,113982
2019-02-11,48600,48600,48170,48190,91592
2019-02-12,48310,48450,48060,48110,106656
2019-02-13,48000,48150,47830,48120,96160
2019-02-14,48010,48390,48000,48340,77688
2019-02-15,48640,48650,48150,48200,130306
2019-02-18,48500,49260,48440,49230,221478
2019-02-19,49290,49480,49160,49360,170316
2019-02-20,49280,49790,49230,49710,196492
2019-02-21,49690,50040,49530,49670,220484
2019-02-22,49750,49920,49550,49920,169764
2019-02-25,50310,50620,50100,50520,275480
2019-02-26,50370,50410,49970,50190,229798
2019-02-27,50160,50280,49970,50080,182712
2019-02-28,50220,50440,50110,50160,172546
2019-03-01,50260,50560,50100,50500,163088
2019-03-04,50530,50810,49980,50010,196842
2019-03-05,49680,50230,49610,49880,260694
2019-03-06,49620,49670,49340,49400,132836
2019-03-07,49450,49650,49110,49210,174430
2019-03-08,49220,49300,48990,49040,152736
2019-03-11,48820,49220,48810,49190,140418
2019-03-12,49170,49490,49010,49450,155542
2019-03-13,49630,49720,49220,49340,165036
2019-03-14,49440,49440,49060,49110,149960
2019-03-15,48870,49410,48670,49320,326806
2019-03-18,49120,49460,48950,49350,190904
2019-03-19,49390,49430,49130,49330,132344
2019-03-20,49390,49500,49160,49190,111362
2019-03-21,49190,49480,49120,49420,141296
2019-03-22,49270,49310,48920,48940,163772
2019-03-25,48580,48740,48100,48120,229440
2019-03-26,48210,48380,48140,48230,133948
2019-03-27,48270,48520,48230,48390,135012
2019-03-28,48430,48480,48140,48360,127904
2019-03-29,48540,48910,48420,48800,154770
2019-04-01,49200,49480,49100,49460,166218
2019-04-02,49420,49460,49040,49270,119910
2019-04-03,49150,49540,49000,49510,124934
2019-04-04,49360,49660,49250,49520,125892
2019-04-08,49120,49380,49100,49260,75880
2019-04-09,49390,49850,49320,49790,117250
2019-04-10,49790,49870,49400,49490,97432
2019-04-11,49320,49430,49130,49170,85710
2019-04-12,49150,49290,48910,49200,77962
2019-04-15,49610,49670,49320,49320,79396
2019-04-16,49310,49580,49140,49450,82532
2019-04-17,49450,49630,49320,49470,85456
2019-04-18,49840,50080,49470,49500,256234
2019-04-19,49290,49550,49230,49530,100934
2019-04-23,49070,49280,49050,49160,119046
2019-04-24,49050,49130,48830,48960,149314
2019-04-25,49100,49360,49080,49180,145222
2019-04-26,48960,48980,48720,48970,146458
2019-04-29,48950,49020,48790,48850,100624
2019-04-30,48810,49070,48770,48940,115630
2019-05-06,47500,48120,47420,48010,120546
2019-05-07,48070,48430,47960,48280,112210
2019-05-08,47890,48050,47770,47840,128518
2019-05-09,47620,47790,47540,47560,154188
2019-05-10,47540,48060,47370,47760,194156
2019-05-13,47760,47950,47600,47660,24822
2019-05-14,47550,47640,47350,47490,31260
2019-05-15,47490,47820,47390,47730,31845
2019-05-16,47550,47920,47550,47790,126132
2019-05-17,48100,48150,47500,47630,157594
2019-05-20,47710,47880,47600,47620,117452
2019-05-21,47580,47820,47550,47700,122918
2019-05-22,47590,47670,47100,47160,224660
2019-05-23,47000,47090,46550,46680,173938
2019-05-24,46620,47210,46530,47170,164438
2019-05-27,47080,47330,47030,47280,133378
2019-05-28,47210,47340,47100,47130,83480
2019-05-29,47160,47230,46780,46810,112976
2019-05-30,46670,46800,46440,46550,159450
2019-05-31,46370,46520,46120,46180,183872
2019-06-03,46150,46390,46060,46130,117262
2019-06-04,46300,46420,46190,46270,83460
2019-06-05,46230,46630,46190,46490,92440
2019-06-06,46380,46390,45860,46020,147732
2019-06-10,46110,46390,46050,46260,73470
2019-06-11,46230,46940,46230,46900,163332
2019-06-12,47020,47050,46420,46480,154314
2019-06-13,46430,46620,46200,46270,140080
2019-06-14,46270,46630,46240,46340,130014
2019-06-17,46310,46350,46040,46150,122456
2019-06-18,46050,46440,45990,46330,120452
2019-06-19,46640,47040,46520,46840,240284
2019-06-20,46780,46990,46660,46930,136528
2019-06-21,46980,47170,46700,46850,165026
2019-06-24,46720,47020,46660,46750,138246
2019-06-25,46820,47130,46730,47090,151490
2019-06-26,47150,47530,47150,47210,190358
2019-06-27,47170,47260,46850,47090,136614
2019-06-28,46920,47210,46840,47010,157210
2019-07-01,46970,47450,46960,47360,124124
2019-07-02,47110,47120,46540,46610,157822
2019-07-03,46520,46520,46220,46250,117758
2019-07-04,46390,46620,46320,46350,95224
2019-07-05,46400,46520,46220,46280,70522
2019-07-08,46240,46470,46150,46320,88026
2019-07-09,46560,46570,46110,46190,133840
2019-07-10,46000,46160,45640,46080,220588
2019-07-11,46510,46690,46420,46590,171810
2019-07-12,46620,46790,46500,46670,115792
2019-07-15,46540,47020,46530,46910,153976
2019-07-16,47020,47100,46790,46910,121524
2019-07-17,46960,47280,46760,46860,174862
2019-07-18,46760,46960,46620,46780,140190
2019-07-19,46860,48040,46800,47970,375166
2019-07-22,48330,48390,47360,47410,321630
2019-07-23,47350,47510,47220,47300,133428
2019-07-24,47190,47200,46750,47090,163518
2019-07-25,47090,47160,46960,47020,98330
2019-07-26,47200,47220,46910,47050,107252
2019-07-29,46950,46980,46780,46900,119400
2019-07-30,47030,47370,47000,47240,136426
2019-07-31,46960,46980,46710,46720,137616
2019-08-01,46720,46850,46520,46620,99920
2019-08-02,46680,46740,46210,46440,132772
2019-08-05,46080,46200,45760,46060,208996
2019-08-06,45960,46320,45890,46150,113404
2019-08-07,46080,46320,45940,45960,120076
2019-08-08,46030,46720,45970,46510,218684
2019-08-09,46670,46830,46460,46680,144142
2019-08-12,46830,46940,46540,46750,151240
2019-08-13,46700,46730,46530,46560,95910
2019-08-14,46530,46960,46480,46580,203334
2019-08-15,46400,46520,46320,46440,126988
2019-08-16,46420,46550,46320,46550,101474
2019-08-19,46390,46660,46340,46610,109274
2019-08-20,46750,46780,46530,46620,92614
2019-08-21,46490,46580,46260,46430,132222
2019-08-22,46390,46520,46230,46310,103506
2019-08-23,46410,46470,46160,46400,118304
2019-08-26,46150,46330,45830,46020,186190
2019-08-27,46260,46520,46180,46380,142254
2019-08-28,46660,46700,46480,46560,112506
2019-08-29,46500,46710,46480,46550,97492
2019-08-30,46680,46870,46630,46690,126328
2019-09-02,46710,46920,46510,46640,123850
2019-09-03,46500,46500,46310,46370,87998
2019-09-04,45940,46620,45730,46620,161926
2019-09-05,46730,47280,46660,46970,192548
2019-09-06,47430,47750,47300,47430,147064
2019-09-09,47420,47560,47290,47420,127682
2019-09-10,47290,47500,47240,47430,103648
2019-09-11,47100,47410,47060,47290,128232
2019-09-12,47240,47500,47010,47490,134652
2019-09-16,47960,47970,47530,47560,94932
2019-09-17,47580,47620,47230,47340,124252
2019-09-18,47150,47440,47030,47310,127248
2019-09-19,47100,47220,47030,47070,110658
2019-09-20,47160,47220,47050,47130,85916
2019-09-23,47140,47180,46850,46870,112904
2019-09-24,46880,47260,46850,47120,111640
2019-09-25,47160,47190,46950,47000,108694
2019-09-26,46950,47320,46940,47120,119034
2019-09-27,47100,47120,46650,46920,130866
2019-09-30,46960,47340,46830,47250,130862
2019-10-08,46830,46970,46750,46770,81262
2019-10-09,46650,46750,46520,46600,99126
2019-10-10,46570,46700,46480,46690,84542
2019-10-11,46830,47070,46700,46910,137142
2019-10-14,47000,47210,46920,46970,154220
2019-10-15,46800,47060,46730,46960,118430
2019-10-16,46950,46980,46750,46750,101484
2019-10-17,46540,46720,46530,46650,105468
2019-10-18,46750,46950,46570,46570,120310
2019-10-21,47060,47180,46960,47020,171512
2019-10-22,47200,47220,47060,47120,104472
2019-10-23,47080,47210,46910,46930,109752
2019-10-24,47020,47490,47010,47360,205300
2019-10-25,47480,47570,47260,47390,127902
2019-10-28,47440,47670,47330,47430,136876
2019-10-29,47510,47590,47320,47340,90468
2019-10-30,47440,47610,47390,47510,108792
2019-10-31,47460,47580,47250,47330,120708
2019-11-01,47130,47210,46780,47120,164794
2019-11-04,47030,47120,46940,47040,73194
2019-11-05,47060,47270,47020,47250,79978
2019-11-06,47300,47630,47160,47190,118704
2019-11-07,47290,47330,47060,47150,77960
2019-11-08,47450,47620,47330,47340,123526
2019-11-11,47440,47450,47150,47170,107900
2019-11-12,47120,47330,47120,47270,103628
2019-11-13,47060,47120,46970,47030,117050
2019-11-14,46980,47080,46850,47030,118708
2019-11-15,47050,47060,46700,46930,122646
2019-11-18,46890,47030,46750,46980,91148
2019-11-19,46940,46980,46790,46890,95720
2019-11-20,46940,47240,46900,47050,143922
2019-11-21,47180,47240,46980,47110,99816
2019-11-22,46940,47010,46840,46870,113266
2019-11-25,47010,47180,46950,47100,116940
2019-11-26,47180,47220,47010,47070,83032
2019-11-27,47140,47410,47100,47380,165848
2019-11-28,47480,47520,47290,47350,107478
2019-11-29,47290,47370,47200,47320,84278
2019-12-02,47260,47380,47060,47300,99282
2019-12-03,47250,47250,47040,47080,93878
2019-12-04,46980,47120,46910,46980,91244
2019-12-05,47030,47290,47030,47200,76992
2019-12-06,47250,47370,47180,47320,67804
2019-12-09,47270,48340,47260,48340,199968
2019-12-10,48350,48800,48290,48690,256536
2019-12-11,48750,49060,48590,49000,220182
2019-12-12,48980,49360,48950,49030,221996
2019-12-13,49000,49380,48800,49010,270158
2019-12-16,49040,49210,48690,49100,273326
2019-12-17,49180,49460,49100,49260,191946
2019-12-18,49250,49300,49000,49070,114340
2019-12-19,49200,49200,48860,49110,119846
2019-12-20,49150,49560,48940,49030,216248
2019-12-23,49070,49140,48870,49050,128768
2019-12-24,49110,49640,48970,49590,200750
2019-12-25,49500,49710,49390,49600,133218
2019-12-26,49640,49940,49450,49650,154242
2019-12-27,49660,49820,49590,49730,125240
2019-12-30,49590,49610,49230,49510,185304
2019-12-31,49420,49490,49110,49150,144680
2020-01-02,49120,49340,49120,49230,42747
2020-01-03,49130,49130,48750,48780,80835
2020-01-06,48580,49010,48560,48760,85974
2020-01-07,48710,49020,48710,49010,57599
2020-01-08,48860,48980,48640,48860,82785
2020-01-09,48910,49170,48830,48960,78060
2020-01-10,48910,49050,48850,49010,48262
2020-01-13,48890,49230,48710,48940,84452
2020-01-14,48850,49380,48820,49310,99744
2020-01-15,49300,49610,49180,49260,78508
2020-01-16,49260,49400,49160,49200,52450
2020-01-17,49450,49550,49130,49250,77143
2020-01-20,49300,49330,48970,49100,65995
2020-01-21,49080,49080,48300,48420,97077
2020-01-22,48450,48650,48280,48540,56978
2020-01-23,48340,48380,47960,48020,58176
2020-02-03,44780,45250,44780,45040,89818
2020-02-04,44750,45290,44680,45260,53234
2020-02-05,44980,45630,44980,45550,45362
2020-02-06,45750,46330,45750,46160,47408
2020-02-07,45960,46050,45720,45830,41451
2020-02-10,45420,45720,45390,45560,47469
2020-02-11,45610,45850,45610,45720,52156
2020-02-12,45740,45880,45640,45710,37885
2020-02-13,45740,46020,45740,45890,50093
2020-02-14,46080,46130,46000,46120,33360
2020-02-17,46030,46500,46010,46490,55996
2020-02-18,46420,46440,46240,46270,43655
2020-02-19,46300,46540,46220,46400,39541
2020-02-20,46380,46570,46230,46430,63893
2020-02-21,46250,46330,45980,45990,62210
2020-02-24,45920,46040,45710,46000,75484
2020-02-25,46040,46040,45670,45950,62341
2020-02-26,45680,45770,45570,45630,55268
2020-02-27,45620,45650,45430,45440,54248
2020-02-28,45350,45350,44240,44390,119804
2020-03-02,44530,45300,44370,45230,80877
2020-03-03,45610,45990,45480,45620,53516
2020-03-04,45350,45400,45210,45280,45562
2020-03-05,45400,45550,45350,45460,39600
2020-03-06,45150,45200,44970,45010,49938
2020-03-09,44050,44110,43500,43890,96985
2020-03-10,44370,44920,44310,44710,73394
2020-03-11,44570,44750,44260,44290,52990
2020-03-12,43640,43820,43180,43450,99279
2020-03-13,43250,43760,42740,43650,131506
2020-03-16,43340,43600,42600,42630,98132
2020-03-17,42800,43020,42130,42630,120081
2020-03-18,41570,41770,39960,39960,116615
2020-03-19,38770,38770,37570,37570,20498
2020-03-20,37980,39250,37560,38910,220388
2020-03-23,37000,37250,35300,37200,206648
2020-03-24,38370,38900,37520,38200,157665
2020-03-25,38960,39390,38540,39360,149743
2020-03-26,39300,39320,38800,38870,97500
2020-03-27,39080,39320,38700,39180,113036
2020-03-30,38680,38930,38310,38720,98872
2020-03-31,39160,39600,39120,39150,75492
2020-04-01,39490,39680,38820,39000,78286
2020-04-02,38960,39800,38570,39650,101287
2020-04-03,39720,40120,39440,39930,76583
2020-04-07,40330,40940,40210,40600,74012
2020-04-08,40310,41020,40140,40810,76448
2020-04-09,40980,41180,40690,40800,49848
2020-04-10,40570,41890,40570,41790,70665
2020-04-13,41280,41930,41250,41780,86194
2020-04-14,41920,41970,41570,41750,73802
2020-04-15,41790,41820,41330,41560,73988
2020-04-16,41390,41670,41320,41560,56614
2020-04-17,41800,44800,41790,42280,87288
2020-04-20,42020,42630,42010,42330,77119
2020-04-21,41860,42160,41400,41440,118355
2020-04-22,41200,41370,40350,41090,140104
2020-04-23,41300,42020,41250,41950,118615
2020-04-24,41910,41980,41620,41780,76597
2020-04-27,42420,42880,42240,42490,98382
2020-04-28,42300,42470,42130,42300,71273
2020-04-29,42410,42720,42380,42510,66506
2020-04-30,42780,42980,42650,42940,61853
2020-05-06,42320,42780,42310,42720,60410
2020-05-07,42790,43120,42610,43110,73904
2020-05-08,43290,43610,43000,43510,79567
2020-05-11,43650,43950,43420,43500,73466
2020-05-12,43250,43450,43040,43040,80202
2020-05-13,43200,43430,42680,43060,77990
2020-05-14,43160,43250,42800,42910,60819
2020-05-15,42730,43320,42510,43130,75387
2020-05-18,42750,43220,42580,43120,79596
2020-05-19,43480,44030,43390,43690,92635
2020-05-20,43650,43920,43490,43730,81689
2020-05-21,43890,44500,43750,44150,107082
2020-05-22,44270,44410,43240,43260,146826
2020-05-25,43330,43680,43210,43650,89226
2020-05-26,43780,43940,43660,43860,70689
2020-05-27,44060,44110,43500,43640,99314
2020-05-28,43600,43850,43320,43700,105554
2020-05-29,43760,44050,43580,43940,92379
2020-06-01,44080,44650,43900,44600,106250
2020-06-02,44360,44800,44210,44560,98301
2020-06-03,44790,45100,44720,44830,91520
2020-06-04,45020,45050,44570,44720,84873
2020-06-05,44770,45260,44760,45220,90561
2020-06-08,45520,45960,45430,45800,118155
2020-06-09,45960,46490,45750,46250,110149
2020-06-10,46250,46980,45970,46830,116064
2020-06-11,47270,47600,46640,46950,171994
2020-06-12,46800,47150,46070,46840,152083
2020-06-15,46860,47330,46240,46280,184390
2020-06-16,46290,47270,46190,47150,134519
2020-06-17,47250,47250,46450,46770,135891
2020-06-18,46870,47020,46780,46920,85735
2020-06-19,46970,47800,46890,47780,106314
2020-06-22,47900,47930,47150,47470,134352
2020-06-23,47630,47870,47330,47850,140596
2020-06-24,47900,47940,47540,47860,97971
2020-06-29,48050,48590,48030,48380,101302
2020-06-30,48350,48800,48270,48790,105873
2020-07-01,48950,49380,48770,49350,152479
2020-07-02,48980,49570,48910,49410,146548
2020-07-03,49300,49390,48840,48900,146952
2020-07-06,48900,49220,48480,49040,129453
2020-07-07,49300,49620,49140,49360,118738
2020-07-08,49300,49970,49200,49800,120235
2020-07-09,49920,50800,49890,50700,144126
2020-07-10,50750,50800,50200,50500,153202
2020-07-13,50860,53520,50760,52880,271916
2020-07-14,52560,53100,51820,52210,189892
2020-07-15,52420,52730,52110,52210,147028
2020-07-16,52280,52360,50640,50710,234458
2020-07-17,51080,51770,51050,51430,140235
2020-07-20,51540,51700,51160,51300,108579
2020-07-21,51200,52340,51200,51900,130584
2020-07-22,52060,52830,52000,52410,149303
2020-07-23,52100,52100,51360,51970,172219
2020-07-24,51830,52470,51060,51220,198590
2020-07-27,51420,52040,51360,51600,152381
2020-07-28,51400,52250,51280,51520,167004
2020-07-29,51400,51990,51380,51880,126507
2020-07-30,51760,52170,51560,51690,142028
2020-07-31,51590,51950,51190,51820,176783
2020-08-03,51500,51570,50210,51050,178441
2020-08-04,51500,51970,51380,51540,125658
2020-08-05,51380,51640,51240,51350,108968
2020-08-06,51280,51890,51200,51400,138596
2020-08-07,51470,51720,51020,51300,116790
2020-08-10,51230,51290,49580,50230,215542
2020-08-11,50980,51100,50310,50340,126403
2020-08-12,50340,50690,49500,49870,172915
2020-08-13,50310,50920,50020,50410,120343
2020-08-14,50210,50220,49460,50100,142788
2020-08-17,50410,50750,50040,50730,94851
2020-08-18,50770,51370,50740,50830,101530
2020-08-19,51400,52520,51250,52150,159341
2020-08-20,52610,52740,51800,52040,152702
2020-08-21,52160,52280,51570,51800,126839
2020-08-24,51200,51560,51020,51540,115553
2020-08-25,51450,51540,51030,51130,88666
2020-08-26,51240,51490,51020,51440,87542
2020-08-27,51650,51730,51380,51490,73013
2020-08-28,51600,52030,51170,51990,140507
2020-08-31,52000,52230,51810,51980,96530
2020-09-01,52030,53050,52010,52990,127094
2020-09-02,52700,52820,51700,52070,159982
2020-09-03,51960,52170,51640,51760,110112
2020-09-04,51620,51800,50850,51650,153286
2020-09-07,51880,52840,51730,52240,168908
2020-09-08,52530,52700,52320,52590,92327
2020-09-09,52060,52300,51520,51830,150155
2020-09-10,52100,52320,51630,51700,93311
2020-09-11,51900,52190,51200,51680,141949
2020-09-14,51890,52530,51700,52120,134813
2020-09-15,52160,52320,51950,52160,82244
2020-09-16,52200,52240,51570,51710,112254
2020-09-17,51670,51840,51300,51330,102712
2020-09-18,51500,52350,51330,52320,121266
2020-09-21,52010,52780,51870,52160,100777
2020-09-22,52210,52230,51100,51780,145162
2020-09-23,52200,52240,50960,51460,167233
2020-09-24,51020,51390,50430,50640,237913
2020-09-25,50370,51170,49980,51040,211416
2020-09-28,50800,51350,50470,51220,157535
2020-09-29,51180,51450,50840,50940,131521
2020-09-30,50670,51300,50600,50930,143178
2020-10-09,51470,51680,51260,51440,63402
2020-10-12,51630,51640,50820,51520,138772
2020-10-13,51680,51870,51340,51360,92311
2020-10-14,51300,51560,51140,51540,122598
2020-10-15,51390,51430,51080,51260,120308
2020-10-16,51140,51800,51010,51470,123975
2020-10-19,51390,51580,51140,51170,113757
2020-10-20,51600,51600,51220,51380,83251
2020-10-21,51800,52500,51700,52150,144748
2020-10-22,52360,52780,52150,52280,106873
2020-10-23,52080,52370,51830,51950,115988
2020-10-26,52110,52130,51780,51810,83535
2020-10-27,51480,51710,51380,51650,102907
2020-10-28,51670,51880,51450,51840,92563
2020-10-29,51240,51600,51150,51470,128203
2020-10-30,51150,51480,50830,50940,146943
2020-11-02,51050,51300,50720,51070,114844
2020-11-03,51150,51810,51150,51800,111175
2020-11-04,51810,51960,51420,51610,122141
2020-11-05,51450,51750,51320,51420,96483
2020-11-06,51450,51680,51340,51430,78755
2020-11-09,51890,52240,51780,51840,126705
2020-11-10,52380,52610,51570,51590,127885
2020-11-11,51510,52030,51410,51960,91032
2020-11-12,51910,51930,51560,51800,79940
2020-11-13,51910,52220,51810,52180,88755
2020-11-16,52110,53800,52110,53640,190833
2020-11-17,53520,53580,52670,52850,130810
2020-11-18,52720,52990,52240,52950,103527
2020-11-19,52850,53140,52580,52730,98152
2020-11-20,52700,53540,52530,53520,134821
2020-11-23,53850,54540,53700,53970,218768
2020-11-24,53800,54850,53620,54770,185525
2020-11-25,54880,55100,54410,54550,171496
2020-11-26,54410,55390,54390,55310,154194
2020-11-27,55160,56180,55090,56120,172868
2020-11-30,56150,57790,56060,57680,276208
2020-12-01,57620,57980,56620,57040,271479
2020-12-02,57190,57810,56850,57200,202365
2020-12-03,56850,57330,56500,56870,193370
2020-12-04,57150,57620,56710,57450,223643
2020-12-07,57250,57850,56960,57030,185716
2020-12-08,56980,57310,56800,56930,113818
2020-12-09,56760,57480,56670,57250,126621
2020-12-10,57160,57470,56790,57450,122092
2020-12-11,57410,59210,57110,57830,280050
2020-12-14,57650,58050,57220,57850,149246
2020-12-15,57770,57870,57350,57700,94628
2020-12-16,57730,58190,57510,57850,109766
2020-12-17,58020,58680,57860,58620,96247
2020-12-18,58630,59500,58530,59260,117085
2020-12-21,59280,59640,58800,59280,163715
2020-12-22,58640,58970,57880,57900,184763
2020-12-23,58000,58080,57140,57850,167233
2020-12-24,57960,58480,57930,58130,111868
2020-12-25,58040,58660,57770,58560,84668
2020-12-28,58500,59210,58300,58770,117109
2020-12-29,58790,59000,58020,58180,130352
2020-12-30,58300,58680,58060,58480,123639
2020-12-31,58180,58340,57630,57750,136664
2021-01-04,57750,58300,57680,58160,82919
2021-01-05,58220,58550,57710,58110,103527
2021-01-06,58160,59280,58090,59030,120470
2021-01-07,59330,59550,58720,59380,114651
2021-01-08,59190,60680,59000,60310,145940
2021-01-11,60060,60220,58540,58580,171238
2021-01-12,58620,58870,57960,58710,155293
2021-01-13,58780,59100,58580,58780,122271
2021-01-14,58650,58970,58450,58740,106241
2021-01-15,58910,59750,58650,58690,164481
2021-01-18,58730,59430,58320,59280,169802
2021-01-19,59130,59190,58670,58890,101309
2021-01-20,59060,59460,58710,59120,134630
2021-01-21,59000,59490,58720,59340,129082
2021-01-22,59340,59630,58640,58810,143519
2021-01-25,58300,59250,58170,59090,156396
2021-01-26,58940,59090,58400,58470,113778
2021-01-27,58760,59140,58570,58720,94848
2021-01-28,58320,58580,57620,57760,229939
2021-01-29,57690,58460,57410,57550,177119
2021-02-01,57870,58350,57280,57910,163881
2021-02-02,57790,57910,57260,57300,114326
2021-02-03,57170,57480,56860,57000,136494
2021-02-04,57400,57950,57230,57820,118813
2021-02-05,57720,58240,57540,58210,97200
2021-02-08,58430,59030,58120,58790,102902
2021-02-09,58790,59720,58780,59570,91536
2021-02-10,59610,60830,59420,60800,117134
2021-02-18,61820,63290,61600,63210,80289
2021-02-19,63390,64470,63000,64320,199534
2021-02-22,64460,67370,64370,67370,296364
2021-02-23,66750,68790,66420,67950,467269
2021-02-24,67550,68880,66560,67910,454424
2021-02-25,68390,70740,67900,70150,403093
2021-02-26,70080,70440,67940,67950,422027
2021-03-01,67420,68110,66860,67450,334847
2021-03-02,67410,67610,65730,66780,242399
2021-03-03,67650,68400,67250,67810,195794
2021-03-04,67630,67630,66430,66460,168654
2021-03-05,65130,66400,64210,65920,295735
2021-03-08,66330,67330,65660,65770,185050
2021-03-09,66200,67460,65710,66000,175033
2021-03-10,66130,66280,65070,65400,194750
2021-03-11,65960,67770,65410,67360,225414
2021-03-12,67260,67470,66590,66920,190335
2021-03-15,66920,68230,66860,67520,204178
2021-03-16,67680,67780,66690,66740,137751
2021-03-17,66490,67110,66180,66940,146956
2021-03-18,66920,67700,66660,66920,146886
2021-03-19,66980,67390,65510,66020,217722
2021-03-22,66510,67440,66220,66800,181394
2021-03-23,67020,67720,66380,67040,193756
2021-03-24,66750,66910,66080,66480,153428
2021-03-25,66690,66980,65480,65560,191090
2021-03-26,65210,66390,64930,66170,204962
2021-03-29,66280,66900,66070,66340,145770
2021-03-30,66420,66620,65860,65880,128138
2021-03-31,65860,65930,65190,65600,161047
2021-04-01,65750,65890,65030,65090,134908
2021-04-02,65390,67260,65340,67090,192731
2021-04-06,67480,67670,66850,67010,89025
2021-04-07,67010,67410,66750,66900,94176
2021-04-08,66590,67210,66310,66850,120227
2021-04-09,66860,67290,66550,66720,96815
2021-04-12,66870,66940,65650,65690,130994
2021-04-13,65900,66160,65620,65870,83519
2021-04-14,66280,66410,66020,66190,65691
2021-04-15,66840,68180,66680,68040,190130
2021-04-16,68130,69500,68060,68540,249767
2021-04-19,69000,69820,67880,69660,222256
2021-04-20,69660,69750,69000,69450,161140
2021-04-21,69270,69590,68450,68720,181631
2021-04-22,68830,69720,68740,69140,165801
2021-04-23,69320,69740,68850,69440,162777
2021-04-26,69750,71130,69550,70980,247686
2021-04-27,71150,72820,71030,72480,261866
2021-04-28,72150,72380,71060,71340,232329
2021-04-29,71820,72960,71510,72380,197631
2021-04-30,72600,73060,71250,71890,209068
2021-05-06,72210,73320,72180,73240,102105
2021-05-07,73580,74950,73430,74900,179927
2021-05-10,75300,78270,75080,77720,281019
2021-05-11,77400,77430,74800,76000,313147
2021-05-12,76000,77150,75670,77090,199333
2021-05-13,76240,76720,75390,75970,244411
2021-05-14,75420,75740,73530,74560,237464
2021-05-17,74360,75290,74200,74750,175719
2021-05-18,74680,76210,74560,76100,137132
2021-05-19,75740,75900,74070,74090,131138
2021-05-20,73420,73860,72150,73450,199583
2021-05-21,73600,73720,71760,72160,214013
2021-05-24,72800,72950,71010,71640,246429
2021-05-25,71780,72960,71710,72230,167541
2021-05-26,71850,72240,71510,71780,152038
2021-05-27,71860,72350,71280,71940,157811
2021-05-28,71970,74480,71970,73350,245750
2021-05-31,73040,74550,72770,73950,193071
2021-06-01,73980,74350,73590,74160,124527
2021-06-02,73700,74750,73520,73680,155274
2021-06-03,73380,73500,72610,73020,159440
2021-06-04,71500,71750,70470,70910,241633
2021-06-07,71920,72130,71190,71390,124171
2021-06-08,71270,71830,71100,71420,108151
2021-06-09,70990,72380,70870,71510,138564
2021-06-10,71400,71880,71050,71290,102273
2021-06-11,71070,71830,70610,71770,143036
2021-06-15,71520,71560,69500,70230,117291
2021-06-16,69110,69490,68380,68450,151836
2021-06-17,68950,69830,68450,68800,133905
2021-06-18,68620,68960,66960,67260,159616
2021-06-21,67150,67370,66350,66350,131010
2021-06-22,66420,67620,66390,67350,110174
2021-06-23,67350,68510,67270,68480,85778
2021-06-24,68860,69660,68300,68480,133511
2021-06-25,68700,69340,68580,68700,108388
2021-06-28,68580,68930,68150,68630,109883
2021-06-29,68650,68820,67720,68150,98558
2021-06-30,67940,68610,67840,68390,88641
2021-07-01,68630,69310,68140,68260,122153
2021-07-02,68630,68940,67810,68260,107885
2021-07-05,68430,69780,68210,69520,137175
2021-07-06,69260,70230,69200,70100,115739
2021-07-07,69720,69810,67900,69110,172828
2021-07-08,69280,69550,68590,68740,127762
2021-07-09,68360,69240,68170,68920,118800
2021-07-12,69600,69980,68850,68980,127097
2021-07-13,68790,69460,68750,69200,82563
2021-07-14,68490,69030,68280,68870,98394
2021-07-15,68730,69100,68060,68800,108007
2021-07-16,68780,69550,68670,69340,97287
2021-07-19,69300,69480,68620,68740,90167
2021-07-20,67450,68370,67400,68130,111283
2021-07-21,67880,68690,67810,68020,80128
2021-07-22,68300,69050,68210,68960,74370
2021-07-23,69130,70000,68930,69670,84264
2021-07-26,70040,71150,69630,70770,139600
2021-07-27,71030,72740,70990,71770,167268
2021-07-28,72110,72410,71690,71850,132217
2021-07-29,71750,71910,71110,71610,121943
2021-07-30,71700,72120,71290,71820,113946
2021-08-02,71960,72460,70830,71480,169156
2021-08-03,71680,71690,70440,70450,110158
2021-08-04,69860,70350,69500,70120,113943
2021-08-05,69520,69860,69220,69220,117226
2021-08-06,69250,70430,69250,70330,102313
2021-08-09,70160,70490,69140,69470,119524
2021-08-10,68540,69770,68500,69550,105758
2021-08-11,69500,70420,69370,69770,101880
2021-08-12,69870,70660,69850,70410,93337
2021-08-13,70180,70220,69540,69970,88041
2021-08-16,70060,70910,69660,69660,107705
2021-08-17,69820,70050,69500,69710,79978
2021-08-18,68910,69270,68550,68720,121695
2021-08-19,68320,68500,66710,66790,157665
2021-08-20,66030,67620,66000,67200,128192
2021-08-23,66820,68130,66820,67620,131415
2021-08-24,68550,68760,68210,68560,118099
2021-08-25,69080,69590,68900,69100,111872
2021-08-26,69500,69600,68560,68590,101725
2021-08-27,68910,69190,68620,69130,99494
2021-08-30,69200,70280,69190,70130,133885
2021-08-31,70450,70600,69750,70100,100739
2021-09-01,70200,70290,68860,68900,117263
2021-09-02,68860,69230,68510,69020,100627
2021-09-03,68720,69560,68660,69090,106220
2021-09-06,69250,69770,69050,69510,102658
2021-09-07,69550,69710,68870,69070,77174
2021-09-08,69060,69220,68680,68680,95765
2021-09-09,68680,69610,68270,69300,146092
2021-09-10,69210,70240,69160,70080,126974
2021-09-13,70500,71900,70380,71480,192823
2021-09-14,71480,71480,69800,69840,149579
2021-09-15,69810,70230,69360,69810,125769
2021-09-16,69970,70860,69530,69650,119956
2021-09-17,69450,69730,69080,69270,123464
2021-09-22,67650,69110,67550,68780,99418
2021-09-23,69160,69300,68510,68660,93358
2021-09-24,68780,69500,68540,69250,105655
2021-09-27,69050,69900,68900,69340,96298
2021-09-28,69090,69550,69050,69230,77495
2021-09-29,69110,69210,68290,68360,121933
2021-09-30,68490,68700,67890,67950,99026
2021-10-08,68970,69700,68820,68840,84488
2021-10-11,68950,70350,68930,70260,143162
2021-10-12,70280,71140,69400,69680,144814
2021-10-13,70310,70740,69480,70100,144545
2021-10-14,70680,73630,70480,72480,238778
2021-10-15,72620,74340,72620,73820,183489
2021-10-18,75010,76700,74480,76270,221067
2021-10-19,75510,76170,74510,75810,147924
2021-10-20,75490,75490,72480,73380,197841
2021-10-21,73410,74960,72510,72890,151149
2021-10-22,72580,72940,71370,72390,233307
2021-10-25,71900,72460,70820,72110,193102
2021-10-26,71900,72500,71580,72000,139144
2021-10-27,71990,72290,70560,70560,194977
2021-10-28,70300,71530,69660,71110,213682
2021-10-29,70800,71300,70150,70540,132432
2021-11-01,70200,70770,69720,70140,122502
2021-11-02,70140,70990,69380,69660,142807
2021-11-03,70200,71470,69750,71350,128403
2021-11-04,71000,71100,69610,70150,138708
2021-11-05,70630,70680,68770,69590,166446
2021-11-08,69400,70650,69340,70000,121313
2021-11-09,70220,70880,70030,70550,95172
2021-11-10,70950,70960,69720,70330,108019
2021-11-11,70210,70720,69580,70420,129162
2021-11-12,70650,71170,70430,70570,122058
2021-11-15,70570,71500,70400,70830,108729
2021-11-16,71030,71220,70210,70360,108271
2021-11-17,70640,70700,69800,70140,115483
2021-11-18,69720,70060,68800,68910,145132
2021-11-19,69210,71020,68670,70960,130497
2021-11-22,70050,70960,69950,70180,127728
2021-11-23,70370,71620,70150,70740,143163
2021-11-24,71060,71580,70770,71220,92335
2021-11-25,71620,72260,71580,71970,120822
2021-11-26,72140,72140,70410,70560,126260
2021-11-29,69800,70460,69330,70230,159820
2021-11-30,70410,70530,69170,69450,121960
2021-12-01,69710,69860,69020,69650,110032
2021-12-02,69500,69600,68620,68650,132747
2021-12-03,68830,69850,68650,69460,122548
2021-12-06,69390,69790,68910,69080,111405
2021-12-07,69460,69770,69320,69420,90812
2021-12-08,70160,70240,69390,69570,92258
2021-12-09,69510,70130,69290,69710,97714
2021-12-10,69360,69570,69180,69530,79270
2021-12-13,69560,69660,69230,69570,78333
2021-12-14,69270,69350,68510,68910,99921
2021-12-15,69100,69150,68000,68000,95585
2021-12-16,67860,68760,67040,68590,132546
2021-12-17,69160,69560,69010,69370,92896
2021-12-20,69210,69460,68500,68630,63223
2021-12-21,68690,69300,68610,69230,83762
2021-12-22,69340,69800,69170,69690,74042
2021-12-23,69940,70200,69790,70180,81994
2021-12-24,69800,70200,69470,69750,83911
2021-12-27,69770,69970,69490,69530,60360
2021-12-28,69810,70870,69700,70470,91312
2021-12-29,70650,70780,69770,70200,73868
2021-12-30,69940,70240,69850,69950,62741
2021-12-31,70200,70550,69770,70380,76394
2022-01-04,70510,70550,69580,69730,57689
2022-01-05,69740,70770,69690,70110,79815
2022-01-06,70310,70390,69440,69490,83117
2022-01-07,69400,69800,69000,69520,81771
2022-01-10,69470,69980,69410,69780,59048
2022-01-11,69780,69950,69100,69720,72730
2022-01-12,69910,71330,69610,71170,99650
2022-01-13,71860,72500,71260,71440,110022
2022-01-14,71900,72040,71000,71460,87675
2022-01-17,71190,71190,69860,70170,96700
2022-01-18,69820,70270,69730,70100,59145
2022-01-19,69880,70230,69670,70020,74996
2022-01-20,70490,71360,70380,71180,104527
2022-01-21,71190,71880,70790,71290,94910
2022-01-24,71280,71990,70410,70480,116128
2022-01-25,70020,70140,69520,69570,116496
2022-01-26,69570,70780,69360,70730,95307
2022-01-27,70910,71230,69770,69780,85803
2022-01-28,70500,70970,70030,70290,79210
2022-02-07,71000,71180,70290,70430,49911
2022-02-08,70630,70780,70200,70590,56593
2022-02-09,70060,70590,69770,70450,70633
2022-02-10,70840,73040,70760,73030,142439
2022-02-11,73320,73650,71140,71480,152263
2022-02-14,71650,71860,70580,71360,106807
2022-02-15,71070,71300,70540,71060,82171
2022-02-16,71410,71630,70970,71510,60175
2022-02-17,71550,71660,71030,71160,52066
2022-02-18,71250,72070,71110,71890,62479
2022-02-21,71510,71980,71230,71460,72498
2022-02-22,71150,71320,70960,71030,61728
2022-02-23,71440,71500,71060,71300,45322
2022-02-24,71320,71380,70520,70970,111204
2022-02-25,71360,71640,70550,70690,113707
2022-02-28,70660,71110,70530,70990,72209
2022-03-01,70920,71150,70660,71050,59799
2022-03-02,71150,71790,71120,71520,92002
2022-03-03,73000,73120,71820,73010,135552
2022-03-04,73000,73240,72240,72890,122656
2022-03-07,72800,75610,72660,74980,164131
2022-03-08,74900,77270,70560,74000,242689
2022-03-09,71880,73250,71880,72720,118144
2022-03-10,72000,72460,71440,71940,98015
2022-03-11,72300,72460,71830,72150,58980
2022-03-14,72390,72410,71750,71780,56960
2022-03-15,71260,71800,71260,71360,68140
2022-03-16,71200,72260,71150,72090,69098
2022-03-17,72120,72570,72000,72250,52124
2022-03-18,72560,73310,72450,72830,55561
2022-03-21,72800,73780,72630,72880,83482
2022-03-22,73010,73320,72880,73120,46312
2022-03-23,73660,73670,72820,73180,52563
2022-03-24,73500,73950,73380,73580,65180
2022-03-25,73600,73920,73300,73560,56602
2022-03-28,73500,73500,72700,72940,72433
2022-03-29,73250,73830,73130,73570,66283
2022-03-30,73270,74310,73120,74210,82724
2022-03-31,73710,73870,73280,73320,71439
2022-04-01,73540,73700,73030,73160,58868
2022-04-06,73980,73990,73510,73720,39492
2022-04-07,73720,73950,73350,73410,55126
2022-04-08,73280,73930,73180,73760,55949
2022-04-11,73690,73760,73160,73230,60836
2022-04-12,73200,73450,72930,73350,70395
2022-04-13,73300,74450,73240,74030,86744
2022-04-14,73790,74270,73620,74180,53307
2022-04-15,73820,75100,73780,74970,67161
2022-04-18,74890,75320,74650,74760,52462
2022-04-19,74910,75500,74800,75040,63367
2022-04-20,74760,74770,74320,74480,60056
2022-04-21,74140,74750,74140,74480,48008
2022-04-22,74800,75200,74690,75010,58874
2022-04-25,74900,75190,73660,73660,103972
2022-04-26,73170,73750,72500,73260,113019
2022-04-27,72990,73560,72910,73320,81889
2022-04-28,73100,73540,72870,73320,71044
2022-04-29,73320,73960,72940,73600,73894
2022-05-05,72940,73440,72710,72760,61604
2022-05-06,72380,72560,71820,72050,109319
2022-05-09,71900,72040,71430,71440,93092
2022-05-10,70920,71950,70870,71720,110712
2022-05-11,71660,71830,70810,71580,88796
2022-05-12,71470,71940,70850,70880,84662
2022-05-13,70300,71130,70060,71060,100302
2022-05-16,70580,71780,70360,71270,89343
2022-05-17,71750,71880,71320,71790,63091
2022-05-18,72060,72120,71310,71340,56167
2022-05-19,71400,71620,71000,71530,70782
2022-05-20,71540,72020,71540,71900,65352
2022-05-23,71960,72260,71670,72050,55949
2022-05-24,72260,72260,71670,71770,52383
2022-05-25,71580,71950,71550,71810,47846
2022-05-26,71150,71410,70960,71080,63239
2022-05-27,71380,72150,71300,71900,77992
2022-05-30,71790,72230,71750,71950,57004
2022-05-31,72010,72290,71870,72120,50706
2022-06-01,71970,72000,71400,71600,62601
2022-06-02,72020,72200,71760,72130,55476
2022-06-06,73020,73120,72510,72680,62085
2022-06-07,72930,72930,72410,72460,44634
2022-06-08,72350,72920,72320,72790,58408
2022-06-09,72800,73050,72700,72810,49609
2022-06-10,72650,72700,72380,72650,56491
2022-06-13,72300,72470,71610,71720,92405
2022-06-14,71320,71680,71110,71570,77694
2022-06-15,71270,71350,70660,70670,87721
2022-06-16,70870,71180,70530,70540,74004
2022-06-17,69820,69940,69150,69740,105680
2022-06-20,69450,69450,68000,68000,116285
2022-06-21,67990,68700,67680,68030,84035
2022-06-22,68400,68980,67030,67060,85059
2022-06-23,66780,67300,65590,66380,109163
2022-06-24,65390,65690,63350,63440,173900
2022-06-27,63300,64680,61620,63750,230142
2022-06-28,63760,64910,63470,64890,126386
2022-06-29,64800,64880,62960,63470,155790
2022-06-30,64440,64680,63690,63850,111692
2022-07-01,63150,63380,61420,61630,177406
2022-07-04,61400,61880,60630,60660,152453
2022-07-05,61090,61480,60070,60110,147521
2022-07-06,59490,59500,55510,57620,268494
2022-07-07,58000,59550,57160,58640,226074
2022-07-08,59850,60540,58750,58960,179906
2022-07-11,59050,59780,57870,58480,152066
2022-07-12,58550,58630,57250,57320,145196
2022-07-13,56960,56980,55350,56030,196041
2022-07-14,55530,56690,54750,55450,237122
2022-07-15,55400,55400,53400,53480,206134
2022-07-18,54200,56460,54020,56390,227369
2022-07-19,56430,57430,55710,56030,135345
2022-07-20,56100,57340,55360,56840,134354
2022-07-21,56850,57300,55940,56180,117577
2022-07-22,56180,57080,55740,56930,118965
2022-07-25,56880,57990,56810,57220,111583
2022-07-26,57290,59040,57290,58890,160993
2022-07-27,58730,58840,57720,58390,145415
2022-07-28,58280,60060,57960,59990,161288
2022-07-29,59610,60170,59230,60100,147588
2022-08-01,60180,61260,59920,60840,174005
2022-08-02,61020,61250,59120,60250,182051
2022-08-03,60450,60700,59510,59780,179147
2022-08-04,60050,60170,58730,58750,137931
2022-08-05,59100,60560,58540,60310,182012
2022-08-08,60080,61200,59710,60930,160061
2022-08-09,60880,61700,60680,61220,134470
2022-08-10,61390,61890,60760,61040,133240
2022-08-11,61960,62790,61600,62690,154253
2022-08-12,62800,63010,62420,62930,115720
2022-08-15,62390,62440,61240,61480,139942
2022-08-16,61040,62460,60830,62040,126975
2022-08-17,62110,62410,61770,61960,100558
2022-08-18,61770,61900,61150,61170,116574
2022-08-19,62100,62610,61890,61980,110989
2022-08-22,62500,63400,62350,62770,109392
2022-08-23,62560,63270,62340,63040,81774
2022-08-24,63400,63720,63040,63420,77856
2022-08-25,62720,62850,62400,62780,113853
2022-08-26,63030,63730,62910,63690,113042
2022-08-29,64210,64560,62280,62550,185856
2022-08-30,62700,62840,61990,62200,117080
2022-08-31,61840,62340,61580,62060,127826
2022-09-01,60900,61520,60350,60680,167919
2022-09-02,60530,60530,59300,59540,161035
2022-09-05,59700,60670,59450,60580,158964
2022-09-06,60380,61650,60360,61630,123553
2022-09-07,61380,61500,60390,60550,123977
2022-09-08,60890,61360,60490,61150,123027
2022-09-09,61450,63100,61290,63070,158026
2022-09-13,63170,63560,62880,63190,73290
2022-09-14,62920,63050,62120,62280,123846
2022-09-15,62280,62790,61870,62220,118765
2022-09-16,62010,62320,61810,61950,105047
2022-09-19,62110,63200,62050,62280,112402
2022-09-20,62020,62930,61960,62600,89148
2022-09-21,62400,62970,62260,62760,77123
2022-09-22,62290,62850,61890,62430,118153
2022-09-23,62990,63000,62090,62180,78763
2022-09-26,61180,61510,60620,60700,136265
2022-09-27,61100,61610,60750,61280,80128
2022-09-28,60700,60770,59860,60020,101191
2022-09-29,60540,61210,60340,60870,111097
2022-09-30,61280,61410,60630,61320,101617
2022-10-10,61070,61630,61050,61260,72287
2022-10-11,62000,62730,61870,62360,112508
2022-10-12,62510,62820,62020,62720,96511
2022-10-13,62530,62630,62160,62340,84695
2022-10-14,62050,63740,61880,63700,141755
2022-10-17,63700,63760,62840,63080,107335
2022-10-18,63340,63450,62600,62650,96499
2022-10-19,62460,62540,61950,62120,93539
2022-10-20,62230,62490,61980,62270,82732
2022-10-21,62750,63400,62590,62820,96569
2022-10-24,62820,64210,62680,63810,105306
2022-10-25,62980,63190,62700,63060,77210
2022-10-26,62510,63110,62510,62750,89367
2022-10-27,63200,63730,63140,63450,100565
2022-10-28,63630,64160,62740,62830,133310
2022-10-31,62730,62960,61850,62060,149926
2022-11-01,61800,63510,61760,63350,143225
2022-11-02,63660,63950,63120,63570,95485
2022-11-03,63400,63630,63150,63350,72791
2022-11-04,62810,64520,62720,64250,132397
2022-11-07,65500,66420,64970,65730,187038
2022-11-08,65330,65850,64950,65780,108697
2022-11-09,65900,66740,65820,66580,133221
2022-11-10,66200,67230,66130,66750,147374
2022-11-11,66550,68420,66460,67630,209779
2022-11-14,67670,68330,66660,67010,190537
2022-11-15,66670,67240,66440,67190,113258
2022-11-16,66870,67120,66340,66710,104001
2022-11-17,66710,66750,66000,66510,90982
2022-11-18,66210,66290,65650,65740,92310
2022-11-21,65510,65580,64730,65030,97528
2022-11-22,64640,64820,64260,64410,81404
2022-11-23,65020,65350,64590,64890,73475
2022-11-24,64670,65260,64650,65110,57703
2022-11-25,64850,65280,64730,65170,64166
2022-11-28,65360,65620,64000,64130,118987
2022-11-29,64650,65360,64470,65080,98472
2022-11-30,65080,65200,64550,64680,66304
2022-12-01,65620,66050,65150,65890,102607
2022-12-02,65520,66300,65520,66240,72762
2022-12-05,65950,66860,65590,66260,89722
2022-12-06,66190,66280,65550,65770,57736
2022-12-07,65890,66570,65300,65440,89484
2022-12-08,65670,66520,65500,66360,68350
2022-12-09,66660,67160,66350,67120,72302
2022-12-12,66590,66730,65890,66030,77966
2022-12-13,66030,66210,65530,66070,59251
2022-12-14,66340,67000,66180,66510,75527
2022-12-15,66160,66340,65830,65980,66557
2022-12-16,66040,66060,65060,65260,88099
2022-12-19,65050,65950,64910,65110,76102
2022-12-20,65410,65650,64600,65060,71870
2022-12-21,65160,65920,65140,65760,65815
2022-12-22,65760,66300,65640,65820,48898
2022-12-23,65710,65790,65330,65450,45030
2022-12-26,65450,66120,65330,66040,43556
2022-12-27,65850,66660,65850,66420,44544
2022-12-28,66810,66820,66190,66440,50067
2022-12-29,66440,66500,66170,66430,37986
2022-12-30,66180,66320,65970,66260,44425
2023-01-03,66160,66250,65310,65790,49307
2023-01-04,65580,65780,64520,64560,64281
2023-01-05,63940,64460,63850,64290,64355
2023-01-06,65160,65340,64950,65240,59982
2023-01-09,64860,66260,64650,66090,100818
2023-01-10,66370,66860,66290,66590,75072
2023-01-11,66860,68020,66700,68000,95788
2023-01-12,68020,69040,68020,68660,103291
2023-01-13,68680,69390,68430,68630,102399
2023-01-16,68530,68950,68070,68640,64322
2023-01-17,68740,68840,68320,68400,51649
2023-01-18,68900,70450,68780,70300,91193
2023-01-19,70910,71500,69280,69680,101438
2023-01-20,69550,70650,69430,70420,73528
2023-01-30,70290,70300,69180,69330,57386
2023-01-31,69470,69790,69170,69240,68468
2023-02-01,69030,70000,68930,69700,58753
2023-02-02,69490,69540,68700,69060,74162
2023-02-03,68930,69440,68350,68890,83200
2023-02-06,68870,68980,68140,68340,89845
2023-02-07,68250,68360,67570,68260,76281
2023-02-08,67920,68750,67660,68640,68125
2023-02-09,68920,68980,68000,68640,66473
2023-02-10,68640,68940,68160,68420,65780
2023-02-13,68490,68560,67800,68150,63680
2023-02-14,68380,68780,68130,68680,53050
2023-02-15,68630,69260,68370,68640,94661
2023-02-16,68290,68660,67820,68510,73566
2023-02-17,68810,69380,68560,68880,65567
2023-02-20,68800,69400,68580,69400,56876
2023-02-21,69770,70130,69640,70100,55948
2023-02-22,70150,70670,70050,70090,56005
2023-02-23,70240,70480,69920,70010,58252
2023-02-24,70210,70280,69060,69610,87917
2023-02-27,69120,69350,68290,68300,121453
2023-02-28,68460,69080,68460,69050,85168
2023-03-01,69260,70170,69110,70080,87608
2023-03-02,70160,70260,69730,69780,62414
2023-03-03,69100,69910,69000,69820,80001
2023-03-06,69820,69900,69300,69310,55739
2023-03-07,69110,69800,69050,69590,51218
2023-03-08,69250,69320,68680,68880,82682
2023-03-09,69160,69700,68910,69290,76750
2023-03-10,69380,69700,68800,68810,70261
2023-03-13,68860,69410,68540,69270,110572
2023-03-14,67780,68960,67500,68550,119029
2023-03-15,68970,69100,68550,68660,62871
2023-03-16,67130,67650,66360,66420,166101
2023-03-17,66620,67440,66160,67220,103073
2023-03-20,67220,67750,66750,66840,76156
2023-03-21,67390,67650,67170,67530,76058
2023-03-22,68280,68390,67740,68080,91995
2023-03-23,68530,68750,68250,68350,89492
2023-03-24,68420,69820,68330,69760,120251
2023-03-27,69120,69380,68830,69250,96208
2023-03-28,69150,69730,69050,69320,68650
2023-03-29,69180,69680,69150,69280,59116
2023-03-30,69900,69990,69410,69660,73914
2023-03-31,69670,69790,69130,69200,77154
2023-04-03,69100,69800,69040,69150,73805
2023-04-04,69480,69600,68890,69080,70466
2023-04-06,68500,68760,68430,68520,63458
2023-04-07,68400,69090,68120,69040,71798
2023-04-10,68810,69050,68620,68740,45388
2023-04-11,68280,69040,68260,68880,71434
2023-04-12,68880,69310,68740,68860,71602
2023-04-13,68950,69470,68830,69170,73713
2023-04-14,69870,70330,69790,70050,92074
2023-04-17,70360,70630,69600,70170,91210
2023-04-18,69850,69940,69420,69780,71071
2023-04-19,69670,69940,69350,69470,57686
2023-04-20,69290,69670,69270,69350,59853
2023-04-21,69210,69350,68640,68660,87135
2023-04-24,68720,68860,68350,68370,71513
2023-04-25,68200,68620,67940,68080,100278
2023-04-26,66850,67500,66660,67430,155671
2023-04-27,67050,67270,66210,66560,143086
2023-04-28,66400,67540,66120,67410,109486
2023-05-04,66850,67320,66690,66920,69291
2023-05-05,66810,67090,66220,66810,111863
2023-05-08,66590,67500,66470,67470,100568
2023-05-09,67570,67760,67040,67070,68922
2023-05-10,67190,67510,67050,67240,63972
2023-05-11,67000,67070,65240,65310,166462
2023-05-12,64860,64890,63910,64610,201152
2023-05-15,64880,65250,64390,64980,137408
2023-05-16,65280,65360,64210,64360,110033
2023-05-17,63990,64660,63990,64550,107421
2023-05-18,65020,65970,65020,65760,115766
2023-05-19,65360,65720,65030,65690,89451
2023-05-22,65850,65980,64520,64860,127097
2023-05-23,64950,65210,64160,64220,112878
2023-05-24,64150,64480,63570,63850,152324
2023-05-25,63720,63820,62690,63460,188009
2023-05-26,63770,64630,63390,64630,168729
2023-05-29,64730,65350,64520,65210,130619
2023-05-30,65200,65380,64440,64800,110677
2023-05-31,65100,65130,64550,64920,115592
2023-06-01,64710,65830,64600,65720,136907
2023-06-02,65520,66440,65470,66250,118310
2023-06-05,66620,66670,65620,65770,96166
2023-06-06,66270,66870,66080,66450,110022
2023-06-07,66550,66990,66430,66540,75251
2023-06-08,66840,67180,66420,66660,96463
2023-06-09,66650,67110,66630,67080,79701
2023-06-12,67410,67600,66750,66830,96011
2023-06-13,66830,67460,66620,67340,83194
2023-06-14,67870,68040,67600,67730,96278
2023-06-15,68080,68200,67750,67850,72886
2023-06-16,68250,68740,68140,68630,82411
2023-06-19,68630,68800,68270,68450,75152
2023-06-20,68660,68780,68350,68570,57709
2023-06-21,68880,69370,68680,68930,86517
2023-06-26,68430,68770,68230,68490,66071
2023-06-27,68480,68670,68080,68460,61271
2023-06-28,67820,67970,67600,67680,71765
2023-06-29,67310,67460,67160,67230,78026
2023-06-30,66800,67540,66720,67300,101176
2023-07-03,67450,68470,67440,68260,84305
2023-07-04,68290,68420,67960,68110,55895
2023-07-05,67920,68070,67750,67760,46243
2023-07-06,67650,68170,67620,67800,63372
2023-07-07,67770,67970,67530,67610,64931
2023-07-10,67790,68150,67660,67750,70296
2023-07-11,67710,68340,67680,68130,78453
2023-07-12,67780,67910,67520,67750,77680
2023-07-13,68040,68710,68020,68610,93773
2023-07-14,68970,69740,68880,69290,102369
2023-07-17,69480,69540,68710,68740,80541
2023-07-18,68270,68690,68130,68510,77716
2023-07-19,68270,68790,68260,68760,54518
2023-07-20,68450,68730,68340,68500,62899
2023-07-21,68960,68970,68370,68720,60712
2023-07-24,68410,68530,68250,68290,65921
2023-07-25,68290,69100,68240,69040,63640
2023-07-26,69260,69380,68940,69120,81761
2023-07-27,68930,69470,68810,69000,82185
2023-07-28,68880,69110,68700,69100,79752
2023-07-31,69200,69790,69190,69530,111745
2023-08-01,70200,70940,70050,70600,131791
2023-08-02,70160,70260,69380,69420,122987
2023-08-03,69100,69220,68770,68860,93548
2023-08-04,68800,69660,68800,69350,83325
2023-08-07,69020,69180,68800,69030,73848
2023-08-08,69120,69230,68700,68730,76022
2023-08-09,67800,68690,67740,68600,113385
2023-08-10,68410,68730,68320,68590,64564
2023-08-11,68750,68850,68180,68200,88030
2023-08-14,67810,68180,67810,67940,87228
2023-08-15,67960,68680,67950,68520,69397
2023-08-16,68020,68190,67550,67550,101573
2023-08-17,67560,68100,67560,67980,73080
2023-08-18,68320,68550,67970,68000,62385
2023-08-21,68120,68670,68010,68500,60816
2023-08-22,68530,68850,68350,68670,54165
2023-08-23,68760,69300,68760,69130,54902
2023-08-24,69070,69320,68830,68870,77882
2023-08-25,68740,69010,68650,68930,56301
2023-08-28,69010,69390,68600,68900,93787
2023-08-29,68940,69310,68870,69190,60273
2023-08-30,69100,69510,68980,69380,73499
2023-08-31,69570,69650,69280,69430,71401
2023-09-01,69380,69730,69110,69730,78161
2023-09-04,70150,70210,69270,69340,93689
2023-09-05,69210,69490,69010,69050,58182
2023-09-06,69410,69740,69320,69490,69558
2023-09-07,69260,69360,68950,69220,69974
2023-09-08,68890,68980,68700,68750,67197
2023-09-11,68600,69100,68410,69080,73547
2023-09-12,69230,69510,69180,69250,60132
2023-09-13,69250,69290,69000,69130,54913
2023-09-14,69160,69510,69020,69470,75177
2023-09-15,69570,69920,69370,69780,73293
2023-09-18,69490,69520,69210,69450,67094
2023-09-19,69300,69350,68750,68790,81266
2023-09-20,68660,68900,68600,68740,61669
2023-09-21,68890,69110,68510,68510,64916
2023-09-22,67500,68260,67500,68210,88901
2023-09-25,68140,68170,67580,67670,66780
2023-09-26,67800,67880,67170,67190,79275
2023-09-27,67190,67440,66980,67000,69492
2023-09-28,67110,67380,67000,67240,64133
2023-10-09,67130,67480,67060,67400,56913
2023-10-10,67200,67300,66400,66460,101575
2023-10-11,66270,66950,66190,66930,82989
2023-10-12,66680,66980,66510,66940,69661
2023-10-13,66610,66750,66070,66470,75921
2023-10-16,66420,66650,65890,66630,72639
2023-10-17,66560,66580,65850,65880,74591
2023-10-18,65880,66900,65880,66700,71175
2023-10-19,66620,66780,66220,66470,53266
2023-10-20,66650,66760,66090,66160,59692
2023-10-23,66200,66350,65610,65640,72629
2023-10-24,65920,66540,65820,66490,90268
2023-10-25,66530,67100,66390,66920,94212
2023-10-26,66800,66840,66370,66550,61403
2023-10-27,66680,66910,66390,66880,68039
2023-10-30,67120,67430,67100,67320,76609
2023-10-31,67810,67840,67120,67310,75648
2023-11-01,67330,67450,67080,67280,54200
2023-11-02,67380,67700,67310,67410,57858
2023-11-03,67530,67880,67440,67740,63980
2023-11-06,67640,67650,67250,67590,66469
2023-11-07,67680,67830,67380,67410,48628
2023-11-08,67190,67530,67100,67500,59231
2023-11-09,67400,67550,66980,67130,64158
2023-11-10,67140,67450,67060,67230,55877
2023-11-13,67030,67240,66720,67210,76929
2023-11-14,67390,67580,67270,67480,55242
2023-11-15,67550,67910,67530,67770,62834
2023-11-16,67940,67990,67700,67850,53667
2023-11-17,67870,68020,67500,67920,63246
2023-11-20,67820,68070,67690,67920,53913
2023-11-21,68010,68550,67880,68280,61025
2023-11-22,68040,68250,67790,67930,65227
2023-11-23,67840,67970,67540,67800,60802
2023-11-24,67900,68140,67830,68050,47860
2023-11-27,67990,68200,67730,68100,56665
2023-11-28,68010,68010,67650,67700,58261
2023-11-29,67890,68390,67870,68090,86512
2023-11-30,68200,68330,67900,68220,67925
2023-12-01,68000,68580,67960,68360,72800
2023-12-04,68660,69150,68570,68580,76654
2023-12-05,68380,68560,67760,67900,73962
2023-12-06,67600,68070,67480,68050,68893
2023-12-07,68050,68190,67200,67480,72090
2023-12-08,67530,68100,67460,68000,49527
2023-12-11,68260,68810,68180,68350,77157
2023-12-12,67990,68190,67800,68170,54485
2023-12-13,68050,68090,67730,67810,55157
2023-12-14,67700,68290,67690,68200,56061
2023-12-15,68800,68870,68500,68630,73620
2023-12-18,68610,68750,68330,68650,50633
2023-12-19,68520,68600,68350,68480,40674
2023-12-20,68710,69270,68670,68990,62329
2023-12-21,68820,68990,68600,68970,57960
2023-12-22,68810,69290,68790,69040,73250
2023-12-25,68960,69230,68900,69080,46120
2023-12-26,69130,69380,69020,69330,45952
2023-12-27,69230,69410,68960,69260,57255
2023-12-28,69260,69870,69230,69340,73416
2023-12-29,68970,69150,68810,68920,57435
2024-01-02,68750,69050,68630,68960,31322
2024-01-03,68670,68850,68500,68610,47949
2024-01-04,68350,68690,68220,68390,55387
2024-01-05,68200,68570,68120,68390,45301
2024-01-08,68190,68550,68080,68280,54382
2024-01-09,68090,68430,67930,68220,47529
2024-01-10,67980,68180,67770,67810,59697
2024-01-11,68010,68230,67670,68190,45167
2024-01-12,68160,68300,67820,68200,41754
2024-01-15,68010,68150,67640,67700,45996
2024-01-16,67700,68010,67670,67810,40748
2024-01-17,68020,68160,67690,67720,44842
2024-01-18,67820,67890,67500,67870,52281
2024-01-19,67580,67900,67380,67770,56108
2024-01-22,68000,68160,67810,67910,52809
2024-01-23,67880,68150,67720,68110,50812
2024-01-24,68010,68400,68000,68380,51770
2024-01-25,68900,69000,68760,68880,77862
2024-01-26,69050,69130,68830,68870,53962
2024-01-29,68910,69280,68740,68780,53617
2024-01-30,68900,69210,68870,68980,43671
2024-01-31,69110,69470,68960,69350,67161
2024-02-01,69440,70000,68930,69000,77569
2024-02-02,69030,69190,68520,68630,57392
2024-02-05,68800,68850,68500,68540,44055
2024-02-06,68360,68390,68000,68060,60918
2024-02-07,68020,68240,67800,68140,44124
2024-02-08,68140,68140,67630,67960,49203
2024-02-19,68620,68670,68280,68340,37270
2024-02-20,68500,68600,68220,68320,38151
2024-02-21,68460,69000,68370,69000,46927
2024-02-22,69230,69530,69060,69260,58000
2024-02-23,69260,69550,69100,69370,54330
2024-02-26,69060,69360,69010,69050,54816
2024-02-27,68800,69030,68690,69000,50115
2024-02-28,69070,69070,68740,68760,43547
2024-02-29,68630,69010,68580,68990,50810
2024-03-01,68870,69140,68860,68920,36561
2024-03-04,68760,69240,68750,69170,48141
2024-03-05,69300,69350,69010,69050,37013
2024-03-06,69090,69200,68930,69080,30779
2024-03-07,69200,69580,69110,69500,54273
2024-03-08,69930,70230,69690,69990,85499
2024-03-11,69580,69960,69310,69490,63684
2024-03-12,69560,69920,69560,69900,50348
2024-03-13,69960,70460,69580,70420,108688
2024-03-14,71200,72470,71080,71570,208137
2024-03-15,71600,73270,71550,73130,180312
2024-03-18,72930,73440,72700,72830,168439
2024-03-19,73130,73900,72510,72920,197326
2024-03-20,72420,72890,72350,72620,101659
2024-03-21,72230,73530,72080,73240,127570
2024-03-22,72920,73060,72130,72290,117366
2024-03-25,72180,72690,72150,72300,88788
2024-03-26,72180,72570,71720,72000,101264
2024-03-27,72250,72300,71860,72090,68992
2024-03-28,71840,72660,71640,72500,101206
2024-03-29,72310,72620,72060,72530,83310
2024-04-01,72600,73190,72500,73100,75189
2024-04-02,72880,73370,72840,73230,65008
2024-04-03,73500,74050,73230,73980,85725
2024-04-08,75210,76170,74370,75540,102129
2024-04-09,76100,76850,75850,76130,139653
2024-04-10,76720,77040,76060,76800,142517
2024-04-11,76500,76650,75700,76270,164346
2024-04-12,76280,76920,75830,76910,130576
2024-04-15,77410,77940,76220,76970,209089
2024-04-16,77290,77570,76520,76730,164855
2024-04-17,76460,77010,76300,76920,103594
2024-04-18,77290,78920,76840,78780,180560
2024-04-19,78900,79840,78200,79370,219644
2024-04-22,79700,81050,79430,79550,237282
2024-04-23,79710,79730,77830,78020,213088
2024-04-24,77930,79500,77650,79380,170770
2024-04-25,79250,80200,78830,80160,163701
2024-04-26,80660,81180,79810,81100,189872
2024-04-29,80810,81110,80080,80940,165940
2024-04-30,81130,82460,81100,82180,169346
2024-05-06,80220,81340,80140,81300,72291
2024-05-07,81300,81680,80490,80500,110143
2024-05-08,80520,80890,79410,79540,116488
2024-05-09,79470,80040,79420,79630,84973
2024-05-10,79760,81040,79600,80970,105672
2024-05-13,80640,81310,80210,81150,115798
2024-05-14,81540,82440,81350,82280,105531
2024-05-15,82090,82290,80950,81780,116250
2024-05-16,82370,83000,81260,82600,174265
2024-05-17,82720,84500,82410,84250,156518
2024-05-20,84530,88940,84420,87670,308590
2024-05-21,86670,88630,85860,87090,260075
2024-05-22,87680,87960,85610,86220,216945
2024-05-23,84500,85140,82760,83080,262268
2024-05-24,83610,84400,83200,84050,180540
2024-05-27,83750,84170,83450,83530,109092
2024-05-28,83900,85400,83860,84600,155274
2024-05-29,84870,85880,84130,85470,154485
2024-05-30,84180,84870,82440,82860,214119
2024-05-31,82000,82620,81650,82500,170470
2024-06-03,82290,82680,81130,81510,170336
2024-06-04,81960,82460,81600,81970,127696
2024-06-05,80960,81060,80040,80060,148969
2024-06-06,80330,81720,80090,81250,135385
2024-06-07,81510,82440,81300,81530,115954
2024-06-11,80620,80680,79600,79870,91327
2024-06-12,79390,80260,79130,79880,99742
2024-06-13,80650,81050,79210,80000,114966
2024-06-14,80070,80200,79060,79550,84911
2024-06-17,79410,79530,78110,78110,108427
2024-06-18,78030,79060,77890,78370,92408
2024-06-19,77800,79050,77760,79040,78388
2024-06-20,79270,79980,78940,79390,73167
2024-06-21,79670,80530,79300,79310,124040
2024-06-24,78740,79180,78430,78670,110617
2024-06-25,78740,79130,78540,78670,81704
2024-06-26,78320,78560,77540,78480,141223
2024-06-27,78420,78420,77420,77550,112717
2024-06-28,78080,78530,77630,78370,136873
2024-07-01,78690,79020,77880,78060,97636
2024-07-02,78760,78960,78500,78690,82799
2024-07-03,79140,79650,78660,79630,104313
2024-07-04,79990,80520,79690,79870,101245
2024-07-05,80360,80570,79830,80370,88754
2024-07-08,80650,80800,79750,79930,100425
2024-07-09,80470,80650,80020,80480,83755
2024-07-10,80260,80340,79460,79580,96219
2024-07-11,79970,80300,79780,79920,76401
2024-07-12,79780,79900,78850,78950,102723
2024-07-15,79600,80210,79260,79490,90689
2024-07-16,79330,79740,79120,79280,63751
2024-07-17,78730,78890,78280,78500,89498
2024-07-18,78390,78500,77970,78380,76128
2024-07-19,77380,77380,76300,76580,130721
2024-07-22,76120,76610,75680,75760,127785
2024-07-23,75390,75990,74710,74710,137158
2024-07-24,74840,75210,74520,75000,116065
2024-07-25,74800,74890,72800,73030,175351
2024-07-26,73550,74670,73380,74150,163091
2024-07-29,74250,74840,74030,74040,99233
2024-07-30,73700,74010,73040,73420,133812
2024-07-31,73040,74520,72740,74470,145936
2024-08-01,74690,75490,74540,74780,127098
2024-08-02,74510,74840,73240,73700,153789
2024-08-05,73680,73980,72180,72210,191875
2024-08-06,70800,72240,70590,70850,201624
2024-08-07,70850,71970,70850,71390,141396
2024-08-08,71400,71420,70630,70680,112695
2024-08-09,70700,72150,70630,71670,130886
2024-08-12,71750,72240,71310,72190,102225
2024-08-13,72400,73220,72020,72280,124281
2024-08-14,72200,72650,71650,72010,106501
2024-08-15,72320,72860,71900,72830,100193
2024-08-16,73340,74080,73090,73930,110704
2024-08-19,73410,74230,72970,73900,103504
2024-08-20,74050,74280,73630,73770,66514
2024-08-21,74050,74120,73250,73910,65504
2024-08-22,74000,74360,73580,73930,91359
2024-08-23,73680,73820,73360,73500,85591
2024-08-26,73650,75180,73470,75170,133984
2024-08-27,74850,75230,74660,75010,87707
2024-08-28,75240,75580,74560,74590,101876
2024-08-29,74250,74530,73750,74200,98457
2024-08-30,73820,74480,73550,74220,107315
2024-09-02,74220,74220,73460,73610,92995
2024-09-03,73500,73870,72860,72890,95688
2024-09-04,72400,72520,71600,71700,132606
2024-09-05,71960,72360,71520,71520,98080
2024-09-06,72310,73080,72170,73050,125395
2024-09-09,73000,73050,71660,72410,124545
2024-09-10,72860,73370,72460,73110,101875
2024-09-11,72870,73320,72240,73270,100152
2024-09-12,73330,74010,72710,73830,99417
2024-09-13,74030,74450,73720,73960,90765
2024-09-18,74610,74770,74170,74510,60964
2024-09-19,74810,75670,74350,75640,106572
2024-09-20,75910,76110,75430,75840,94782
2024-09-23,75790,75900,75130,75310,81991
2024-09-24,75500,76780,75410,76760,81283
2024-09-25,77150,78130,77010,77070,136433
2024-09-26,77210,77820,76900,77740,121729
2024-09-27,78470,79200,77880,78780,170618
2024-09-30,78350,79460,78190,78830,152319
2024-10-08,78980,79130,77280,77310,120683
2024-10-09,77520,77970,77230,77560,103336
2024-10-10,76880,77470,76460,76870,106234
2024-10-11,76850,77620,76850,77220,85481
2024-10-14,77370,78050,77160,77570,104943
2024-10-15,77010,77340,76460,76520,105449
2024-10-16,76340,76750,76220,76720,72691
2024-10-17,76920,77370,75980,76020,83503
2024-10-18,76300,77250,76110,76980,68413
2024-10-21,77200,77740,76760,77620,64056
2024-10-22,77650,77770,76620,77200,87118
2024-10-23,77210,77280,76660,76720,64668
2024-10-24,76230,77060,76100,77000,75854
2024-10-25,76700,76800,76130,76390,94558
2024-10-28,76520,76890,76430,76870,75301
2024-10-29,76620,76780,76360,76500,71219
2024-10-30,76660,77030,76320,76670,90549
2024-10-31,76270,76770,76230,76540,79052
2024-11-01,76670,76710,76100,76520,83212
2024-11-04,76680,77670,76350,77430,123122
2024-11-05,77060,77870,76960,77630,87306
2024-11-06,77600,78170,76600,76770,123249
2024-11-07,76060,76680,75520,76480,130402
2024-11-08,76950,77730,76850,77100,101799
2024-11-11,76480,76820,76360,76560,76313
2024-11-12,76160,76240,75250,75310,92561
2024-11-13,74820,75210,74180,74210,101916
2024-11-14,74080,74430,73080,73170,109242
2024-11-15,73150,74210,73050,73860,94376
2024-11-18,74600,74630,73290,73760,91784
2024-11-19,73550,74490,73510,74330,61065
2024-11-20,73950,74720,73910,74550,58512
2024-11-21,74580,74720,74280,74440,37943
2024-11-22,74110,74250,73540,73760,74480
2024-11-25,73400,74400,73390,74160,81223
2024-11-26,74160,74210,73520,73740,69227
2024-11-27,74020,74310,73620,74130,65505
2024-11-28,74040,74080,73670,73770,68374
2024-11-29,73550,74020,73510,73830,72135
2024-12-02,73720,73920,73460,73720,73161
2024-12-03,73810,74340,73800,74340,79943
2024-12-04,74490,75150,74310,74750,94781
2024-12-05,74490,74730,74230,74530,54167
2024-12-06,74630,74900,74280,74730,55990
2024-12-09,74850,75020,74580,74740,57705
2024-12-10,75430,75740,75040,75130,83108
2024-12-11,75160,75860,75120,75490,67848
2024-12-12,75250,75550,75240,75440,58107
2024-12-13,74990,75050,74520,74790,81968
2024-12-16,74680,74870,74310,74390,58825
2024-12-17,74440,74860,74280,74350,50474
2024-12-18,74020,74230,73870,73930,55608
2024-12-19,74250,74540,73610,73850,63431
2024-12-20,73700,73920,73560,73820,53853
2024-12-23,73690,74340,73560,74160,49515
2024-12-24,74010,74090,73710,74060,36513
2024-12-25,74060,74180,73900,74140,33023
2024-12-26,74180,74300,74000,74040,31308
2024-12-27,74580,74690,74070,74090,50883
2024-12-30,73930,74360,73930,74270,45991
2024-12-31,73960,74010,73640,73770,59990
2025-01-02,73310,73440,73030,73280,48466
2025-01-03,73130,73360,72780,72920,78918
2025-01-06,73230,74130,73130,73600,75358
2025-01-07,74530,74680,74110,74470,86609
2025-01-08,74500,74580,74260,74480,44907
2025-01-09,74300,74980,74220,74920,55090
2025-01-10,75020,75370,74980,75270,54726
2025-01-13,75370,75710,74980,75620,56641
2025-01-14,75510,75630,75140,75530,39980
2025-01-15,75500,75750,75030,75250,47252
2025-01-16,75450,76320,75320,76260,87244
2025-01-17,76300,76650,76070,76540,62606
2025-01-20,76340,76380,75320,75400,83330
2025-01-21,75350,75900,75150,75630,68085
2025-01-22,75380,75760,75330,75520,48932
2025-01-23,75580,75650,74920,74960,57034
2025-01-24,75200,75870,75110,75870,58572
2025-01-27,75950,76100,75200,75540,49668
2025-02-05,75350,75530,75130,75290,38931
2025-02-06,75080,76560,74840,76480,90598
2025-02-07,76250,77360,76020,77250,81556
2025-02-10,77360,77950,76950,77370,105092
2025-02-11,77410,77650,76920,77150,68212
2025-02-12,76750,77060,76530,77000,68470
2025-02-13,77100,77730,76930,77560,74373
2025-02-14,77500,78330,77120,78090,84534
2025-02-17,78440,78580,76880,77030,102358
2025-02-18,76740,77030,76620,76850,67057
2025-02-19,76720,77370,76670,77080,55466
2025-02-20,77670,77920,77280,77850,54306
2025-02-21,77940,77940,77070,77170,57643
2025-02-24,77350,77700,77190,77320,58130
2025-02-25,77360,77580,76920,76950,69680
2025-02-26,77200,77590,76530,77130,102757
2025-02-27,77310,77350,76840,77070,65150
2025-02-28,77140,77330,76720,76840,69895
2025-03-03,76850,77380,76630,77050,68554
2025-03-04,77190,77430,76900,76940,58841
2025-03-05,76980,77550,76660,77510,90837
2025-03-06,77980,78540,77640,78260,97420
2025-03-07,78500,79280,78290,78320,98530
2025-03-10,78440,78910,78150,78270,76092
2025-03-11,78140,78320,77240,78030,81169
2025-03-12,78420,79470,78270,79410,88703
2025-03-13,79890,79970,79340,79450,88057
2025-03-14,79480,80530,79340,80500,116927
2025-03-17,80300,80570,79820,80520,86128
2025-03-18,80270,80700,79970,80260,86854
2025-03-19,80560,81070,80220,80890,89492
2025-03-20,81060,81720,80850,81670,108947
2025-03-21,81310,81810,80530,80610,135432
2025-03-24,80530,81950,80190,81840,135447
2025-03-25,82010,82110,81420,81910,116241
2025-03-26,81960,83320,81660,82000,205765
2025-03-27,81670,81970,81130,81560,145937
2025-03-28,80930,81170,80370,80450,157849
2025-03-31,80660,81190,79760,79950,154163
2025-04-01,79860,80460,79430,80430,107658
2025-04-02,79910,80220,79580,79890,97844
2025-04-03,79840,79950,78660,78860,114839
2025-04-07,73640,75500,73640,73640,173439
2025-04-08,72580,74640,72580,73360,215027
2025-04-09,73410,74010,71320,72130,197358
2025-04-10,71790,75680,71690,75300,208660
2025-04-11,74770,75340,74160,75230,142566
2025-04-14,75480,76360,75050,76260,109848
2025-04-15,76350,76490,75560,75870,87809
2025-04-16,75500,76130,74900,75260,126227
2025-04-17,75450,76190,75340,75780,112214
2025-04-18,75800,76280,75550,76140,92413
2025-04-21,76110,77360,75820,77290,122521
2025-04-22,77400,77490,76550,77120,117256
2025-04-23,77290,78520,77150,77890,137622
2025-04-24,77960,78090,77330,77410,111572
2025-04-25,77500,77980,77270,77440,110001
2025-04-28,77510,77730,77010,77580,114074
2025-04-29,77740,77760,77300,77600,79140
2025-04-30,77950,77990,77180,77220,89554
2025-05-06,77160,77970,77030,77600,83514
2025-05-07,77830,78560,77610,77790,132768
2025-05-08,77620,77980,77280,77330,116718
2025-05-09,77540,78170,77370,77450,111450
2025-05-12,77950,78280,77710,78260,125097
2025-05-13,78080,78190,77620,78090,90871
2025-05-14,77930,79050,77830,78940,112380
2025-05-15,78900,79090,77860,77870,110170
2025-05-16,78160,78610,78010,78140,72291
2025-05-19,77920,78090,77540,77820,82406
2025-05-20,77980,78180,77510,77540,66667
2025-05-21,77880,78320,77720,78100,70990
2025-05-22,78010,78060,77730,77920,61430
2025-05-23,77730,78040,77600,77790,63688
2025-05-26,77680,78480,77680,78270,71986
2025-05-27,77740,78340,77710,77900,76542
2025-05-28,78160,78240,77820,77870,73407
2025-05-29,78010,78190,77700,78130,80153
2025-05-30,78080,78100,77530,77600,87363
2025-06-03,77920,78250,77390,77650,81917
2025-06-04,77910,78400,77890,78200,111379
2025-06-05,78050,78260,77960,78170,64095
2025-06-06,78960,79180,78410,78930,128281
2025-06-09,78580,78920,78480,78910,75321
2025-06-10,78920,79470,78880,78880,86101
2025-06-11,79150,79340,79030,79290,64136
2025-06-12,78740,78880,78510,78610,85090
2025-06-13,78600,78760,77800,78010,98873
2025-06-16,77910,78650,77810,78550,76515
2025-06-17,78640,78730,78420,78570,58265
2025-06-18,78600,78870,78360,78860,57992
2025-06-19,78640,78700,78230,78310,63315
2025-06-20,78160,78480,77920,77990,65822
2025-06-23,78480,78580,78170,78290,62777
2025-06-24,78340,78690,78200,78640,57980
2025-06-25,78330,78750,78130,78680,70559
2025-06-26,78600,78930,78510,78890,77300
2025-06-27,79360,80060,79320,79920,131695
2025-06-30,79520,79990,79500,79870,100866
2025-07-01,79630,80760,79560,80640,113449
2025-07-02,80620,80930,80320,80540,101902
2025-07-03,80560,80990,80530,80560,83386
2025-07-04,80460,80760,79620,79730,100562
2025-07-07,79810,79950,79120,79270,75314
2025-07-08,79370,79690,79300,79620,61263
2025-07-09,79590,80170,78270,78400,162594
2025-07-10,78340,78680,78160,78600,99231
2025-07-11,78700,78810,78370,78430,81666
2025-07-14,78040,78520,78010,78400,79133
2025-07-15,77900,78160,77700,78090,81646
2025-07-16,77960,78160,77810,77980,60911
2025-07-17,77810,78090,77760,77840,54251
2025-07-18,77800,78590,77800,78410,63375
2025-07-21,78500,79750,78490,79700,79555
2025-07-22,79720,79880,79450,79740,73257
2025-07-23,79830,80140,79510,79590,85548
2025-07-24,79880,80020,79660,79890,73865
2025-07-25,79520,79550,79140,79250,88141
2025-07-28,79180,79300,78730,79000,75630
2025-07-29,79130,79250,78810,78840,65404
2025-07-30,78910,79240,78870,78930,55825
2025-07-31,78640,78850,77950,78040,109011
2025-08-01,78180,78800,77960,78400,80943
2025-08-04,78380,78500,78030,78330,62389
2025-08-05,78460,78590,78330,78580,42792
2025-08-06,78170,78320,78050,78280,56389
2025-08-07,78380,78490,78230,78460,42710
2025-08-08,78420,78610,78320,78490,42906
2025-08-11,78500,79170,78410,79020,69985
2025-08-12,78750,79120,78750,79020,48485
2025-08-13,79220,79510,79170,79380,52049
2025-08-14,79290,79350,78880,78950,51734
2025-08-15,78760,79210,78740,79060,50110
2025-08-18,79060,79290,78860,78950,44808
2025-08-19,78840,78980,78760,78890,39095
2025-08-20,78690,78770,78500,78640,56126
2025-08-21,78510,78770,78450,78510,35943
2025-08-22,78580,78880,78540,78650,34848
2025-08-25,78680,79860,78670,79690,87895
2025-08-26,79600,79810,79040,79190,68825
2025-08-27,79290,79580,79160,79190,57818
2025-08-28,78820,79010,78650,78930,73403
2025-08-29,78920,79630,78830,79410,71061
2025-09-01,79670,79980,79460,79780,78481
2025-09-02,79640,80020,79540,79660,61677
2025-09-03,79500,80700,79470,80110,98971
2025-09-04,80000,80430,79550,79770,77199
2025-09-05,79680,80280,79620,80140,55357
2025-09-08,80290,80410,79400,79650,90838
2025-09-09,79690,79910,79530,79650,50660
2025-09-10,79590,79930,79480,79790,55089
2025-09-11,79950,80280,79870,80130,64691
2025-09-12,80160,81190,80080,81060,91424
2025-09-15,80750,81100,80570,80940,68817
2025-09-16,80890,81530,80670,80880,88154
2025-09-17,81060,81230,80350,80560,61934
2025-09-18,79980,80030,79430,79580,89310
2025-09-19,79680,80080,79510,79850,54113
2025-09-22,79950,80350,79910,80160,63400
2025-09-23,80080,80200,79820,79920,63199
2025-09-24,79980,80130,79860,79960,51727
2025-09-25,81000,82980,80750,82710,334893
2025-09-26,82290,83090,82260,82470,174625
2025-09-29,82270,82450,81640,82370,138440
2025-09-30,82400,83820,82380,83110,156069
2025-10-09,84610,87000,84610,86750,137816
2025-10-10,87400,88090,85720,85910,212380
2025-10-13,86600,86780,82630,85120,291371
2025-10-14,85800,86790,84070,84410,210984
2025-10-15,84120,86000,83870,85850,115060
2025-10-16,85360,85450,84460,85070,108052
2025-10-17,84530,85440,84220,84390,121050
2025-10-20,84660,85980,84410,85380,158656
2025-10-21,85220,85880,85220,85400,104758
2025-10-22,85300,85420,84500,85420,112173
2025-10-23,85280,86260,85100,86070,114909
2025-10-24,86450,87860,86230,87720,174100
2025-10-27,87050,88700,86940,88370,222986
2025-10-28,88160,88400,86700,86980,235196
2025-10-29,87220,88970,87210,88710,197681
2025-10-30,88780,89270,87640,87960,254501
2025-10-31,87380,87830,86530,87010,244420
2025-11-03,87210,87450,86700,87300,150597
2025-11-04,87430,87440,85480,85740,166742
2025-11-05,85000,85960,84900,85670,142332
2025-11-06,85550,86550,85400,86320,101243
2025-11-07,86320,86450,85600,85940,91275
2025-11-10,86110,86790,85750,86480,98089
2025-11-11,86790,87050,86310,86630,74550
2025-11-12,86590,87050,86350,86840,76287
2025-11-13,87100,87700,86840,87550,102298
2025-11-14,87650,87920,86710,86900,103655
2025-11-17,86640,86900,85900,86450,101017
2025-11-18,86440,86530,85540,85650,86195
2025-11-19,85540,86250,85510,86110,73550
2025-11-20,86540,86640,86100,86130,84357
2025-11-21,86380,86630,85600,85660,98905
2025-11-24,85750,86350,85670,86080,96239
2025-11-25,86080,86840,85940,86600,86981
2025-11-26,86750,87200,86250,86590,107153
2025-11-27,87200,87300,86820,86990,95318
2025-11-28,86800,87550,86580,87430,94508
2025-12-01,87630,89650,87520,89280,189675
2025-12-02,89410,89920,88330,88920,143305
2025-12-03,89100,89450,88550,89210,125980
2025-12-04,90070,91450,90050,90980,225331
2025-12-05,90600,92910,90400,92780,188062
2025-12-08,92520,93300,91690,92970,194923
2025-12-09,92820,93050,90880,91090,190401
2025-12-10,91400,92370,90710,91850,145793
2025-12-11,92330,93120,91500,92310,117954
2025-12-12,92930,94680,92620,94170,154054
2025-12-15,93470,94500,90840,92490,228665
2025-12-16,93500,93820,91340,91920,186991
2025-12-17,92210,93270,91610,92820,149583
2025-12-18,92830,93500,92110,92600,160058
2025-12-19,92600,93400,91950,93180,172714
2025-12-22,93540,94730,93400,94320,210008
2025-12-23,94030,94290,93620,93930,138848
2025-12-24,94850,96750,93820,96100,307141
2025-12-25,95910,96530,94180,96210,248003
2025-12-26,96410,99730,96280,98720,286978
2025-12-29,98310,102660,98020,98860,517777
2025-12-30,97020,99240,96010,98090,408708
2025-12-31,98520,99800,97750,98240,293789
2026-01-05,99450,101380,99150,101350,150947
2026-01-06,100890,105490,100670,105320,291025
2026-01-07,104480,105500,102330,103410,329686
2026-01-08,103200,103560,100040,101220,303496
2026-01-09,101670,101990,98840,101580,264076
2026-01-12,102250,104100,101690,103980,198895
2026-01-13,104500,104990,101970,102480,266762
2026-01-14,103780,105650,102880,104120,342221
2026-01-15,104350,104660,101080,102810,333840
2026-01-16,103030,103500,100060,100770,322422
2026-01-19,101030,101860,99620,101180,240253
2026-01-20,101020,102000,100580,101230,176063
2026-01-21,101020,101650,99210,101280,230318
2026-01-22,100550,101410,99900,100700,174028
2026-01-23,99800,101710,99440,101340,232815
2026-01-26,102800,103880,101760,101880,279862
2026-01-27,103260,104100,101580,102600,245677
2026-01-28,101900,103600,100700,103060,240397
2026-01-29,102540,110970,102260,109110,452677
2026-01-30,110310,114160,102600,103680,789995
2026-02-02,104200,105080,98580,98580,422325
2026-02-03,101490,104840,99400,104500,375239
2026-02-04,104950,105810,103730,105160,241402
2026-02-05,104000,104700,100470,100980,285586
2026-02-06,100430,101420,97920,100100,267255
2026-02-09,101000,102560,100340,101840,162231
2026-02-10,101740,102500,101280,101560,101125
2026-02-11,101660,102530,101510,102180,94532
2026-02-12,103620,103730,101840,102330,114304
2026-02-13,102310,102670,99610,100630,95086
2026-02-24,101010,102700,100580,101810,67828
2026-02-25,101910,103160,101510,102890,110606
2026-02-26,102880,103250,101920,102670,105699
2026-02-27,102670,104170,101780,103920,157481
2026-03-02,104230,104540,102360,103850,175311
2026-03-03,103320,103630,101270,102100,177854
2026-03-04,100530,102400,100200,101660,162954
2026-03-05,101640,102290,100330,101080,138725
2026-03-06,100440,101550,100030,101050,127018
2026-03-09,100250,100820,98370,100190,194918
2026-03-10,100230,101980,100050,101520,115758
2026-03-11,101430,101930,101000,101150,75875
2026-03-12,100100,101430,100100,101010,87960
2026-03-13,101240,101250,100080,100310,85149
2026-03-16,100520,100760,98740,99720,128646
2026-03-17,100020,100530,99260,99340,87084
2026-03-18,99400,99590,98030,98610,107181
2026-03-19,98000,98000,93820,94420,205963
2026-03-20,92500,96400,91820,94740,243335
2026-03-23,94510,94740,91500,92100,215827
2026-03-24,95010,95920,93050,94030,197987
2026-03-25,93600,96380,93480,95590,134036
2026-03-26,95950,96590,94680,95350,111761
2026-03-27,95350,96560,94950,95930,105662
2026-03-30,95080,96000,94750,95760,100141
2026-03-31,96100,96240,95150,95340,96875
2026-04-01,95730,97250,95550,97030,115642
2026-04-02,96300,96970,95540,95880,103681
2026-04-03,95660,96680,95300,96250,73114
2026-04-07,96350,97040,96230,96560,48055
2026-04-08,96040,98430,95540,98220,111357
2026-04-09,98080,98500,97370,97810,79506
2026-04-10,97820,98750,97720,98440,71304
2026-04-13,99200,99760,98450,99610,111054
2026-04-14,99760,101450,99520,101190,112521
2026-04-15,101580,103130,101580,102090,114327
2026-04-16,101960,102820,101830,102720,65698
2026-04-17,102350,102510,101650,102330,67485
2026-04-20,102700,103240,101820,102620,132365
2026-04-21,102500,102830,101930,102140,82517
2026-04-22,102300,102810,102060,102640,82957
2026-04-23,102620,104160,102140,102780,167198
2026-04-24,102820,103620,102250,102460,106012
2026-04-27,102650,103380,102600,102800,99257
2026-04-28,102540,102660,101830,102260,101086
2026-04-29,101020,101940,100620,101630,104746
2026-04-30,101190,101500,100770,101030,92731
2026-05-06,101780,102950,101730,102660,60022
2026-05-07,103350,103400,102630,103000,83627
2026-05-08,103300,104900,102560,104550,153717
2026-05-11,104500,104840,103690,104620,118162
2026-05-12,105500,108400,105390,106510,166852
2026-05-13,107000,108900,106840,108510,177518
2026-05-14,108110,108820,106540,106750,147295
2026-05-15,107250,107320,104690,104710,161082
2026-05-18,104050,104760,103300,104330,113917
2026-05-19,104480,104950,103840,104530,83939
2026-05-20,104090,104240,103000,103980,78028
2026-05-21,104060,105660,103880,104040,103523
2026-05-22,104000,105300,103620,104870,96264
2026-05-25,104870,106180,104420,105650,92937
2026-05-26,106300,106300,104550,104960,95892
2026-05-27,104690,105450,104520,104680,85477
2026-05-28,104470,104670,103520,104150,104119
2026-05-29,104450,105500,104100,105000,94861
2026-06-01,104630,105030,104220,104680,71092
2026-06-02,105850,106720,105090,106620,125206
2026-06-03,106720,107420,106080,106380,105625
2026-06-04,106360,106540,104800,105150,102680
2026-06-05,106080,106810,104900,105150,110386
2026-06-08,104790,105000,103350,104120,133752
2026-06-09,104780,104870,103900,104650,83818
2026-06-10,105210,105680,103600,104110,117195
2026-06-11,103500,104340,102640,103160,119741
2026-06-12,103280,105110,103010,104660,97909
2026-06-15,104280,106000,104220,105590,84449
2026-06-16,105490,105700,104450,104610,74955
2026-06-17,105180,105750,104940,105470,48888
2026-06-18,105540,105700,104500,104860,61120
2026-06-22,104660,105370,104300,105000,43535
2026-06-23,105200,105280,103350,103580,74840
2026-06-24,103100,103920,102820,103550,97561
2026-06-25,102200,102260,100500,101220,160226
2026-06-26,102180,102600,101140,101560,119672
2026-06-29,102240,103430,102020,103160,105473
2026-06-30,102710,103340,101850,103290,88240
2026-07-01,102870,103420,101780,101920,84616
2026-07-02,101830,102930,101640,101950,88329
2026-07-03,102470,103240,102280,102980,80011
2026-07-06,102710,103560,102700,102960,60586
2026-07-07,102630,103270,102600,102970,58519
2026-07-08,103080,103500,102720,102850,67529
2026-07-09,101890,103210,101640,103160,90906
2026-07-10,103750,104250,103410,103710,82888
2026-07-13,103500,104230,102800,103060,52760
2026-07-14,103890,104550,103570,104340,74063
2026-07-15,104600,105110,103940,104140,72344
2026-07-16,104570,104620,103840,104350,49016
2026-07-17,104080,104450,103200,103370,69929
2026-07-20,103100,104200,103000,103790,79025
2026-07-21,104490,105630,104240,105460,109881
2026-07-22,106130,106760,105550,105820,120893
2026-07-23,106000,106220,105810,105890,66804
2026-07-24,105100,105290,104310,104750,109798
2026-07-27,104600,105350,104540,105050,76057
2026-07-28,105500,105650,104560,104810,81835
2026-07-29,104560,105120,104460,104890,62091
2026-07-30,104500,105310,104320,104690,89003
2026-07-31,105370,105880,105250,105460,85907
2026-08-03,105460,106360,105140,106120,82699
2026-08-04,105750,106910,105610,106650,79450
2026-08-05,107490,107550,106620,107340,99814
2026-08-06,107350,108030,107220,107330,100106
2026-08-07,108130,108470,107310,108400,113481
2026-08-10,108010,108140,107130,107850,96220
2026-08-11,107850,108440,107450,107950,87926
2026-08-12,108200,108450,107900,108390,67201
2026-08-13,108610,108740,107400,107410,90642
2026-08-14,107930,107990,107360,107690,75051
2026-08-17,107920,109780,107650,109540,100808
2026-08-18,108840,108860,107540,107930,106456
2026-08-19,107630,107770,106520,106850,97104
2026-08-20,107020,107390,106980,107200,67532
2026-08-21,106190,107670,106150,107520,66412
2026-08-24,108010,108050,107390,107910,77057
2026-08-25,108220,108540,107770,107980,78507
2026-08-26,108300,109520,107880,108750,127341
2026-08-27,108480,108660,108040,108300,83805
2026-08-28,108240,108950,108120,108900,73402