Date,Open,High,Low,Close,Volume
2018-07-17,28451.5,28460.871,28137.949,28181.68,78239253580
2018-07-18,28352.109,28386.381,28045.469,28117.42,76223967780
2018-07-19,28251.162,28329.98,27998.361,28010.861,77418856800
2018-07-20,28054.758,28294.738,27745.85,28224.48,100336915810
2018-07-23,28298.611,28391.58,28091.059,28256.121,83957898670
2018-07-24,28282.301,28718,28282.301,28662.57,107763406380
2018-07-25,28906.969,28964.791,28764.35,28920.898,86374358470
2018-07-26,29083.398,29083.398,28625.082,28781.139,81368087070
2018-07-27,28734.73,28816.691,28572.791,28804.281,65484119930
2018-07-30,28631.049,28839.238,28539.559,28733.129,72300264020
2018-07-31,28663.139,28682.311,28538.029,28583.012,87511125980
2018-08-01,28756.721,28772.801,28219.971,28340.738,90427715340
2018-08-02,28159.012,28218.279,27578.09,27714.561,107200241950
2018-08-03,27751.6,27786.15,27604.561,27676.32,88249279610
2018-08-06,27885.51,28074.531,27730.42,27819.559,85562138480
2018-08-07,27889.439,28266.682,27843.162,28248.881,89002952700
2018-08-08,28473.479,28473.479,28224.461,28359.139,93099010000
2018-08-09,28260.5,28728.17,28192.811,28607.299,91115468660
2018-08-10,28614.73,28665.9,28296.988,28366.621,84747337950
2018-08-13,27956.781,28085.172,27823.209,27936.57,83460146410
2018-08-14,27938.32,27946.551,27522.818,27752.932,102408684240
2018-08-15,27724.721,27727.27,27249.082,27323.59,111495800740
2018-08-16,26871.111,27405.252,26871.111,27100.061,124535220230
2018-08-17,27388.57,27450.842,27101.102,27213.412,100306293710
2018-08-20,27273.779,27609.799,27209.219,27598.02,93682807850
2018-08-21,27670.541,27771.299,27526.301,27752.791,100325208470
2018-08-22,27836.678,27954.521,27579.801,27927.58,100431540460
2018-08-23,28005.332,28051.65,27659.209,27790.461,83967442510
2018-08-24,27565.98,27830.908,27532.061,27671.869,76926091390
2018-08-27,28016.66,28289.059,27956.039,28271.27,95697399930
2018-08-28,28530.889,28579.641,28234.531,28351.619,90530903270
2018-08-29,28362.842,28485.83,28272.131,28416.441,80129974290
2018-08-30,28533.93,28533.93,28121.402,28164.051,78598695380
2018-08-31,27798.211,27962.029,27720.32,27888.551,108091707410
2018-09-03,27809.449,27822.189,27577.039,27712.541,78897631820
2018-09-04,27619.182,27984.889,27563.789,27973.34,72128313790
2018-09-05,27789.021,27861.99,27208.34,27243.85,95196976090
2018-09-06,27069.209,27268.391,26818.818,26974.818,104958745090
2018-09-07,26895.869,27196.57,26669.58,26973.469,110527168800
2018-09-10,26922.27,26926.631,26453.289,26613.42,92906070430
2018-09-11,26611.93,26690.65,26394.871,26422.551,84525351050
2018-09-12,26462.818,26468.91,26219.561,26345.039,94840423150
2018-09-13,26798.391,27014.49,26648.77,27014.49,106396102170
2018-09-14,27229.789,27340.02,27027.449,27286.41,86890370010
2018-09-17,27029.91,27037.479,26763.209,26932.852,64447940390
2018-09-18,26846.33,27156.551,26648.99,27084.66,86366273050
2018-09-19,27170.02,27488.35,27085.789,27407.369,96375146980
2018-09-20,27605.721,27628.189,27327.229,27477.67,86836841250
2018-09-21,27712.35,27965.959,27536.27,27953.58,130575176020
2018-09-24,27783.85,27783.85,27425.012,27499.389,69327694750
2018-09-26,27606.811,28031.811,27589.369,27816.871,107993090530
2018-09-27,27912.51,27928.291,27638.541,27715.67,77713193830
2018-09-28,27879.059,27927.949,27672.828,27788.518,84401094300
2018-10-02,27716.16,27716.16,27073.082,27126.381,90980950970
2018-10-03,26840.199,27270.16,26840.199,27091.262,67451942390
2018-10-04,27029.402,27029.402,26551.439,26623.871,80231079020
2018-10-05,26503.75,26639.641,26373.459,26572.57,76825522000
2018-10-08,26717.6,26717.6,26187.83,26202.57,96587630730
2018-10-09,26194.17,26366.6,26067.51,26172.91,85366150900
2018-10-10,26281.279,26499.84,26193.07,26193.07,86221450660
2018-10-11,25392.898,25437.85,25125.219,25266.369,139744489120
2018-10-12,25401.41,25835.76,25286.861,25801.49,111147463130
2018-10-15,25683.59,25683.59,25399.539,25445.059,80887271190
2018-10-16,25586.16,25712.129,25266.541,25462.26,75883290210
2018-10-18,25674.66,25674.66,25261.721,25454.551,87765602490
2018-10-19,25172.031,25743.449,25090.301,25561.4,99618709750
2018-10-22,25668.33,26234.861,25668.33,26153.15,114441050450
2018-10-23,26015.49,26015.49,25315.76,25346.551,97179069780
2018-10-24,25401.17,25653.359,25194.289,25249.779,91230498670
2018-10-25,24766.721,24994.461,24653.791,24994.461,106079558220
2018-10-26,25031.49,25062.199,24589.039,24717.631,95632907750
2018-10-29,24955.791,24955.791,24594.738,24812.039,94664623640
2018-10-30,24765.119,24939.182,24540.631,24585.529,99599628940
2018-10-31,24752.83,24979.689,24700.111,24979.689,106363535820
2018-11-01,25228.75,25535.119,25190.898,25416,118887129480
2018-11-02,25980.439,26486.35,25909.711,26486.35,170304828290
2018-11-05,26050.34,26146.811,25747.52,25934.391,92455611770
2018-11-06,26062.24,26159.83,25826.689,26120.961,81231068420
2018-11-07,26125.09,26530.871,25920.721,26147.689,97326484530
2018-11-08,26491.27,26491.27,26141.25,26227.721,94673709230
2018-11-09,25925.09,25925.09,25475.32,25601.92,90806403430
2018-11-12,25576.279,25765.961,25505.33,25633.182,73147153370
2018-11-13,25092.301,25792.871,25092.301,25792.871,90871946510
2018-11-14,25874.359,25874.359,25489.859,25654.43,79367933860
2018-11-15,25862.18,26127.139,25611.721,26103.34,86374837850
2018-11-16,26041.561,26197.311,25850.039,26183.529,78332587040
2018-11-19,26278.871,26397.391,26146.391,26372,80309789490
2018-11-20,26043.51,26132.289,25776.221,25840.34,77450443530
2018-11-21,25496.85,25998.279,25494.51,25971.471,78292990070
2018-11-22,26139.391,26139.391,25873.379,26019.41,67730431230
2018-11-23,25950.07,25983.25,25807.262,25927.68,59541664220
2018-11-26,26099.35,26413.76,26031.9,26376.18,74095728940
2018-11-27,26345.369,26417.84,26158.969,26331.961,78408547340
2018-11-28,26406.68,26705.299,26332.66,26682.561,84933296540
2018-11-29,26904.211,26923.332,26399.811,26451.031,90194889900
2018-11-30,26506.09,26683.25,26396.621,26506.75,104084888010
2018-12-03,27185.66,27259.43,27006.828,27182.041,129624966210
2018-12-04,27119.189,27260.441,26984.711,27260.441,92673498620
2018-12-05,26745.689,26914.871,26745.689,26819.68,79244221600
2018-12-06,26349.42,26381.119,26016.09,26156.381,96951137190
2018-12-07,26249.811,26280.66,26055.779,26063.76,98958367620
2018-12-10,25794.951,25845.34,25570.889,25752.381,70571251860
2018-12-11,25623.4,25861.73,25623.4,25771.67,65063194480
2018-12-12,26054.01,26238.73,26013.359,26186.711,69496638110
2018-12-13,26417.889,26581.93,26314.77,26524.35,79309894660
2018-12-14,26219,26219,26061.471,26094.791,66970692940
2018-12-17,26178.039,26186.301,26002.301,26087.98,55417677090
2018-12-18,25903.98,26152.881,25713.5,25814.25,67991654300
2018-12-19,25860.68,25925.99,25784.09,25865.391,57099843530
2018-12-20,25723.529,25859.82,25416.881,25623.529,68564321890
2018-12-21,25512.301,25805.609,25313.75,25753.42,91209612750
2018-12-24,25515.4,25651.379,25421.43,25651.379,34678631500
2018-12-27,25818.811,25920.631,25446.801,25478.881,56197189180
2018-12-28,25502.34,25600.25,25416.359,25504.199,46958834870
2018-12-31,25732.52,25916.23,25682.66,25845.699,32691446920
2019-01-02,25824.439,25824.439,25055.27,25130.35,68052961870
2019-01-03,25077.68,25262.209,24896.871,25064.359,68352924730
2019-01-04,24946.119,25626.031,24924.73,25626.031,80472152970
2019-01-07,26015.84,26043.641,25753.459,25835.699,77476186560
2019-01-08,25852.5,25960.889,25688.5,25875.449,74479088450
2019-01-09,26237.289,26597.07,26192.65,26462.32,112729481020
2019-01-10,26391.779,26588.209,26212.34,26521.43,95667153670
2019-01-11,26692.02,26692.02,26494.861,26667.27,88700640380
2019-01-14,26559.68,26575.33,26195.779,26298.33,73689904400
2019-01-15,26518.621,26838.551,26427.449,26830.289,88958410660
2019-01-16,26702.93,26903.779,26567.52,26902.1,87472521210
2019-01-17,26953.209,27012.189,26703.311,26755.631,97402645800
2019-01-18,26993.439,27116.65,26915.078,27090.811,92025254320
2019-01-21,27134.27,27323.609,27084.301,27196.541,90335597050
2019-01-22,27189.402,27223.699,26854.66,27005.449,84187177870
2019-01-23,26879.91,27131.219,26879.91,27008.199,77818978570
2019-01-24,27075.369,27120.979,26889.789,27120.979,80172025520
2019-01-25,27282.881,27569.189,27217.75,27569.189,106401976240
2019-01-28,27695.811,27790.221,27462.371,27576.961,93967334850
2019-01-29,27397.539,27575.369,27328.17,27531.68,91933061830
2019-01-30,27571.412,27642.852,27369.75,27642.852,94763002620
2019-01-31,27842.051,28010.898,27773.98,27942.471,113154013860
2019-02-01,28193.279,28193.279,27802.5,27930.738,91012205950
2019-02-04,27985.42,28005.148,27847.43,27990.211,41099178960
2019-02-08,27708.131,28008.818,27534.201,27946.32,81274786690
2019-02-11,27927.449,28143.84,27847.85,28143.84,88143433030
2019-02-12,28093.309,28219.59,27983.482,28171.332,95988910710
2019-02-13,28184.871,28533.359,28160.461,28497.59,121011828460
2019-02-14,28396.4,28476.65,28275.182,28432.051,103827754560
2019-02-15,28241.439,28256.691,27845.869,27900.838,102284612070
2019-02-18,28186.748,28412.08,28186.748,28347.012,95063362380
2019-02-19,28440.49,28488.969,28208.871,28228.131,96876079960
2019-02-20,28404.678,28599.77,28357.299,28514.051,108645479230
2019-02-21,28450,28759.35,28364.852,28629.92,114986958520
2019-02-22,28478.961,28816.301,28430.201,28816.301,109134257830
2019-02-25,28975.52,29009.98,28763.459,28959.299,168754552770
2019-02-26,28971.229,28971.229,28700.01,28772.061,133498939280
2019-02-27,28833.158,29014.189,28701.469,28757.439,121043309890
2019-02-28,28719.709,28917.49,28571.129,28633.182,121190869890
2019-03-01,28716.602,28860.199,28663.709,28812.17,108755529490
2019-03-04,28855.111,29241.799,28760.668,28959.59,148918639050
2019-03-05,28823.162,29025.789,28734.811,28961.6,118658222620
2019-03-06,29003.252,29122.811,28938.391,29037.6,114514750870
2019-03-07,28965.42,29007.068,28772.451,28779.449,108349563230
2019-03-08,28409.139,28533.76,28201.092,28228.42,144585432760
2019-03-11,28265.85,28512.27,28240.781,28503.299,102789233770
2019-03-12,28760.27,28941.092,28734.09,28920.871,109064546330
2019-03-13,28924.281,28924.281,28690.371,28807.449,97912865340
2019-03-14,28891.059,28932.471,28696.311,28851.389,96050907950
2019-03-15,28843.859,29204.73,28828.26,29012.26,121455230090
2019-03-18,29112.441,29409.012,29034.131,29409.012,116890865380
2019-03-19,29419.139,29486.15,29319.51,29466.279,99327819240
2019-03-20,29357.189,29435.811,29251.252,29320.969,103169424410
2019-03-21,29387.75,29446.771,29051.85,29071.559,114028676040
2019-03-22,29173.332,29243.102,28847.34,29113.359,107738742100
2019-03-25,28501.369,28702.24,28463.111,28523.35,109334843860
2019-03-26,28677.76,28701.6,28435.059,28566.908,88345193510
2019-03-27,28564.711,28781.629,28551.65,28728.25,93302782660
2019-03-28,28663.199,28816.588,28558.801,28775.209,92165409260
2019-03-29,28812.641,29100.691,28761.881,29051.359,122244898810
2019-04-01,29383.719,29612.371,29383.719,29562.02,128603609140
2019-04-02,29736.988,29736.988,29534.42,29624.668,107956234210
2019-04-03,29785.27,29999.34,29715.77,29986.391,122594912240
2019-04-04,29950.42,30050.908,29765.549,29936.32,108992066380
2019-04-08,30119.58,30185.059,29913.619,30077.148,121514048480
2019-04-09,30065.99,30222.02,30018.979,30157.49,114188300000
2019-04-10,30052.27,30139.609,29892.621,30119.559,112615563080
2019-04-11,30138.141,30184.611,29783.67,29839.449,119772910220
2019-04-12,29806.35,29909.76,29694.852,29909.76,89720954670
2019-04-15,30119.85,30280.121,29810.721,29810.721,109996786070
2019-04-16,29754.301,30142.861,29665.111,30129.869,104268318350
2019-04-17,30160.691,30178.58,30004.969,30124.678,104270455930
2019-04-18,30088.65,30101.83,29896.861,29963.262,91237386070
2019-04-23,29782.951,30055.939,29755.869,29963.238,107178347660
2019-04-24,30112.189,30112.189,29682.871,29805.83,98517272030
2019-04-25,29667.52,29849.699,29535.199,29549.799,97511992640
2019-04-26,29513.082,29672.791,29504.141,29605.012,86096330830
2019-04-29,29730.852,29917.111,29639.379,29892.811,74722129060
2019-04-30,29828.15,29855.76,29620.451,29699.111,73919113860
2019-05-02,29643.049,29967.74,29643.049,29944.18,71459426270
2019-05-03,29818.48,30081.549,29678.861,30081.549,66717447640
2019-05-06,29342.381,29384.01,28956.471,29209.82,137259093570
2019-05-07,29313.58,29480.039,29156.451,29363.021,96908460530
2019-05-08,28987.092,29252,28945.91,29003.199,107665964230
2019-05-09,28839.35,28891.111,28281.98,28311.068,121802052070
2019-05-10,28462.34,28833.449,28203.219,28550.24,125034373000
2019-05-14,27951.119,28205.959,27925.619,28122.02,124537364140
2019-05-15,28171.322,28441.49,28171.322,28268.711,96119358300
2019-05-16,28117.479,28379.369,28050.781,28275.068,94989080130
2019-05-17,28428,28428,27909.73,27946.461,102434282040
2019-05-20,27959.229,27999.6,27699.229,27787.609,105579491220
2019-05-21,27671.398,27915.162,27598.061,27657.242,95006817730
2019-05-22,27753.539,27828.811,27640.621,27705.939,76377368660
2019-05-23,27505.529,27523.859,27169.67,27267.129,98993914020
2019-05-24,27368.678,27457.59,27291.939,27353.93,76007099050
2019-05-27,27239.078,27371.35,27105.219,27288.09,73881767460
2019-05-28,27274.828,27490.551,27230.09,27390.811,126579994550
2019-05-29,27226.951,27429.369,27178.711,27235.709,83297232810
2019-05-30,27319.252,27319.252,27020.73,27114.881,76434778360
2019-05-31,27002.961,27155.359,26850.27,26901.092,84197109500
2019-06-03,26909.709,26968.1,26735.48,26893.859,82717913860
2019-06-04,26994.08,26994.08,26671.9,26761.52,78308361050
2019-06-05,27116.08,27119.482,26803.66,26895.439,79494313030
2019-06-06,26935.869,26984.02,26837.67,26965.279,67103367790
2019-06-10,27206.611,27606.42,27155.031,27578.641,91948437810
2019-06-11,27677.059,27857.85,27577.91,27789.34,91601832920
2019-06-12,27603.119,27603.119,27222.029,27308.461,76997754890
2019-06-13,27217.721,27294.711,26825.35,27294.711,81257617210
2019-06-14,27180.738,27275.879,27051.75,27118.35,84963014140
2019-06-17,27252.451,27503.102,27227.162,27227.162,66901814410
2019-06-18,27289.699,27584.121,27201.021,27498.771,71047220400
2019-06-19,28224.871,28224.871,28022.49,28202.141,105149169840
2019-06-20,28308.852,28563.078,28258.02,28550.43,97759268950
2019-06-21,28581.51,28581.51,28359.252,28473.709,118573904190
2019-06-24,28400.631,28634.48,28358.061,28512.998,69782207410
2019-06-25,28447.961,28470.1,28066.131,28185.98,82369787480
2019-06-26,28046.16,28267.98,27985.98,28221.98,64834671890
2019-06-27,28352.941,28621.42,28287.34,28621.42,78431135750
2019-06-28,28632.588,28632.588,28416.961,28542.621,71783255160
2019-07-02,28904.039,28959.059,28768.541,28875.559,112380146360
2019-07-03,28781.971,28891.891,28721.209,28855.139,80443478070
2019-07-04,28891.971,29007.98,28776.48,28795.77,72433503620
2019-07-05,28785.529,28880.58,28714.918,28774.828,56222095080
2019-07-08,28513.139,28541.102,28194.07,28331.689,75705076270
2019-07-09,28299.73,28312.969,28080.73,28116.281,70324602860
2019-07-10,28245.092,28311.779,28144.871,28204.691,64333061220
2019-07-11,28347.859,28582.691,28347.859,28431.801,67403589280
2019-07-12,28401.869,28603.869,28399.66,28471.619,62438411220
2019-07-15,28303.359,28567.252,28071.189,28554.881,71368870100
2019-07-16,28583.93,28634.65,28489.412,28619.619,65578767330
2019-07-17,28463.77,28593.172,28377.34,28593.172,60020549440
2019-07-18,28393.039,28511.65,28376.5,28461.66,60586847280
2019-07-19,28585.148,28809.59,28551.199,28765.402,67584834810
2019-07-22,28612.281,28649.439,28303.549,28371.262,67749680660
2019-07-23,28392.039,28489.289,28313.789,28466.48,58803720140
2019-07-24,28578.141,28764.5,28515.92,28524.039,68756687250
2019-07-25,28575.49,28628.51,28517.012,28594.301,68058553230
2019-07-26,28406.07,28487.641,28338.301,28397.74,67794563900
2019-07-29,28262.801,28302.66,27945.412,28106.41,68629133320
2019-07-30,28059.82,28274.65,28059.82,28146.5,61710035340
2019-07-31,27931.279,27939.719,27701.439,27777.75,60297881370
2019-08-01,27582.211,27754.041,27495.891,27565.699,79980669000
2019-08-02,26950.531,27043.459,26868.961,26918.58,114261604670
2019-08-05,26480.471,26502.609,26086.861,26151.32,99478079910
2019-08-06,25472.43,26042.23,25397.35,25976.24,122636483990
2019-08-07,25977.721,26025.439,25738.801,25997.031,80094658060
2019-08-08,25999.449,26317.42,25999.449,26120.77,75961407970
2019-08-09,26278.92,26313.779,25939.299,25939.299,68530649860
2019-08-12,25869.48,26069.23,25824.721,25824.721,58783610800
2019-08-13,25536.621,25616.711,25270.91,25281.299,84299275640
2019-08-14,25711.102,25717.98,25197.379,25302.279,83955477800
2019-08-15,24945.74,25552.129,24899.93,25495.459,96640647200
2019-08-16,25484.961,25798.111,25314.27,25734.221,91501630070
2019-08-19,25994.801,26356.221,25994.801,26291.84,96631923310
2019-08-20,26256.541,26347.23,26149.4,26231.539,79489802790
2019-08-21,26160.541,26318.129,26075.91,26270.039,75094352810
2019-08-22,26272.91,26288.24,25977.67,26048.721,78405333150
2019-08-23,26057.881,26241.219,25940.439,26179.33,74248481290
2019-08-26,25322,25692.279,25249.51,25680.33,104190586810
2019-08-27,25715.98,25764.609,25581.73,25664.07,92760040760
2019-08-28,25767.08,25830.641,25596.08,25615.48,74764988450
2019-08-29,25606.33,25714.781,25372.49,25703.5,78866512080
2019-08-30,26011.641,26011.641,25536.15,25724.73,87348483710
2019-09-02,25627.83,25662.311,25502.701,25626.551,67823338060
2019-09-03,25546.32,25736.049,25498.111,25527.85,63814990300
2019-09-04,25675.16,26654.209,25675.16,26523.23,116377141110
2019-09-05,26512.861,26697.85,26283.119,26515.529,83159484850
2019-09-06,26773.129,26790.791,26563.17,26690.76,99865261770
2019-09-09,26743.359,26807.859,26609.65,26681.4,72403983290
2019-09-10,26831.98,26870.771,26634.471,26683.68,75237641380
2019-09-11,26790.641,27159.51,26705.631,27159.059,89479968730
2019-09-12,27283.98,27283.98,26967.252,27087.629,76774055060
2019-09-13,27154.51,27366.451,27074.541,27352.691,57679428670
2019-09-16,27212.889,27212.889,26976.301,27124.551,81380519750
2019-09-17,26942.961,26951.84,26694.369,26790.24,68077662610
2019-09-18,26838.43,26891.162,26730.631,26754.119,59507930310
2019-09-19,26820.73,26820.73,26372.09,26468.951,70578193490
2019-09-20,26532.881,26564.359,26410.41,26435.67,94384444800
2019-09-23,26463.619,26483.031,26186.01,26222.4,65287788490
2019-09-24,26300.209,26391.98,26207.27,26281,75223848230
2019-09-25,26162.711,26190.561,25917.68,25945.35,75573871960
2019-09-26,26075.15,26099.641,25917.58,26041.93,70324985930
2019-09-27,25977.98,26017.459,25840.66,25954.811,53106067380
2019-09-30,25844.711,26161.699,25786.289,26092.27,73296183420
2019-10-02,25901.471,26092.621,25778.221,26042.689,61944641380
2019-10-03,25831.439,26192.871,25809.471,26110.311,62569021850
2019-10-04,26169.51,26169.51,25612.49,25821.031,68395679360
2019-10-08,25848.73,26180.031,25761.5,25893.4,83189178210
2019-10-09,25736.881,25866.84,25656.66,25682.811,75442749540
2019-10-10,25625.57,25809.58,25521.951,25707.93,79080617020
2019-10-11,25986.818,26393.01,25976.07,26308.439,98624390600
2019-10-14,26520.93,26636.93,26386.41,26521.85,90347131560
2019-10-15,26609.129,26609.129,26433.43,26503.93,75682032660
2019-10-16,26553.9,26698.561,26432.43,26664.279,82336043720
2019-10-17,26809.039,26956.818,26729.51,26848.49,72161507240
2019-10-18,26910.551,26985.082,26650.129,26719.58,77086879580
2019-10-21,26715.219,26818.439,26658.32,26725.68,63748284900
2019-10-22,26813.811,26844.291,26698.301,26786.199,75184433620
2019-10-23,26771.98,26818.99,26491.711,26566.73,68111469170
2019-10-24,26651.031,26810.43,26592.18,26797.951,68674870840
2019-10-25,26795.641,26795.641,26621.182,26667.391,67158930090
2019-10-28,26770.111,27005.68,26762.701,26891.262,80985838450
2019-10-29,27027.559,27027.559,26729.059,26786.76,78812822680
2019-10-30,26766.979,26809.529,26602.951,26667.711,75283761580
2019-10-31,26708.449,27009.5,26708.449,26906.721,85085494750
2019-11-01,26806.439,27102.42,26800.57,27100.762,79396521550
2019-11-04,27299.879,27547.299,27299.459,27547.299,88816382940
2019-11-05,27601.102,27733.068,27463.332,27683.398,92117265380
2019-11-06,27636.33,27750.908,27547.77,27688.641,72861216480
2019-11-07,27690.598,27900.801,27534.908,27847.229,77846918850
2019-11-08,27894.561,27894.561,27582.291,27651.139,79669380840
2019-11-11,27361.412,27361.412,26830.471,26926.551,86560685810
2019-11-12,27064.26,27076.668,26794.609,27065.279,69122108640
2019-11-13,26761.16,26761.16,26465.33,26571.459,79104946960
2019-11-14,26444.23,26605.961,26203.969,26323.689,74453924920
2019-11-15,26529.951,26544.65,26300.08,26326.66,62015904890
2019-11-18,26442.391,26702.16,26406.35,26681.09,70450123060
2019-11-19,26671.32,27093.799,26605.631,27093.799,79905647920
2019-11-20,26936.791,26962.17,26804.35,26889.609,62525865580
2019-11-21,26587.59,26587.59,26306.02,26466.881,75432299690
2019-11-22,26584.881,26690.17,26487.67,26595.08,67211667850
2019-11-25,26873.35,27114.221,26852.889,26993.039,75969307740
2019-11-26,27183.9,27227.869,26913.92,26913.92,133048178500
2019-11-27,26943.52,26974.279,26866.801,26954,75718800480
2019-11-28,26763.631,26991.801,26763.631,26893.73,76178112370
2019-11-29,26705.379,26705.379,26308.1,26346.49,89463850950
2019-12-02,26475.34,26511.551,26393.09,26444.721,67062599720
2019-12-03,26315.969,26424.119,26063.021,26391.299,71247933950
2019-12-04,26071.391,26191.791,25995.15,26062.561,71856995250
2019-12-05,26300.51,26300.51,26134.061,26217.039,66933269560
2019-12-06,26345.199,26520.08,26309.34,26498.369,76800766440
2019-12-09,26513.969,26618.25,26432.27,26494.73,65042713170
2019-12-10,26378.99,26527.09,26355.529,26436.621,61699512630
2019-12-11,26410.09,26659.98,26364.43,26645.43,74337723950
2019-12-12,26837.939,27048.979,26837.939,26994.141,90856865070
2019-12-13,27494.51,27687.76,27405.262,27687.76,117142264130
2019-12-16,27530.5,27715.93,27473.318,27508.09,79839683600
2019-12-17,27630.691,27894.721,27563.439,27843.709,105347948040
2019-12-18,27946.738,27970.758,27775.98,27884.211,94415942950
2019-12-19,27908.781,27908.781,27675.238,27800.49,79264752630
2019-12-20,27834.551,27959.52,27740.66,27871.35,93419056370
2019-12-23,28024.621,28024.621,27830.08,27906.41,65550811240
2019-12-24,27901.51,27921.289,27792.66,27864.211,31984492640
2019-12-27,28033.66,28226.109,28000.621,28225.42,74926202150
2019-12-30,28250.48,28418.65,28165.129,28319.389,76763046160
2019-12-31,28241.43,28298.461,28123.859,28189.75,48433510400
2020-01-02,28249.369,28543.52,28245.971,28543.52,90874945130
2020-01-03,28828.359,28883.299,28428.17,28451.5,97886830890
2020-01-06,28326.5,28367.869,28054.291,28226.189,91605700190
2020-01-07,28352.678,28473.082,28264.07,28322.061,86419084620
2020-01-08,27999.58,28198.611,27857.73,28087.92,96553949790
2020-01-09,28367.65,28560.998,28325.859,28560.998,95737836440
2020-01-10,28665.139,28665.139,28504.27,28638.201,105273341380
2020-01-13,28772.371,28971.398,28671.84,28954.941,111811003480
2020-01-14,29149.529,29149.529,28790.49,28885.139,119192783870
2020-01-15,28891.068,28972.678,28619.102,28773.59,100431333620
2020-01-16,28806.119,28987.73,28709.57,28883.039,101501632980
2020-01-17,28988.16,29101.148,28813.129,29056.42,111360578180
2020-01-20,29169.119,29174.918,28795.42,28795.91,111599105220
2020-01-21,28449.379,28492.029,27980.5,27985.332,132840257080
2020-01-22,28116.5,28393.93,27937.68,28341.039,101492718440
2020-01-23,28109.75,28133.031,27706.371,27909.119,118705938140
2020-01-24,27935.42,27977.629,27774.5,27949.639,47321532410
2020-01-29,27101.539,27333.299,27101.539,27160.631,124051186070
2020-01-30,27030.611,27134.551,26330.049,26449.129,124396061500
2020-01-31,26757.609,26818.84,26295.49,26312.631,103024467530
2020-02-03,26189.609,26512.58,26145.59,26356.979,136679771730
2020-02-04,26491.66,26730.26,26491.66,26675.98,135854638900
2020-02-05,26869.318,26926.119,26641.92,26786.738,133781425410
2020-02-06,27174.531,27608.221,27029.49,27493.699,131726059090
2020-02-07,27356.281,27410.58,27224.121,27404.27,99407948560
2020-02-10,27092.15,27314.641,27044.881,27241.34,107754773480
2020-02-11,27514.25,27674.811,27436.988,27583.879,111015371630
2020-02-12,27717.219,27892.48,27614.828,27823.66,112233855090
2020-02-13,27953.65,27953.65,27695.6,27730,105918621850
2020-02-14,27698.561,27960.66,27695.59,27815.6,95782736600
2020-02-17,27766.711,28055.58,27766.711,27959.6,95603701800
2020-02-18,27766.5,27771.299,27496.25,27530.201,101385945060
2020-02-19,27486.461,27697.459,27448.602,27655.811,88360832090
2020-02-20,27767.279,27767.279,27383.129,27609.158,100878926520
2020-02-21,27450.461,27484.531,27264.781,27308.811,100250544120
2020-02-24,27105.35,27105.35,26813.219,26820.881,124133261900
2020-02-25,26722.391,26914.051,26667.039,26893.229,117925767740
2020-02-26,26479.9,26776.061,26479.9,26696.49,119596664990
2020-02-27,26529.17,26849.57,26419.969,26778.621,110467218440
2020-02-28,26249.059,26313.551,25989.41,26129.93,168193273460
2020-03-02,26077.73,26375.91,26077.73,26291.68,125444393760
2020-03-03,26419.129,26527.75,26233.391,26284.818,116492564650
2020-03-04,26321.561,26372.48,26038.391,26222.07,110974613160
2020-03-05,26348.16,26805.58,26315.359,26767.871,132628243480
2020-03-06,26397.779,26408.801,26084.23,26146.67,119462414710
2020-03-09,25134.02,25321.279,24948.381,25040.461,169643611510
2020-03-10,25285.68,25578.609,24978.969,25392.51,141062103930
2020-03-11,25459.961,25493.23,25140.381,25231.609,112680415990
2020-03-12,24657.67,24657.67,24117.939,24309.07,152262427630
2020-03-13,22519.32,24184.48,22519.32,24032.91,202433552990
2020-03-16,23317.811,23631.529,22842.25,23063.57,158805373280
2020-03-17,23001.76,23401.199,22676.461,23263.73,151015175840
2020-03-18,23023.34,23425.031,22167.42,22291.82,166088519010
2020-03-19,22221.379,22380.34,21139.262,21709.129,191053229910
2020-03-20,22147.34,22805.07,22147.34,22805.07,171272179580
2020-03-23,21659.551,22064.311,21659.551,21696.129,137548867610
2020-03-24,22497.57,22753.01,22383.25,22663.49,137796703380
2020-03-25,23255.91,23569.449,23062.23,23527.189,151162009570
2020-03-26,23604.83,23604.83,23163.67,23352.34,121778939650
2020-03-27,23768.41,23791.199,23354.01,23484.279,122417757990
2020-03-30,23020.85,23491.51,22973.33,23175.111,107949019360
2020-03-31,23613.27,23627.529,23238.039,23603.48,113340524930
2020-04-01,23365.9,23540.01,22947.641,23085.791,131229697560
2020-04-02,22838.67,23280.061,22756.129,23280.061,89716378530
2020-04-03,23072.951,23236.111,23030.58,23236.111,79973114710
2020-04-06,23558.83,23832.93,23271.471,23749.119,86814144280
2020-04-07,24093.049,24262.01,23796.031,24253.289,126375929780
2020-04-08,24191.32,24191.32,23897.4,23970.369,94535595500
2020-04-09,24181.32,24308.689,24045.182,24300.33,93886946870
2020-04-14,24347.609,24546.391,24283.129,24435.4,111459104090
2020-04-15,24499.859,24603.6,24090.5,24145.34,112068111090
2020-04-16,24025.449,24102.91,23854.791,24006.449,105842604900
2020-04-17,24457.83,24666.641,24308.781,24380,137911254380
2020-04-20,24503.561,24503.561,24225.551,24330.02,89846419070
2020-04-21,24247.84,24247.84,23676.129,23793.551,110796314120
2020-04-22,23540.541,23939.289,23483.311,23893.359,97057841950
2020-04-23,23983.65,24107.881,23806.301,23977.32,96543509110
2020-04-24,23844.551,23957.17,23730.49,23831.33,82799365140
2020-04-27,24030.66,24318.811,24030.541,24280.141,87119345790
2020-04-28,24401.119,24582.66,24176.881,24575.961,86107240810
2020-04-29,24786.02,24855.471,24549.619,24643.59,86086020700
2020-05-04,23895.111,23897.529,23584.951,23613.801,109691296380
2020-05-05,23755.77,23928.449,23697.881,23868.66,70454605920
2020-05-06,23868.02,24235.031,23868.02,24137.48,109591882780
2020-05-07,24120.811,24120.811,23913.5,23980.631,86550272150
2020-05-08,24193.359,24263.73,24097.119,24230.17,96820109140
2020-05-11,24470.18,24766.83,24470.18,24602.061,103652674000
2020-05-12,24358,24411.039,24136.199,24245.68,97048503130
2020-05-13,24111.67,24320.199,23979.369,24180.301,103536502660
2020-05-14,24038.07,24081.189,23790.27,23829.74,118653781430
2020-05-15,23834.68,23985.119,23671.609,23797.471,104338380510
2020-05-18,23736.67,23952.049,23722.17,23934.77,109429259580
2020-05-19,24489.551,24552.551,24314.449,24388.129,125962948110
2020-05-20,24462.898,24514.871,24315.75,24399.951,101691940540
2020-05-21,24528.91,24528.91,24208.16,24280.031,124261465090
2020-05-22,23756.91,23756.91,22878.26,22930.141,180546009220
2020-05-25,22725.699,22968.65,22519.73,22952.24,118227001650
2020-05-26,23198.34,23481.48,23165.49,23384.66,107464706290
2020-05-27,23515.139,23515.139,23134.609,23301.359,110882187760
2020-05-28,23206.75,23451.779,22779.619,23132.76,132698690070
2020-05-29,22781.111,23089.77,22781.111,22961.471,178936817170
2020-06-01,23539.91,23806.32,23539.91,23732.52,150753028290
2020-06-02,23792.24,23995.939,23766.15,23995.939,114028505610
2020-06-03,24303.561,24364.01,24219.961,24325.619,139452789190
2020-06-04,24643.84,24643.84,24204.1,24366.301,125411490620
2020-06-05,24388.18,24810.221,24253.561,24770.41,134866480700
2020-06-08,25018.049,25018.781,24678.551,24776.77,129293181250
2020-06-09,24906.01,25253.67,24837.73,25057.219,124252008990
2020-06-10,25179.031,25303.779,24968.301,25049.73,127254687960
2020-06-11,24997.84,25059.32,24480.15,24480.15,142430760040
2020-06-12,23920.701,24317.721,23895.031,24301.379,115437830660
2020-06-15,23991.379,24242.969,23684.961,23776.951,128021238250
2020-06-16,24318.15,24534.77,24302.25,24344.09,114626499920
2020-06-17,24363.391,24532.01,24195.82,24481.41,104241709930
2020-06-18,24386.311,24464.941,24121.889,24464.941,121607847390
2020-06-19,24373.359,24776.541,24334.359,24643.889,151454868600
2020-06-22,24528.529,24628.951,24391.17,24511.34,119581205630
2020-06-23,24541.439,24907.34,24184.881,24907.34,119447115980
2020-06-24,25034.871,25071.32,24770.951,24781.58,115429540390
2020-06-26,24697.98,24756.58,24537.77,24549.99,96110436100
2020-06-29,24627.641,24627.641,24148.621,24301.279,133018985080
2020-06-30,24468.24,24598.609,24271.77,24427.189,122490241820
2020-07-02,24563.57,25124.189,24563.57,25124.189,175990271430
2020-07-03,25319.279,25453.58,25182.6,25373.119,163951184490
2020-07-06,25545.539,26453.609,25543.15,26339.16,250796931480
2020-07-07,26571.08,26782.621,25911.74,25975.66,239957228990
2020-07-08,26078.609,26299.84,25849.779,26129.182,196193932970
2020-07-09,26351.129,26374.941,26016.75,26210.16,206831382400
2020-07-10,25931.779,26137.91,25570.359,25727.41,194568725690
2020-07-13,25848.801,26103.84,25715.24,25772.119,171275514350
2020-07-14,25663.16,25663.16,25254.32,25477.889,178945650620
2020-07-15,25888.781,25888.781,25299.359,25481.58,164170272130
2020-07-16,25549.4,25576.49,24919.951,24970.689,199792352470
2020-07-17,25142.061,25263.969,25015.279,25089.17,129529781930
2020-07-20,25019.6,25222.111,24766.17,25057.99,135617533550
2020-07-21,25427.059,25635.66,25378.381,25635.66,161707257200
2020-07-22,25575.25,25779.66,25057.939,25057.939,155586274060
2020-07-23,25235.9,25346.359,24992.369,25263,140571987690
2020-07-24,25040.76,25101.102,24598.461,24705.33,166659807170
2020-07-27,24909.961,24972.461,24526.91,24603.262,125677487730
2020-07-28,24942.738,24942.738,24642.35,24772.76,112416341200
2020-07-29,24710.51,24905.439,24671.51,24883.139,104447617250
2020-07-30,24979.24,25197.311,24616.049,24710.59,128371347930
2020-07-31,24747.289,24938.85,24534.791,24595.35,119153830850
2020-08-03,24566.811,24647.279,24250.979,24458.129,130456723150
2020-08-04,24664.6,25062.41,24539.439,24946.631,145978139350
2020-08-05,25029.391,25167.219,24868.289,25102.541,122807149610
2020-08-06,25201.439,25201.439,24641.09,24930.58,135879666660
2020-08-07,24909.369,24909.369,24167.791,24531.619,177828070060
2020-08-10,24376.818,24536.01,24272.67,24377.43,135282508850
2020-08-11,24662.039,25031.57,24662.039,24890.68,141358759890
2020-08-12,24868.631,25291.801,24685.439,25244.02,144075058760
2020-08-13,25490.02,25490.02,25144.461,25230.67,116453370740
2020-08-14,25072.449,25378.529,25040.551,25183.01,103319152060
2020-08-17,25212.279,25588.67,25163.289,25347.34,128756793280
2020-08-18,25470.969,25470.969,25257.881,25367.379,126882970620
2020-08-19,25359.03,25382.51,25079.25,25178.91,84580633870
2020-08-20,25055.35,25055.35,24621.32,24791.391,118187033910
2020-08-21,25007.129,25178.791,24885.859,25113.84,118126929590
2020-08-24,25352.791,25551.58,25325.15,25551.58,140153675960
2020-08-25,25586.99,25621.08,25352.26,25486.221,128771453020
2020-08-26,25520.41,25603.17,25360.031,25491.791,133205153660
2020-08-27,25469.77,25469.77,25186.42,25281.15,150600511350
2020-08-28,25330.77,25749.4,25258.16,25422.061,165285556580
2020-08-31,25732.49,25847.111,25177.049,25177.049,181770373650
2020-09-01,25085.67,25254.141,24995.449,25184.85,139062961510
2020-09-02,25239.859,25239.859,24931.17,25120.09,159580677410
2020-09-03,25026.99,25216.02,24854.58,25007.6,146568908630
2020-09-04,24668.801,24813.961,24488.641,24695.449,213157339810
2020-09-07,24621.021,24908.289,24475.609,24589.65,158242026200
2020-09-08,24785.262,24785.262,24341.32,24624.34,140600052450
2020-09-09,24295.42,24520.92,24213.359,24468.93,120764351740
2020-09-10,24584.941,24615.6,24293.209,24313.539,103877688590
2020-09-11,24352.631,24572.66,24293.031,24503.311,96049508640
2020-09-14,24569.031,24750.951,24556.52,24640.279,99650313320
2020-09-15,24621.65,24826.871,24621.65,24732.76,115936321520
2020-09-16,24823.961,24829.871,24635.24,24725.631,102991213070
2020-09-17,24676.41,24713.791,24250.898,24340.85,117691056180
2020-09-18,24381.129,24501.16,24295.01,24455.41,144087816270
2020-09-21,24483.91,24542.551,23928.02,23950.689,114914580040
2020-09-22,23839.67,23908.51,23675.619,23716.85,106040666840
2020-09-23,23701.119,23795.189,23559.99,23742.51,98483971770
2020-09-24,23537.83,23590.42,23225.33,23311.07,117166490240
2020-09-25,23425.75,23495.262,23124.25,23235.42,116733117630
2020-09-28,23284.09,23523.811,23250.34,23476.049,93343404980
2020-09-29,23584.609,23601.4,23256.92,23275.529,85882187490
2020-09-30,23548.889,23780.871,23368.49,23459.049,98299451260
2020-10-05,24039.391,24039.391,23674.52,23767.779,92580759540
2020-10-06,23895.209,24005.031,23842.25,23980.65,86810514390
2020-10-07,23999.791,24243.91,23905.42,24242.861,92172464660
2020-10-08,24263.33,24263.33,24021.93,24193.35,87788898710
2020-10-09,24343.811,24343.811,24059.289,24119.129,112547025010
2020-10-12,24217.25,24702.811,24196.801,24649.68,140291007520
2020-10-13,24649.68,24649.68,24649.68,24649.68,0
2020-10-14,24808.85,24808.85,24498.941,24667.09,154349363040
2020-10-15,24533.75,24573.25,24102.209,24158.541,130537893850
2020-10-16,24194.41,24456.969,24194.41,24386.791,113007861820
2020-10-19,24565.43,24771.85,24478.471,24542.26,122827654950
2020-10-20,24571.641,24600.391,24456.84,24569.539,99319227510
2020-10-21,24695.539,24903,24653.16,24754.42,109503628620
2020-10-22,24696.311,24817.01,24556.551,24786.129,107182078720
2020-10-23,24773.119,24970.59,24683.25,24918.781,111647952680
2020-10-27,24839.969,24872.52,24602.111,24787.189,130520383890
2020-10-28,24773.539,24844.791,24586.061,24708.801,132623815660
2020-10-29,24290.01,24678.898,24258.561,24586.6,133186259990
2020-10-30,24535.9,24600.541,24029.951,24107.42,151727052530
2020-11-02,24274.83,24486.02,24232.66,24460.01,116193204280
2020-11-03,24689.561,25048.529,24689.51,24939.73,129632355990
2020-11-04,24790,25093.721,24733.23,24886.141,172827866110
2020-11-05,25500.91,25695.92,25343.439,25695.92,176676379320
2020-11-06,25750.78,25799.97,25540.98,25712.97,164555070730
2020-11-09,26157.77,26172.23,25950.41,26016.17,168452764330
2020-11-10,26474.04,26474.04,26041.87,26301.48,233806076690
2020-11-11,26226.8,26432.56,26168.63,26226.98,267456835290
2020-11-12,26409.34,26460.94,26071.15,26169.38,167135321880
2020-11-13,26114.6,26156.86,25909.18,26156.86,151407496260
2020-11-16,26362.07,26394.4,26191.54,26381.67,145302139100
2020-11-17,26515.09,26530.54,26339.88,26415.09,143570035810
2020-11-18,26434.24,26618.01,26344.86,26544.29,133772301710
2020-11-19,26460.61,26460.61,26311.64,26356.97,131936612790
2020-11-20,26406.87,26564.25,26313.28,26451.54,132640421570
2020-11-23,26659.79,26662.66,26369.34,26486.2,152037965220
2020-11-24,26630.34,26630.34,26409.77,26588.2,143242383590
2020-11-25,26819.96,27040.41,26591.3,26669.75,178061448170
2020-11-26,26695.25,26819.45,26612,26819.45,113638840450
2020-11-27,26758.49,27009.15,26704.6,26894.68,112719560370
2020-11-30,26853.39,26960.93,26322.68,26341.49,240686800970
2020-12-01,26422.71,26662.18,26375.24,26567.68,153125896120
2020-12-02,26670.12,26670.12,26379.48,26532.58,181738887900
2020-12-03,26623.42,26781.99,26556.02,26728.5,135450030250
2020-12-04,26811.59,26835.92,26652.34,26835.92,172264724370
2020-12-07,26870.58,26870.58,26256.4,26506.85,135274245070
2020-12-08,26460.35,26460.35,26270.91,26304.56,135417507140
2020-12-09,26510.42,26666.94,26445.66,26502.84,136609555600
2020-12-10,26335.26,26434.47,26287.02,26410.59,110000820480
2020-12-11,26634.21,26704.01,26443.01,26505.87,135914204590
2020-12-14,26522.1,26544.12,26318.11,26389.52,143307352880
2020-12-15,26418.93,26436.04,26127.68,26207.29,144007080440
2020-12-16,26421.21,26510.19,26318.74,26460.29,129038930360
2020-12-17,26608.44,26678.38,26390.59,26678.38,128962232980
2020-12-18,26650.49,26668.1,26363.05,26498.6,166474224340
2020-12-21,26422.62,26498.65,26274.65,26306.68,143884212180
2020-12-22,26260.78,26365.2,25998.87,26119.25,123725647970
2020-12-23,26083.11,26343.1,26071.76,26343.1,129153924000
2020-12-24,26342.87,26470.4,26221.3,26386.56,97986100810
2020-12-28,26288.37,26514.08,26264.32,26314.63,190735176150
2020-12-29,26490.45,26618.78,26432.91,26568.49,138819563680
2020-12-30,26695.11,27159.47,26670.97,27147.11,153320852180
2020-12-31,27194.79,27340.99,27163.51,27231.13,105700642140
2021-01-04,27087.13,27502.83,27079.24,27472.81,182640931780
2021-01-05,27281.34,27690.21,27150.38,27649.86,215029397910
2021-01-06,27613.34,27756.43,27389.78,27692.3,218122220000
2021-01-07,27715.94,27752.36,27457.47,27548.52,227822643910
2021-01-08,27630.03,27920.77,27538.2,27878.22,270292041150
2021-01-11,28003.98,28176.65,27794.81,27908.22,254146801060
2021-01-12,27894.29,28276.75,27781.42,28276.75,199061570330
2021-01-13,28309.32,28414.54,28136.64,28235.6,202134866920
2021-01-14,28408.12,28510.92,28280.09,28496.86,207716409060
2021-01-15,28394.37,28667.59,28294.66,28573.86,253982990750
2021-01-18,28454.59,28864.25,28390.29,28862.77,224397423570
2021-01-19,29100.17,29848.43,29100.17,29642.28,301579945700
2021-01-20,29794.41,29993.47,29676.54,29962.47,300275883610
2021-01-21,29951.78,30135.5,29745.87,29927.76,264905090740
2021-01-22,29809.23,29862.89,29413.52,29447.85,244189115510
2021-01-25,29677.3,30191.16,29673.26,30159.01,286909325540
2021-01-26,29892.85,29965.11,29345.74,29391.26,278926534760
2021-01-27,29556.58,29636.63,29194.37,29297.53,255124990100
2021-01-28,28914.85,29191.68,28467.01,28550.77,269880676890
2021-01-29,28826.18,28972.06,28259.73,28283.71,240183628200
2021-02-01,28457.85,28982.77,28382.26,28892.86,201218966440
2021-02-02,29378.12,29511,29198.86,29248.7,225505636470
2021-02-03,29305.41,29312,28967.01,29307.46,221041901620
2021-02-04,29093.54,29409,28775.38,29113.5,239784745920
2021-02-05,29305.09,29495.64,29184.09,29288.68,239374884330
2021-02-08,29629.08,29706.08,29293.64,29319.47,185801761170
2021-02-09,29442.5,29527.67,29263.98,29476.19,149937952950
2021-02-10,29796.19,30075.5,29732.23,30038.72,175982137130
2021-02-11,29995.28,30184.17,29828.62,30173.57,92087163170
2021-02-16,30675.82,30793.48,30497.4,30746.66,219782212010
2021-02-17,30636.37,31168.3,30503.46,31084.94,207988858810
2021-02-18,31183.36,31183.36,30570.55,30595.27,282680979620
2021-02-19,30483.46,30720.15,30099.71,30644.73,253280049260
2021-02-22,31071.61,31071.61,30298.58,30319.83,302588133940
2021-02-23,30189.97,30948.47,30126.4,30632.64,267465830310
2021-02-24,30702.65,30792.88,29532.68,29718.24,353005374040
2021-02-25,30174.22,30453.12,29833.05,30074.17,256801566840
2021-02-26,29412.13,29579.67,28980.21,28980.21,320239126780
2021-03-01,29457.89,29550.75,29195.97,29452.57,209221048040
2021-03-02,29708.39,29765.96,28957.31,29095.86,232724995630
2021-03-03,29249.43,29912,29183.59,29880.42,185022705680
2021-03-04,29525.48,29597.16,29102.1,29236.79,224354122390
2021-03-05,28667.14,29397.27,28513.13,29098.29,240435611920
2021-03-08,29362.59,29386.33,28422.27,28540.83,276780027890
2021-03-09,28665.26,29047.13,28326.13,28773.23,275958558190
2021-03-10,29255.37,29255.37,28710.91,28907.52,190478769380
2021-03-11,28909.98,29412.42,28893.21,29385.61,215265785150
2021-03-12,29550.37,29550.37,28707.35,28739.72,225475883790
2021-03-15,28923.95,29178.99,28612.74,28833.76,193682719280
2021-03-16,29036.82,29118.62,28872.4,29027.69,154585229960
2021-03-17,28992.24,29180.01,28780.23,29034.12,148700539170
2021-03-18,29317.61,29596.58,29317.61,29405.72,174568896960
2021-03-19,29158.48,29271.4,28737.54,28990.94,206162299170
2021-03-22,28801.09,29139.07,28801.09,28885.34,134237649210
2021-03-23,29008.02,29043.18,28376.22,28497.38,166584426700
2021-03-24,28437.49,28457.87,27827.05,27918.14,190171361980
2021-03-25,27628.08,28032.01,27505.08,27899.61,200478881500
2021-03-26,28043.65,28415.15,28014.29,28336.43,183904341740
2021-03-29,28317.32,28484.66,28132.36,28338.3,190331392590
2021-03-30,28552.77,28694.15,28371.23,28577.5,169276110520
2021-03-31,28802.53,28802.53,28332.78,28378.35,164038662360
2021-04-01,28594.55,28938.74,28511.65,28938.74,178252818930
2021-04-07,29101.4,29101.4,28598.86,28674.8,171005371510
2021-04-08,28604.12,29054.82,28587.11,29008.07,281126802350
2021-04-09,29152.44,29152.44,28604.55,28698.8,141713783920
2021-04-12,28791.97,28791.97,28274.27,28453.28,160703844980
2021-04-13,28557.84,28877.15,28452.12,28497.25,142835522560
2021-04-14,28796.55,28979.35,28685.06,28900.83,138105427930
2021-04-15,28872.82,28884.57,28530.99,28793.14,124509904510
2021-04-16,28827.17,29079.18,28711.11,28969.71,143172576060
2021-04-19,28960.13,29319.76,28806.76,29106.15,150163099180
2021-04-20,28962.8,29220.19,28885.55,29135.73,195711299060
2021-04-21,28702.27,28778.36,28506.76,28621.92,154354199780
2021-04-22,28716.98,28848.02,28597,28755.34,154522257190
2021-04-23,28798.45,29078.75,28748.57,29078.75,142987663770
2021-04-26,29106.45,29238.99,28908.65,28952.83,147482814430
2021-04-27,28895.38,29045.11,28793.22,28941.54,145446806730
2021-04-28,28991.94,29071.34,28887.33,29071.34,136270612240
2021-04-29,29268.21,29405.12,29162.87,29303.26,119746291890
2021-04-30,29143.43,29154.75,28701.69,28724.88,125833706390
2021-05-03,28659.91,28684.83,28256.03,28357.54,95846187800
2021-05-04,28438.15,28577.52,28321.34,28557.14,90799532840
2021-05-05,28427.67,28677.36,28325.96,28417.98,101198250160
2021-05-06,28647.97,28753.97,28384.12,28637.46,161060486690
2021-05-07,28721.13,28884.03,28530.71,28610.65,153496516340
2021-05-10,28776.99,28842.11,28453.14,28595.66,163511560610
2021-05-11,28286.56,28286.56,27910.71,28013.81,188748774320
2021-05-12,28073.92,28231.04,27897.47,28231.04,160909258310
2021-05-13,27920.01,28060.93,27718.67,27718.67,163578883950
2021-05-14,27872.69,28064.01,27715.88,28027.57,150871087250
2021-05-17,28130.51,28268.39,28074.14,28194.09,145632617130
2021-05-18,28438.03,28617.34,28438.03,28593.81,130534736760
2021-05-20,28413.49,28508.24,28293.23,28450.29,168793478140
2021-05-21,28584.34,28584.34,28286.92,28458.44,151901554400
2021-05-24,28417.99,28444.36,28195.52,28412.26,120884778640
2021-05-25,28461.5,28929.24,28461.5,28910.86,167870077670
2021-05-26,29056.28,29261.86,29027.95,29166.01,164296338470
2021-05-27,28998.39,29157.95,28950.72,29113.2,250501852890
2021-05-28,29219.46,29336.13,29033.72,29124.41,172742867240
2021-05-31,29225.46,29225.46,28909.52,29151.8,152235263850
2021-06-01,29159.06,29480.16,29036.45,29468,156993805220
2021-06-02,29414.64,29490.61,29208.73,29297.62,150230570460
2021-06-03,29365.32,29377.9,28902.67,28966.03,138931651640
2021-06-04,28837.95,29023.18,28737.97,28918.1,192996124210
2021-06-07,28985.6,29003.99,28615.61,28787.28,144472963060
2021-06-08,28900.52,28979.2,28638.31,28781.38,122641604760
2021-06-09,28771.14,28859.58,28687.69,28742.63,116376934950
2021-06-10,28792.02,28954.4,28664.94,28738.88,134037367270
2021-06-11,28864.9,28965.15,28743.82,28842.13,130867502040
2021-06-15,28946.44,28946.44,28453.48,28638.53,143694315200
2021-06-16,28609.37,28648.64,28403.64,28436.84,138351089100
2021-06-17,28240.88,28558.59,28216.09,28558.59,140258072920
2021-06-18,28586.04,28830.85,28532.08,28801.27,205502975720
2021-06-21,28501.64,28590.22,28314.93,28489,157302154430
2021-06-22,28575.16,28579,28299.66,28309.76,141376262570
2021-06-23,28468.24,28893.79,28406.61,28817.07,156561457760
2021-06-24,28865.46,28993.37,28782.34,28882.46,133956163370
2021-06-25,29002.67,29305.17,28971.6,29288.22,157048745140
2021-06-28,29366.49,29394.69,29209.43,29268.3,101596572270
2021-06-29,29291.89,29291.89,28924.61,28994.1,146126420310
2021-06-30,29107.9,29146.28,28827.7,28827.95,140299802710
2021-07-02,28859.02,28859.02,28231.73,28310.42,175888304360
2021-07-05,28098.91,28338.79,28042.71,28143.5,165393584600
2021-07-06,28136.63,28151.35,27904.53,28072.86,144857648860
2021-07-07,27777.81,27969.41,27703.41,27960.62,156559690260
2021-07-08,27881.5,27921.06,27110.62,27153.13,205258594160
2021-07-09,27131.57,27450.79,26861.87,27344.54,186793602220
2021-07-12,27672.7,27741.19,27420.35,27515.24,154616008830
2021-07-13,27694.03,28052.32,27612.69,27963.41,155700043590
2021-07-14,27965.39,27965.39,27708.71,27787.46,143633045600
2021-07-15,27801.4,28181.21,27741.09,27996.27,151090666530
2021-07-16,27972.56,28218.53,27878.53,28004.68,153698874240
2021-07-19,27786.54,27786.54,27397.29,27489.78,142890512710
2021-07-20,27395.83,27532.86,27121.49,27259.25,139534777240
2021-07-21,27339.22,27371.5,26971.03,27224.58,156856963960
2021-07-22,27464.28,27759.71,27455.43,27723.84,137152563110
2021-07-23,27740.95,27740.95,27222.04,27321.98,139575115300
2021-07-26,26825.73,26878.75,26177.4,26192.32,268245835480
2021-07-27,26011.51,26323.61,24748.84,25086.43,360670431720
2021-07-28,25356.74,25520.75,24848.43,25473.88,281305750210
2021-07-29,26221.36,26335.36,25857.42,26315.32,254121552300
2021-07-30,26042.84,26151,25636.89,25961.03,189635003940
2021-08-02,26054.81,26300.55,25743.09,26235.8,166947710080
2021-08-03,26289.06,26289.06,25774.62,26194.82,203702665080
2021-08-04,26161.83,26650.82,26009.83,26426.55,168451342160
2021-08-05,26390.01,26569.37,26126.37,26204.69,161746209440
2021-08-06,26262.97,26276.87,26002.41,26179.4,148040565940
2021-08-09,25969.23,26527.24,25920.85,26283.4,147504002320
2021-08-10,26456.61,26610.95,26138.87,26605.62,160787112650
2021-08-11,26491.74,26822.47,26454.45,26660.16,153506528150
2021-08-12,26623.77,26713.24,26385.45,26517.82,135858627200
2021-08-13,26296.19,26521.95,26200.24,26391.62,125876896560
2021-08-16,26365.19,26449.71,26046.9,26181.46,133913237290
2021-08-17,26137.9,26258.79,25615.38,25745.87,166149120480
2021-08-18,25800.03,26025.14,25708.95,25867.01,134410717790
2021-08-19,25787.84,25832.92,25183.67,25316.33,164852246670
2021-08-20,25241.32,25244.75,24581.6,24849.72,204328021590
2021-08-23,25169.45,25458.33,25036.99,25109.59,169777350930
2021-08-24,25428.68,25727.92,25361.75,25727.92,171783227150
2021-08-25,25930.05,25982.64,25548.47,25693.95,163340256150
2021-08-26,25673.78,25706.62,25255.83,25415.69,138576346970
2021-08-27,25337.55,25641.33,25304.62,25407.89,128918569250
2021-08-30,25406.49,25583.59,25219.8,25539.54,136588711670
2021-08-31,25524.23,25878.99,25110.72,25878.99,213373173750
2021-09-01,25871.82,26101.95,25694.11,26028.29,181833662000
2021-09-02,26203.52,26359.31,25967.98,26090.43,171074646560
2021-09-03,26022.67,26052.81,25811.77,25901.99,172099834350
2021-09-06,25827.17,26176.43,25827.17,26163.63,146317164330
2021-09-07,26207.22,26458.88,26135.4,26353.63,144829402580
2021-09-08,26396.11,26560.04,26164.79,26320.93,152195567150
2021-09-09,26076.93,26125.09,25624.52,25716,165999099490
2021-09-10,25870.71,26205.91,25870.71,26205.91,149833349020
2021-09-13,25885.3,25886.9,25570.84,25813.81,150336237420
2021-09-14,25827.7,25900.68,25377.83,25502.23,140944748570
2021-09-15,25310.03,25411.91,24990.94,25033.21,157068433830
2021-09-16,25042.03,25045.55,24505.21,24667.85,150823032850
2021-09-17,24589.17,24920.76,24424.74,24920.76,193830695160
2021-09-20,24640.43,24640.43,23871.84,24099.14,141787340260
2021-09-21,23867.16,24284.87,23771.46,24221.54,119202298230
2021-09-23,24614.14,24827.46,24313.68,24510.98,178980224440
2021-09-24,24487.24,24636.64,24095.79,24192.16,147537909500
2021-09-27,24131.42,24509,24131.42,24208.78,148900049080
2021-09-28,24323,24679.46,24232.98,24500.39,147474711370
2021-09-29,24276.71,24694.46,24045.99,24663.5,123528054680
2021-09-30,24494.26,24660.68,24346.75,24575.64,115123092650
2021-10-04,24478.68,24478.68,23908.05,24036.37,113292158130
2021-10-05,23771.65,24180.08,23681.44,24104.15,99778406480
2021-10-06,24259.2,24259.2,23812.35,23966.49,103969208700
2021-10-07,24339.32,24741.28,24310.11,24701.73,105337122050
2021-10-08,25064.8,25064.8,24595.58,24837.85,163350732310
2021-10-11,25161.8,25437.16,25161.8,25325.09,162928348320
2021-10-12,24995.95,25188.78,24865.8,24962.59,136986938520
2021-10-15,25187.05,25330.96,24929.56,25330.96,179610892750
2021-10-18,25425.32,25425.32,25123.25,25409.75,126931941420
2021-10-19,25471.25,25808.62,25458.03,25787.21,120577324250
2021-10-20,26074.2,26214.63,25915.62,26136.02,156592356470
2021-10-21,26141.85,26229.8,25840.59,26017.53,147958741270
2021-10-22,26114.84,26195.29,25976.03,26126.93,124339327430
2021-10-25,26020.78,26212.9,25929.67,26132.03,111218562910
2021-10-26,26234.94,26234.94,25905.08,26038.27,113989276540
2021-10-27,25795.17,25795.17,25555.17,25628.74,120687776750
2021-10-28,25648.42,25736.38,25473.16,25555.73,129310678280
2021-10-29,25466.86,25516.22,25314.24,25377.24,126266169430
2021-11-01,25268.35,25270.41,24972.5,25154.32,135093425940
2021-11-02,25609.01,25639.66,25030.69,25099.67,146012299160
2021-11-03,25060.93,25187.09,24808.59,25024.75,119848676300
2021-11-04,25141.1,25244.98,25010.36,25225.19,118606095760
2021-11-05,24950.68,25049.37,24724.39,24870.51,128337684480
2021-11-08,24743.54,24837.77,24633.57,24763.77,121939903820
2021-11-09,24952.82,24956.37,24678.66,24813.13,98574031200
2021-11-10,24787.44,25013.11,24481.26,24996.14,136249546800
2021-11-11,24856.11,25324.66,24836.21,25247.99,136344145360
2021-11-12,25522.83,25527.13,25210.56,25327.97,135392425620
2021-11-15,25437.99,25483.26,25230.33,25390.91,118595933050
2021-11-16,25446.65,25746.71,25410.87,25713.78,131036910100
2021-11-17,25667.81,25667.81,25520.67,25650.08,109787366200
2021-11-18,25369.88,25414.21,25222.6,25319.72,116526754100
2021-11-19,24934.4,25077.15,24825.43,25049.97,136515046160
2021-11-22,25057.06,25099.95,24869.94,24951.34,129201797140
2021-11-23,24688.99,24794.72,24618.74,24651.58,129861046430
2021-11-24,24672.1,24851.53,24557.63,24685.5,137368827950
2021-11-25,24699.69,24762.61,24532.82,24740.16,108614106280
2021-11-26,24502.68,24502.68,24062.26,24080.52,129790584970
2021-11-29,23910.49,24134.32,23774.31,23852.24,144509973350
2021-11-30,23782.86,23888.37,23175.37,23475.26,223848088600
2021-12-01,23595.57,23864.3,23537.65,23658.92,139489519160
2021-12-02,23524.05,23807,23517.52,23788.93,147563145420
2021-12-03,23675.26,23802.77,23451.93,23766.69,165914673870
2021-12-06,23420.44,23628.3,23314.97,23349.38,170020459800
2021-12-07,23704.51,23989.78,23512.5,23983.66,153446498910
2021-12-08,24090.02,24097.98,23907.3,23996.87,116118079680
2021-12-09,24168.41,24324.84,24153.72,24254.86,125181312940
2021-12-10,24070.56,24214.68,23916.63,23995.72,113883189100
2021-12-13,24242.26,24385.44,23936.93,23954.58,129691767980
2021-12-14,23693.73,23817.58,23560.13,23635.95,119987356710
2021-12-15,23658.04,23745.75,23325.92,23420.76,127741771660
2021-12-16,23287.93,23526.05,23155.62,23475.5,138117709520
2021-12-17,23463.78,23463.78,23158.7,23192.63,162611697580
2021-12-20,23079.83,23145.3,22665.25,22744.86,124782305390
2021-12-21,22795.57,23100.18,22730.08,22971.33,110290020840
2021-12-22,23221.13,23258.71,22979.76,23102.33,92782012630
2021-12-23,23141.79,23264.75,23027.15,23193.64,109184153700
2021-12-24,23375.99,23383.19,23186.57,23223.76,51721456950
2021-12-28,23282.35,23319.44,23099.48,23280.56,99741456650
2021-12-29,23253.98,23253.98,23008.28,23086.54,62945369410
2021-12-30,23130.45,23248.26,22990.24,23112.01,69188042930
2021-12-31,23553.79,23590.12,23394.77,23397.67,57620453520
2022-01-03,23510.54,23605.03,23193.19,23274.75,69981393770
2022-01-04,23400.62,23439.3,23146.89,23289.84,118312688630
2022-01-05,23323.77,23323.77,22851.5,22907.25,155307430430
2022-01-06,22843.2,23082.95,22709.6,23072.86,134508566670
2022-01-07,23318.92,23497.5,23162.85,23493.38,147266313830
2022-01-10,23523.9,23790.52,23399.09,23746.54,138746455330
2022-01-11,23678.69,23863.83,23595.01,23739.06,129624127680
2022-01-12,24069.52,24402.17,24069.52,24402.17,153602454100
2022-01-13,24561.48,24561.48,24289.19,24429.77,136331155220
2022-01-14,24185.86,24383.32,24140.81,24383.32,119890570940
2022-01-17,24390.29,24408.88,24111.74,24218.03,105345036540
2022-01-18,24274.75,24385.05,24009.71,24112.78,112314905910
2022-01-19,24229.78,24286.14,23951.6,24127.85,114961677190
2022-01-20,24263.15,24952.35,24233.18,24952.35,178373511730
2022-01-21,24897.59,24982.03,24723.92,24965.55,154172606610
2022-01-24,24693.43,24795.54,24570.87,24656.46,124316432110
2022-01-25,24251.52,24366.89,24001.96,24243.61,146486313850
2022-01-26,24342.9,24487.3,24123.7,24289.9,132111560040
2022-01-27,23952.01,23952.01,23565,23807,133489925770
2022-01-28,23818.94,23848.02,23507.03,23550.08,125698815310
2022-01-31,23624.14,23975.7,23469.76,23802.26,65134619770
2022-02-04,24392.86,24609.33,24140.89,24573.29,113903554190
2022-02-07,24609.43,24616.5,24365.89,24579.55,122309298500
2022-02-08,24548.05,24548.05,24149.75,24329.49,129511365550
2022-02-09,24727.34,24896.43,24690.45,24829.99,140758436390
2022-02-10,25050.59,25050.59,24649.74,24924.35,129129508900
2022-02-11,24837.2,24957.81,24732.65,24906.66,139240949220
2022-02-14,24725.1,24733.11,24482.86,24556.57,113837877350
2022-02-15,24458.5,24570.09,24219.9,24355.71,114139088610
2022-02-16,24618.3,24728.93,24548.05,24718.9,101790224110
2022-02-17,24722.88,24861.82,24523.95,24792.77,104601732340
2022-02-18,24633.66,24763.37,24284.53,24327.71,126217852970
2022-02-21,24109.59,24231.08,23998.77,24170.07,143749389730
2022-02-22,23692.54,23813.64,23336.78,23520,146928474450
2022-02-23,23617.97,23745.07,23500.92,23660.28,114988301350
2022-02-24,23268.03,23376.37,22786.39,22901.56,176956584910
2022-02-25,22908.1,23046.86,22718.15,22767.18,142699662670
2022-02-28,22818.17,22818.17,22406.12,22713.02,153478505620
2022-03-01,22739.84,22937.56,22591.73,22761.71,114970655540
2022-03-02,22568.36,22712.44,22299.14,22343.92,114643868720
2022-03-03,22434.26,22543.42,22378.11,22467.34,115615448400
2022-03-04,21879.13,22017.94,21838.99,21905.29,164778201670
2022-03-07,21308.9,21327.19,20826.36,21057.63,177594933800
2022-03-08,21082.39,21303.52,20638.95,20765.87,170769939550
2022-03-09,20820.02,20957.72,20102.57,20627.71,185292810920
2022-03-10,21106.57,21114.44,20709.62,20890.26,146246975340
2022-03-11,20460.03,20778.86,20079.15,20553.79,190692100710
2022-03-14,20203.84,20203.84,19416.78,19531.66,223053054460
2022-03-15,18931.18,19392.69,18235.48,18415.08,286168179060
2022-03-16,18956.02,20120.85,18584.04,20087.5,309793095830
2022-03-17,21430.71,21501.23,20786.69,21501.23,300958616050
2022-03-18,21232.88,21646.15,20922.37,21412.4,236684313890
2022-03-21,21823.07,21823.07,21096.31,21221.34,149031681980
2022-03-22,21319.19,21906.32,21266.9,21889.28,140316369200
2022-03-23,22088.79,22423.51,21983.1,22154.08,177337073570
2022-03-24,22002.87,22231.67,21900.13,21945.95,149954324930
2022-03-25,21735.61,21944.08,21289.26,21404.88,147568699460
2022-03-28,21422.2,21790.97,21202.69,21684.97,134306437120
2022-03-29,21771.29,21937.27,21722.17,21927.63,125103936940
2022-03-30,22101.63,22391.35,22033.78,22232.03,155359195500
2022-03-31,22262.16,22262.16,21922.58,21996.85,102395197530
2022-04-01,21693.1,22039.55,21558.05,22039.55,94599886090
2022-04-04,22227.11,22523.64,22124.03,22502.31,102808404050
2022-04-06,22220.21,22244.99,22015.12,22080.52,134221880780
2022-04-07,21910.4,22236.93,21779.19,21808.98,117330859760
2022-04-08,21667.53,21872.01,21568.22,21872.01,103130265630
2022-04-11,21688.03,21688.03,21132.54,21208.3,122282304780
2022-04-12,21279.18,21519.13,20988.2,21319.13,128353190120
2022-04-13,21192.62,21531.48,21141.06,21374.37,100208680640
2022-04-14,21463.35,21587.47,21358.73,21518.08,98909460400
2022-04-19,21106,21191.8,20896.43,21027.76,115586489860
2022-04-20,20972.84,21214.98,20889.02,20944.67,98034827350
2022-04-21,20780.86,20920.6,20483.86,20682.22,120086099960
2022-04-22,20261.61,20709.49,20184.96,20638.52,108647764120
2022-04-25,20284.6,20284.6,19784.28,19869.34,134843068160
2022-04-26,19989.04,20258.64,19858.36,19934.71,122794503040
2022-04-27,19723.46,20053.11,19665.49,19946.36,125146354830
2022-04-28,20118.79,20286.83,19956.67,20276.17,105753991530
2022-04-29,20271.4,21176.58,20040.07,21089.39,165116279820
2022-05-03,20927.62,21291.8,20648.53,21101.89,106704789190
2022-05-04,21025.7,21047.13,20772.8,20869.52,72447712010
2022-05-05,21163.15,21284.85,20776.97,20793.4,100725921420
2022-05-06,20287.06,20320.28,19973.47,20001.96,117826449670
2022-05-10,19300.68,19758.63,19178.89,19633.69,143680278740
2022-05-11,19511.8,20083.49,19474.03,19824.57,126151800070
2022-05-12,19556.89,19731.27,19342.89,19380.34,115624712490
2022-05-13,19615.99,19925.44,19608.26,19898.77,116648209030
2022-05-16,20131.53,20173.22,19764.96,19950.21,93015297530
2022-05-17,20193.6,20626.42,20169.24,20602.52,124136538320
2022-05-18,20674.23,20711.93,20389.61,20644.28,112675503730
2022-05-19,20146.96,20277.94,19924.87,20120.68,121114520580
2022-05-20,20470.95,20794.13,20408.68,20717.24,122667617510
2022-05-23,20608.65,20642.76,20303.55,20470.06,105130324330
2022-05-24,20420.14,20509.62,19989.62,20112.1,113638992800
2022-05-25,20115.56,20370.74,20067.98,20171.27,103409668160
2022-05-26,20272.22,20272.22,19890.76,20116.2,95506206420
2022-05-27,20646.06,20779.75,20494.15,20697.36,120055166439
2022-05-30,20933.5,21169.08,20885.02,21123.93,128811312271
2022-05-31,21106.41,21415.2,21029.72,21415.2,245601502319
2022-06-01,21407.79,21411.95,21154.04,21294.94,126082074593
2022-06-02,21057.04,21115.78,20884.16,21082.13,103602146397
2022-06-06,21282.51,21691.92,21030.07,21653.9,138515719695
2022-06-07,21577.48,21744.46,21394.59,21531.67,140080283954
2022-06-08,21788.89,22064.12,21734.49,22014.59,184028326333
2022-06-09,22121.53,22142.82,21737.94,21869.05,163702600469
2022-06-10,21522.5,21935.01,21487.91,21806.18,180347095194
2022-06-13,21162.53,21320.15,20993.76,21067.58,159391959464
2022-06-14,20783.54,21175.01,20717.64,21067.99,133047285055
2022-06-15,21111.32,21431.07,21111.32,21308.21,149065131914
2022-06-16,21515.64,21545.84,20697.41,20845.43,158485840924
2022-06-17,20716.74,21145.94,20697.17,21075,186314869372
2022-06-20,20948.8,21175.98,20839.02,21163.91,131852455749
2022-06-21,21264.98,21564.87,21175.95,21559.59,119361686618
2022-06-22,21469.74,21519.58,21008.34,21008.34,126940388994
2022-06-23,21157.58,21443.59,21010.89,21273.87,120561139496
2022-06-24,21450.68,21762.67,21408.66,21719.06,148404820455
2022-06-27,21976.8,22414.43,21976.8,22229.52,200008854444
2022-06-28,22144.63,22449.31,21952.44,22418.97,175928027289
2022-06-29,22125.61,22289.07,21844.05,21996.89,160826807931
2022-06-30,21917.45,22111.91,21719.17,21859.79,151469737955
2022-07-04,21690.68,21886.35,21458.63,21830.35,131445489114
2022-07-05,22053.16,22198.51,21799.19,21853.07,122614256259
2022-07-06,21777.64,21833.4,21286.66,21586.66,141252801481
2022-07-07,21352.7,21643.58,21200.93,21643.58,112058258194
2022-07-08,21961.75,21961.75,21614.65,21725.78,105854369624
2022-07-11,21470.77,21470.77,21001.63,21124.2,119464712749
2022-07-12,20905.07,21084.09,20779.59,20844.74,115490670466
2022-07-13,20911.53,21040.34,20751.48,20797.95,108395754105
2022-07-14,20818.27,20888.8,20554.15,20751.21,112816526283
2022-07-15,20522.11,20656.96,20215.97,20297.72,129556976805
2022-07-18,20479.58,20866.33,20294.14,20846.18,116088919775
2022-07-19,20719.2,20758.71,20549.44,20661.06,83982368064
2022-07-20,20968.42,21111.78,20884.92,20890.22,89304300793
2022-07-21,20811.6,20827.61,20527.35,20574.63,101639340125
2022-07-22,20717.47,20788.46,20513.8,20609.14,85147677111
2022-07-25,20516.34,20595.09,20353.68,20562.94,89369151679
2022-07-26,20676.68,20952.45,20631.82,20905.88,96537851899
2022-07-27,20684.48,20770.1,20572.42,20670.04,87236278961
2022-07-28,20705.46,20772.63,20533.42,20622.68,90190642201
2022-07-29,20647.45,20647.45,20050.05,20156.51,129641136704
2022-08-01,20026.6,20251.43,19883.92,20165.84,114885249502
2022-08-02,19943.16,19943.16,19515.54,19689.21,118089345175
2022-08-03,19865.69,19921.91,19685.48,19767.09,95517731852
2022-08-04,20011.25,20216.58,19995.46,20174.04,88938595850
2022-08-05,20283.59,20283.59,20096.54,20201.94,85169961478
2022-08-08,20065.35,20171.89,19954.04,20045.77,74925782607
2022-08-09,20039.3,20250.87,19856.23,20003.44,82183884535
2022-08-10,19956.51,19956.51,19469.11,19610.84,89272385557
2022-08-11,19840.57,20082.43,19789.96,20082.43,82714217542
2022-08-12,20158.29,20208.02,20011.38,20175.62,74994785043
2022-08-15,20038.48,20260.66,19984.04,20040.86,73794009292
2022-08-16,20107.14,20173.4,19662.61,19830.52,98696266688
2022-08-17,19995.77,20069.85,19800.58,19922.45,84195366914
2022-08-18,19991.94,19991.94,19675.46,19763.91,89335725283
2022-08-19,19656.8,19898.18,19656.8,19773.03,82165896581
2022-08-22,19572.42,19825.93,19564.19,19656.98,83087379099
2022-08-23,19644.23,19701.55,19377.09,19503.25,86630524937
2022-08-24,19542.24,19542.24,19189.54,19268.74,99128070952
2022-08-25,19418.46,19990.31,19418.46,19968.38,90632989201
2022-08-26,20138.69,20185.15,20050.97,20170.04,102777637769
2022-08-29,19960.29,20073.94,19889.67,20023.22,91789830824
2022-08-30,20062.73,20062.73,19645.57,19949.03,96138007437
2022-08-31,19589.85,20173.02,19564.84,19954.39,136554461346
2022-09-01,19761.72,19839.51,19532.86,19597.31,105646327117
2022-09-02,19572.47,19630.8,19342.49,19452.09,110200779796
2022-09-05,19299.09,19299.09,19064.79,19225.7,98440488986
2022-09-06,19261.7,19358.02,19107.6,19202.73,82218553937
2022-09-07,18915.87,19068.9,18818.78,19044.3,86129892885
2022-09-08,19043.84,19075.74,18803.76,18854.62,80016323356
2022-09-09,18893.65,19417.56,18893.65,19362.25,92277500637
2022-09-13,19404.64,19492.06,19296.25,19326.86,94985888939
2022-09-14,18933.3,18989.22,18797.79,18847.1,93770140105
2022-09-15,18833.9,19013.03,18833.9,18930.38,81854749986
2022-09-16,18732.44,18905.28,18678.22,18761.69,123942707842
2022-09-19,18695.35,18697.09,18494.54,18565.97,91043707609
2022-09-20,18700.68,18861.47,18685.46,18781.42,73012255686
2022-09-21,18638.85,18638.85,18434.65,18444.62,81302794596
2022-09-22,18080.93,18195.09,17965.33,18147.95,85193458302
2022-09-23,18055.59,18165.95,17926.29,17933.27,80811338252
2022-09-26,17781.87,18077.64,17727.4,17855.14,104354441680
2022-09-27,17838.65,17904.21,17648.42,17860.31,97528562270
2022-09-28,17703.39,17703.39,17184.54,17250.88,108751557754
2022-09-29,17570.17,17629.67,17046.83,17165.87,91683578486
2022-09-30,17165.93,17344.81,17016.28,17222.83,84909975620
2022-10-03,17050.25,17252.11,16906.96,17079.51,63330895550
2022-10-05,17811.97,18164.2,17682.85,18087.97,105467602633
2022-10-06,18100.48,18143.85,17958.14,18012.15,62496315829
2022-10-07,17851.62,17881.87,17717.73,17740.05,57000572677
2022-10-10,17449.36,17449.36,17174.61,17216.66,95105334112
2022-10-11,17194.73,17206.51,16789.97,16832.36,91210466859
2022-10-12,16758.27,17040.7,16438.6,16701.03,112802233358
2022-10-13,16700.65,16736.59,16389.11,16389.11,84991789794
2022-10-14,16671.68,17028.68,16535.37,16587.69,101935608382
2022-10-17,16479.74,16754.52,16308.95,16612.9,95762809342
2022-10-18,16860.2,16914.58,16558.41,16914.58,99756279144
2022-10-19,16805.91,16923.12,16508.37,16511.28,84751201691
2022-10-20,16230.79,16452.97,16010.72,16280.22,126775747725
2022-10-21,16331.11,16359.04,16137.18,16211.12,93970257902
2022-10-24,15894.75,15993.88,15082.84,15180.69,161752533286
2022-10-25,15242.1,15435.37,14947.39,15165.59,143448852186
2022-10-26,15096.32,15584.06,15041.4,15317.67,130751207503
2022-10-27,15721.27,15833.28,15410.97,15427.94,122935517673
2022-10-28,15424.94,15441.99,14770.09,14863.06,124619691170
2022-10-31,14830.69,15113.15,14597.31,14687.02,130991933734
2022-11-01,14859.92,15632.85,14859.92,15455.27,153811639973
2022-11-02,15389.55,15867.24,15276.76,15827.17,106016629627
2022-11-03,15477.74,15623.18,15301.67,15339.49,98653355679
2022-11-04,15442.76,16513.16,15442.76,16161.14,188645230468
2022-11-07,16031.79,16821.89,15980.85,16595.91,148595830881
2022-11-08,16640.6,16719.01,16429.81,16557.31,104729344268
2022-11-09,16552.8,16730.2,16213.03,16358.52,111296702275
2022-11-10,16138.22,16138.22,15945.2,16081.04,92108599820
2022-11-11,17120.05,17368.04,16829,17325.66,182585930537
2022-11-14,17999.26,18011.64,17518.88,17619.71,204907800238
2022-11-15,17665.8,18356.78,17552.3,18343.12,205089159335
2022-11-16,18169.21,18414.09,18031.87,18256.48,173295004460
2022-11-17,18071.6,18220.81,17711.84,18045.66,152563172086
2022-11-18,18316.36,18378.06,17910.19,17992.54,139547505691
2022-11-21,17654.15,17746.34,17389.45,17655.91,110294568365
2022-11-22,17625.19,17751.93,17287.6,17424.41,127196509919
2022-11-23,17460.9,17640.84,17375.96,17523.81,96312382226
2022-11-24,17684.53,17759.24,17517.12,17660.9,86131380090
2022-11-25,17673.2,17673.2,17412.04,17573.58,94798267410
2022-11-28,17000.23,17364.21,16833.68,17297.94,118286912065
2022-11-29,17558.6,18204.68,17536.45,18204.68,166756666301
2022-11-30,18141.56,18645.35,18052.32,18597.23,222088613641
2022-12-01,19058.9,19237.45,18679.35,18736.44,198563330564
2022-12-02,18785.28,18841.22,18530.82,18675.35,142775148915
2022-12-05,19221.68,19539.6,19035.14,19518.29,222980782233
2022-12-06,19211.7,19569.67,19202.87,19441.18,165003861803
2022-12-07,19380.8,19737.31,18799.81,18814.82,207416416906
2022-12-08,18965.05,19521.6,18965.05,19450.23,160694115631
2022-12-09,19484.23,19926.48,19404.5,19900.87,199446926385
2022-12-12,19594.52,19718.08,19366.22,19463.63,158751378213
2022-12-13,19458.02,19707.75,19382.3,19596.2,124088179105
2022-12-14,19775.33,19859.75,19528.71,19673.45,136364073263
2022-12-15,19612.67,19675.68,19233.86,19368.59,105617782154
2022-12-16,19343.7,19621.13,19130.53,19450.67,136026194340
2022-12-19,19472.21,19786.29,19255.95,19352.81,100665361706
2022-12-20,19156.94,19283.14,18885.2,19094.8,96257919801
2022-12-21,19190.91,19255.74,19063.3,19160.49,69286083758
2022-12-22,19537.45,19735,19475.68,19679.22,101469091638
2022-12-23,19382.23,19686.77,19380.47,19593.06,79959117836
2022-12-28,19787.94,20099.77,19787.94,19898.91,121952631323
2022-12-29,19648.4,19764.52,19539.84,19741.14,90752677830
2022-12-30,20030.85,20073.92,19781.41,19781.41,87020250676
2023-01-03,19570.43,20212.55,19303.73,20145.29,120652718237
2023-01-04,20319.98,20793.11,20233.39,20793.11,149636024225
2023-01-05,21295.87,21396.09,20962.4,21052.17,174163850258
2023-01-06,21220.89,21282.71,20862.77,20991.64,148275091429
2023-01-09,21295.94,21470.69,21216.92,21388.34,156422737056
2023-01-10,21370.42,21395.42,21187.73,21331.46,131355837117
2023-01-11,21463.82,21686.3,21327.41,21436.05,165846933201
2023-01-12,21599.82,21698.94,21223.84,21514.1,159583553259
2023-01-13,21605.07,21770.08,21474.98,21738.66,133010746384
2023-01-16,21818.65,21947.55,21572.51,21746.72,140769557641
2023-01-17,21678.05,21797.62,21417.25,21577.64,126720042547
2023-01-18,21514.8,21691.67,21422.19,21678,127834479717
2023-01-19,21452.26,21754.08,21383.03,21650.98,92596858853
2023-01-20,21812.46,22051.77,21754.35,22044.65,95132610725
2023-01-26,22386.37,22566.78,22329.07,22566.78,119554513001
2023-01-27,22614.92,22700.85,22483.78,22688.9,97250080868
2023-01-30,22579.88,22623.81,21992.51,22069.73,203247599380
2023-01-31,22190.27,22284.32,21631.55,21842.33,173821840839
2023-02-01,21920.8,22072.18,21703.6,22072.18,155574347090
2023-02-02,22276.23,22311.96,21930.53,21958.36,140050984571
2023-02-03,21811.08,21820.78,21459.65,21660.47,129960362150
2023-02-06,21349.17,21349.17,21085.72,21222.16,136020118932
2023-02-07,21288.39,21512.21,21259.21,21298.7,103776550129
2023-02-08,21283.9,21443.48,21178.87,21283.52,115601366454
2023-02-09,21154.25,21637.55,21151.27,21624.36,117764660011
2023-02-10,21559.44,21579.99,21157.52,21190.42,119780754137
2023-02-13,20910.08,21230.15,20799.91,21164.42,112073972487
2023-02-14,21235.92,21237.88,21074.94,21113.76,97670629057
2023-02-15,21116.84,21117.58,20726.83,20812.17,112312937010
2023-02-16,20947.07,21306.54,20887.7,20987.67,122904403085
2023-02-17,20958.63,21056.68,20703.74,20719.81,89739391930
2023-02-20,20681.47,20973.67,20606.85,20886.96,112061448095
2023-02-21,20859.5,20941.3,20503.05,20529.49,111176541992
2023-02-22,20512.49,20620.98,20344.86,20423.84,114607214503
2023-02-23,20339.15,20601.22,20323.24,20351.35,102661781400
2023-02-24,20223.67,20233.64,20006.78,20010.04,116312937654
2023-02-27,19821.03,20086.53,19804.56,19943.51,112415538932
2023-02-28,20020.17,20185.05,19783.07,19785.94,142472959696
2023-03-01,19849.97,20674.07,19849.97,20619.71,153921330445
2023-03-02,20390.02,20548.57,20321.25,20429.46,110508183310
2023-03-03,20703.14,20727.25,20498.16,20567.54,105783489247
2023-03-06,20437.87,20702.75,20410,20603.19,109084097378
2023-03-07,20606.83,21005.66,20358.78,20534.48,127710599268
2023-03-08,20256.89,20269.93,19969.47,20051.25,117478739840
2023-03-09,20082.42,20157.24,19907.58,19925.74,102930698216
2023-03-10,19580.78,19637.72,19281.97,19319.92,166465176983
2023-03-13,19411.88,19791.64,19390.38,19695.97,145185246387
2023-03-14,19524.51,19639.52,19122.82,19247.96,130895267965
2023-03-15,19523.49,19745.44,19431.09,19539.87,108055953940
2023-03-16,19197.97,19388.77,19109.07,19203.91,111353504957
2023-03-17,19439.84,19597.18,19303.29,19518.59,164923412893
2023-03-20,19352.9,19382.97,18829.11,19000.71,129438824207
2023-03-21,19118.87,19295.64,19018.1,19258.76,102432885568
2023-03-22,19428.36,19775.69,19428.36,19591.43,106865388833
2023-03-23,19619.74,20051.26,19523.5,20049.64,136305524324
2023-03-24,19919.65,20118.29,19834.45,19915.68,123026903009
2023-03-27,19851.79,19938.77,19509.49,19567.69,127196039670
2023-03-28,19688.31,19875.11,19559.47,19784.65,106134921787
2023-03-29,20348.64,20437.69,20107.73,20192.4,146409814108
2023-03-30,20216.79,20320.02,20017.17,20309.13,133593840432
2023-03-31,20583.88,20721.97,20357.41,20400.11,140573023001
2023-04-03,20379.5,20475.43,20226.95,20409.18,120415839852
2023-04-04,20364.36,20364.36,20126.9,20274.59,119399045452
2023-04-06,20146.22,20343.86,20099.48,20331.2,101686289226
2023-04-11,20566.59,20750.73,20293.37,20485.24,126895387523
2023-04-12,20481.53,20494.81,20236.92,20309.86,108092142028
2023-04-13,19977.96,20344.48,19885.53,20344.48,109995095667
2023-04-14,20422.72,20482.68,20297.16,20438.81,108363887513
2023-04-17,20374.51,20864.74,20299.15,20782.45,136579342730
2023-04-18,20643.41,20742.39,20559.08,20650.51,109720195197
2023-04-19,20633,20633,20336.71,20367.76,99903201062
2023-04-20,20354.83,20472.5,20308.33,20396.97,101560594366
2023-04-21,20330.15,20378.9,19974.91,20075.73,106121454540
2023-04-24,20049.87,20146.37,19734.68,19959.94,96440250096
2023-04-25,19903.53,19910.28,19527.63,19617.88,106657395450
2023-04-26,19520.97,19903.73,19520.97,19757.27,97887997137
2023-04-27,19736.35,19880.29,19662.6,19840.28,97087921376
2023-04-28,19936.02,20167.88,19879.07,19894.57,101510967636
2023-05-02,20122.9,20286.46,19761.13,19933.81,75455977272
2023-05-03,19686.15,19721.96,19538.72,19699.16,66245734898
2023-05-04,19695.73,19979.77,19695.73,19948.73,105288755542
2023-05-05,20061,20208.75,19968.41,20049.31,98274662801
2023-05-08,20128.18,20321.74,20081.7,20297.03,108000104060
2023-05-09,20252.13,20297.83,19817.78,19867.58,122140242359
2023-05-10,19860.5,19880.03,19696.59,19762.2,98803211329
2023-05-11,19842.98,19854.49,19567.62,19743.79,97091903053
2023-05-12,19850.84,19853.37,19596.49,19627.24,102773224211
2023-05-15,19525.06,20063.35,19498.04,19971.13,101624210815
2023-05-16,20183.28,20183.28,19891.49,19978.25,78390417317
2023-05-17,19956.13,19987.93,19538.09,19560.57,101604541901
2023-05-18,19702.73,19894.23,19630.76,19727.25,98624909471
2023-05-19,19535.49,19610.72,19352.81,19450.57,95235650759
2023-05-22,19479.06,19806.44,19410.07,19678.17,93977616052
2023-05-23,19713.46,19769.14,19363.5,19431.25,86379640474
2023-05-24,19279.39,19304.2,19046.8,19115.93,97966691742
2023-05-25,18930.23,18930.23,18620.84,18746.92,115547303384
2023-05-29,18827.08,18879.09,18517.86,18551.11,110483348630
2023-05-30,18574.19,18666.71,18369.93,18595.78,94541578699
2023-05-31,18415,18415,18044.86,18234.27,170953110131
2023-06-01,18190.27,18465.64,18190.27,18216.91,128513790621
2023-06-02,18566.81,19024.91,18548.3,18949.94,149136993627
2023-06-05,19014.96,19123.8,18896.13,19108.5,99900617737
2023-06-06,19117.11,19377.38,19033.85,19099.28,102488877054
2023-06-07,19327.15,19410.48,19196.09,19252,86724473220
2023-06-08,19227.84,19339.82,19087.66,19299.18,84497996503
2023-06-09,19333.43,19463.61,19231.13,19389.95,86609543328
2023-06-12,19440.99,19440.99,19255.65,19404.31,80254054877
2023-06-13,19355.65,19572.42,19273.42,19521.42,99775118307
2023-06-14,19547.58,19641.16,19352.34,19408.42,93127622415
2023-06-15,19626.8,19832.2,19510.76,19828.92,121407785357
2023-06-16,19915.44,20155.92,19876.42,20040.37,175459548746
2023-06-19,19983.4,20000.22,19718.43,19912.89,102991542930
2023-06-20,19863.86,19863.86,19504.63,19607.08,94439516139
2023-06-21,19305.24,19377.69,19174.16,19218.35,98172264886
2023-06-23,19135.02,19138.42,18800.34,18889.97,69798281647
2023-06-26,18845.9,19001.62,18767.15,18794.13,83805083228
2023-06-27,18851.66,19226.32,18842.42,19148.13,91688039780
2023-06-28,19099.39,19222.13,19019.26,19172.05,79318450683
2023-06-29,19180.28,19180.28,18837.32,18934.36,82175562190
2023-06-30,18881.43,19070.11,18838.62,18916.43,81147650537
2023-07-03,19002.55,19371.71,19002.55,19306.59,89735747619
2023-07-04,19289.06,19449.11,19253.22,19415.68,76045790576
2023-07-05,19355.06,19378.9,19095.6,19110.38,86888144270
2023-07-06,18840.41,18973.01,18483.08,18533.05,97290991747
2023-07-07,18435.46,18537.75,18279.73,18365.7,99455868713
2023-07-10,18747.5,18781.21,18417.63,18479.72,78291486287
2023-07-11,18671.42,18806.55,18573.67,18659.83,83908836782
2023-07-12,18797.01,18932.18,18739.6,18860.95,83847876642
2023-07-13,19181.31,19368.92,19163.21,19350.62,111333914036
2023-07-14,19534.82,19534.82,19364.6,19413.78,91249516664
2023-07-17,19413.78,19413.78,19413.78,19413.78,0
2023-07-18,19324.34,19324.34,18979.92,19015.72,95049572185
2023-07-19,18826.59,19004.42,18711.03,18952.31,111716092641
2023-07-20,19003.28,19215.74,18888.76,18928.02,104858019698
2023-07-21,18918.7,19169.75,18886.43,19075.26,76622941483
2023-07-24,18867.61,18946.56,18562.12,18668.15,93503346363
2023-07-25,19172.28,19465.27,19111.82,19434.4,142106218056
2023-07-26,19340.77,19404.5,19245.66,19365.14,87492057843
2023-07-27,19502.09,19685.79,19482.47,19639.11,113563971289
2023-07-28,19418.48,19940.59,19381.9,19916.56,137727621637
2023-07-31,20237.53,20361.03,20019.79,20078.94,182561434441
2023-08-01,20211.2,20331.28,19891.81,20011.12,135190269528
2023-08-02,19902.77,19981,19475.15,19517.38,113361924277
2023-08-03,19404.14,19650.16,19369.06,19420.87,101162408382
2023-08-04,19671.13,19857.39,19461.61,19539.46,114413232437
2023-08-07,19474.66,19581.82,19352.35,19537.92,78979304254
2023-08-08,19308.55,19370.8,19112.61,19184.17,104619768496
2023-08-09,19059.58,19270.48,19056.1,19246.03,85038707946
2023-08-10,19125,19315.17,19030.39,19248.26,81086493957
2023-08-11,19319.91,19346.29,19049.92,19075.19,96579155628
2023-08-14,18697.33,18792.72,18554.51,18773.55,104146705289
2023-08-15,18599.2,18745.82,18513.78,18581.11,81903847731
2023-08-16,18356.65,18440.96,18261.85,18329.3,97930366204
2023-08-17,18023.11,18399.2,17900.77,18326.63,112923678726
2023-08-18,18208.98,18336.41,17936.43,17950.85,106385912881
2023-08-21,17798.47,17867.66,17587.38,17623.29,108543134497
2023-08-22,17641.86,17965.26,17573.7,17791.01,102266636294
2023-08-23,17762.76,18000.53,17730.79,17845.92,84220957238
2023-08-24,17992.73,18272.95,17945.01,18212.17,101519918848
2023-08-25,18037.6,18137.65,17956.38,17956.38,81365653192
2023-08-28,18519.08,18564.43,18113.23,18130.74,101022637333
2023-08-29,18261.69,18583.8,18239.92,18484.03,101385425769
2023-08-30,18659.96,18742.14,18427.22,18482.86,108085861833
2023-08-31,18580.47,18667.18,18312.76,18382.06,136542096617
2023-09-04,18592.53,18899.49,18575.45,18844.16,152687484150
2023-09-05,18717.42,18725.5,18431.72,18456.91,101498915280
2023-09-06,18405.09,18492.59,18256.1,18449.98,92928431342
2023-09-07,18437.48,18437.48,18173.44,18202.07,86846016946
2023-09-11,17941.65,18164.61,17842.37,18096.45,124482802561
2023-09-12,18015.56,18145.58,17892.01,18025.89,84111157935
2023-09-13,18131.1,18200.52,17954.97,18009.22,79858921462
2023-09-14,18101.96,18173.54,17928.63,18047.92,81603934500
2023-09-15,18154.01,18372.65,18030.79,18182.89,118078541438
2023-09-18,18069.04,18114.82,17894.81,17930.55,84505581964
2023-09-19,17942.07,18004.74,17832.3,17997.17,76231752459
2023-09-20,17939.25,17995.38,17833.2,17885.6,71296759747
2023-09-21,17795.8,17823.82,17623.87,17655.41,77429936452
2023-09-22,17578.26,18078.69,17573.81,18057.45,101847196262
2023-09-25,18046.89,18046.89,17722.49,17729.29,74260626052
2023-09-26,17661.85,17718.18,17379.44,17466.9,82467900798
2023-09-27,17472.11,17655.31,17472.11,17611.87,75934662195
2023-09-28,17587.08,17627.73,17352.83,17373.03,80184358100
2023-09-29,17484.95,17935.15,17482.39,17809.66,67650234422
2023-10-03,17546.39,17546.39,17212.87,17331.22,86120799888
2023-10-04,17266.82,17266.82,17094,17195.84,57626310811
2023-10-05,17249.97,17336.43,17197.61,17213.87,47004824302
2023-10-06,17370.03,17603.8,17370.03,17485.98,47988011783
2023-10-09,17500.37,17633.19,17447.76,17517.4,46872668806
2023-10-10,17726.63,17916.62,17638.01,17664.73,79678653326
2023-10-11,17956.83,18022.45,17889.71,17893.1,88795725390
2023-10-12,18258.26,18290.91,18175.35,18238.21,101118565570
2023-10-13,17946.77,18013.67,17776.95,17813.45,84195376717
2023-10-16,17803.31,17858.18,17601.5,17640.36,73791140758
2023-10-17,17806.23,17815.71,17671.99,17773.34,63539887198
2023-10-18,17728.25,17831.18,17625.89,17732.52,88884305034
2023-10-19,17540.46,17540.46,17292.36,17295.89,91197666200
2023-10-20,17127.26,17309.74,17118.07,17172.13,82775872242
2023-10-24,17053.15,17139.53,16879.66,16991.53,89954894798
2023-10-25,17465.43,17465.82,17001.43,17085.33,95472262203
2023-10-26,17085.12,17174.08,16917.22,17044.61,80807352271
2023-10-27,17160.23,17497.72,17078.24,17398.73,91478097153
2023-10-30,17225.65,17406.36,17225.65,17406.36,92471678502
2023-10-31,17337.7,17337.7,17042.1,17112.48,84651864389
2023-11-01,17139.4,17188.85,16979.26,17101.78,67969711696
2023-11-02,17282.39,17459.43,17176.01,17230.59,71124129575
2023-11-03,17405.91,17729.43,17352.6,17664.12,90915124550
2023-11-06,17913.54,18037.94,17899.35,17966.59,115189427496
2023-11-07,17850.59,17890.63,17658.91,17670.16,89629010767
2023-11-08,17650.51,17753.59,17537.2,17568.46,94146136290
2023-11-09,17553.26,17617.27,17457,17511.29,75319822739
2023-11-10,17350.87,17350.87,17177.53,17203.26,75091281370
2023-11-13,17263,17456.08,17126.61,17426.21,75188285397
2023-11-14,17495.1,17565.22,17358.89,17396.86,76780029736
2023-11-15,17836.65,18102.28,17766.22,18079,134948740296
2023-11-16,18174.69,18174.69,17722.86,17832.82,115199624700
2023-11-17,17584.32,17631.04,17413.46,17454.19,97989441713
2023-11-20,17625.84,17788.9,17532.73,17778.07,106364719798
2023-11-21,17932.54,18057.62,17689.01,17733.89,107244100367
2023-11-22,17736.4,17796.86,17650.49,17734.6,81135234757
2023-11-23,17680.05,17927.36,17577.31,17910.84,97741962373
2023-11-24,17771.75,17771.75,17545.61,17559.42,88149008570
2023-11-27,17677.52,17677.52,17358.24,17525.06,75914468527
2023-11-28,17541.48,17541.48,17303.82,17354.14,95009375506
2023-11-29,17359.08,17359.08,16881.98,16993.44,130164856545
2023-11-30,16985.18,17068.26,16863.05,17042.88,139119251943
2023-12-01,17019.17,17038.98,16830.3,16830.3,114200471845
2023-12-04,16919.08,16941.91,16617.03,16646.05,106385061466
2023-12-05,16606.54,16606.54,16228.52,16327.86,118025150595
2023-12-06,16311.96,16600.36,16234.84,16463.26,98863852636
2023-12-07,16376.44,16376.44,16157.98,16345.89,89036969642
2023-12-08,16373.44,16464.14,16249.15,16334.37,88367357806
2023-12-11,16149.06,16276.88,15972.31,16201.49,98728494690
2023-12-12,16236.06,16420.97,16157.68,16374.5,86628497386
2023-12-13,16311.71,16326.95,16145.25,16228.75,75456449444
2023-12-14,16419.74,16577.75,16319.22,16402.19,102234798440
2023-12-15,16610.7,16964.33,16610.7,16792.19,136258931382
2023-12-18,16669.82,16713.41,16572.88,16629.23,94316811719
2023-12-19,16551.44,16579.55,16408.02,16505,76597864115
2023-12-20,16647.95,16741.05,16549.49,16613.81,90036112105
2023-12-21,16455.14,16649.57,16444.73,16621.13,69566600495
2023-12-22,16743.06,16857.84,16271.5,16340.41,141163294843
2023-12-27,16561.78,16673.57,16439.26,16624.84,99245865644
2023-12-28,16678.23,17086.1,16644.43,17043.53,109942719615
2023-12-29,17066.52,17095.12,16950.9,17047.39,75168024069
2024-01-02,17135.12,17135.12,16725.28,16788.55,76641260942
2024-01-03,16624.92,16657.51,16564.8,16646.41,79269709354
2024-01-04,16673.4,16673.4,16516.33,16645.98,70390040807
2024-01-05,16573.12,16745.73,16455.57,16535.33,81830000402
2024-01-08,16581.86,16592.06,16144.56,16224.45,84442057189
2024-01-09,16256.1,16414.79,16190.02,16190.02,81908021066
2024-01-10,16143.97,16247.3,16036.42,16097.28,74514433953
2024-01-11,16154.17,16459.92,16106.83,16302.04,93716765511
2024-01-12,16216.97,16393.74,16185.91,16244.58,69483048010
2024-01-15,16258.28,16334.71,16104.5,16216.33,71079306923
2024-01-16,16030.25,16197.04,15834.41,15865.92,84412885972
2024-01-17,15764.38,15764.38,15194.94,15276.9,130541441354
2024-01-18,15301.19,15463.69,15183.96,15391.79,107352172681
2024-01-19,15404.69,15540.75,15207.99,15308.69,96871865438
2024-01-22,15349.05,15362.91,14794.16,14961.18,112177866779
2024-01-23,15038.33,15516.8,14994.37,15353.98,124067087553
2024-01-24,15602.45,15975.11,15412.1,15899.87,128806837851
2024-01-25,15989.94,16254.93,15828.93,16211.96,132086228731
2024-01-26,16158.72,16240.96,15888.04,15952.23,131624258347
2024-01-29,16046.25,16258.45,16012.59,16077.24,100124216034
2024-01-30,15896.66,15896.66,15654.97,15703.45,94860253959
2024-01-31,15652.05,15744.04,15411.66,15485.07,98845463573
2024-02-01,15522.86,15805.06,15434.82,15566.21,94907173781
2024-02-02,15756.12,15912.61,15435.85,15533.56,103155850034
2024-02-05,15336.86,15669.77,15336.86,15510.01,94713279568
2024-02-06,15541.23,16154.05,15541.23,16136.87,128040660384
2024-02-07,16282.39,16408.15,16035.43,16081.89,103632695751
2024-02-08,15988.62,16093.52,15821.86,15878.07,77712740496
2024-02-09,15709.3,15754.01,15531.03,15746.58,31281852643
2024-02-14,15579.41,15911.05,15456.32,15879.38,57064439934
2024-02-15,15824.21,16029.02,15751.36,15944.63,47017163514
2024-02-16,16007.54,16394.16,15937.28,16339.96,70658302301
2024-02-19,16334.47,16334.47,16137.98,16155.61,82087427496
2024-02-20,16222.09,16274.56,16055.08,16247.51,76961393835
2024-02-21,16182.93,16756.01,16138.81,16503.1,122444240275
2024-02-22,16489.84,16742.95,16424.79,16742.95,100096629691
2024-02-23,16654.68,16895.82,16654.68,16725.86,96052614592
2024-02-26,16684.96,16777.41,16590.71,16634.74,83545699204
2024-02-27,16645.63,16828.67,16453.5,16790.8,102600757768
2024-02-28,16833.61,16844.33,16517.84,16536.85,107016656522
2024-02-29,16429.57,16695.36,16429.57,16511.44,130351372344
2024-03-01,16390.89,16651.67,16321.12,16589.44,121831893227
2024-03-04,16629.55,16645.96,16473.65,16595.97,106866930836
2024-03-05,16343.95,16450.37,16095.68,16162.64,112129319125
2024-03-06,16167.45,16545.05,16145.22,16438.09,102377141602
2024-03-07,16417.77,16512.41,16136.12,16229.78,98008817271
2024-03-08,16275.39,16489.73,16275.39,16353.39,86687906399
2024-03-11,16416.17,16625.64,16416.17,16587.57,92945031545
2024-03-12,16701.95,17154.87,16613.45,17093.5,149965506725
2024-03-13,17059.11,17214.67,17050.87,17082.11,120449133981
2024-03-14,17120.54,17209.82,16878.11,16961.66,113130475549
2024-03-15,16758.36,16821.13,16550.42,16720.89,139086360684
2024-03-18,16690.26,16801.64,16641.58,16737.12,95776937881
2024-03-19,16628.07,16682.54,16492.09,16529.48,90689423264
2024-03-20,16559.01,16654.08,16430.12,16543.07,85342554517
2024-03-21,16762.83,16973.52,16762.83,16863.1,118050831295
2024-03-22,16745.27,16747.2,16341.61,16499.47,135652755920
2024-03-25,16531.95,16612.64,16441.3,16473.64,112708610998
2024-03-26,16548.5,16728.9,16452.55,16618.32,108652459112
2024-03-27,16530.44,16612,16354.81,16392.84,115609147427
2024-03-28,16378.4,16725.61,16345.9,16541.42,117256731172
2024-04-02,16811.74,17007.34,16811.74,16931.52,144184282054
2024-04-03,16926.85,16926.85,16689.19,16725.1,99787147415
2024-04-05,16787.93,16839.55,16480.36,16723.92,73615002840
2024-04-08,16650.83,16895.06,16580.53,16732.85,99871066040
2024-04-09,16819.18,17006.85,16805.99,16828.07,82933737550
2024-04-10,16926.02,17190.5,16918.36,17139.17,107293986439
2024-04-11,16856.19,17141.36,16856.19,17095.03,98796807685
2024-04-12,16978.7,17031.31,16721.69,16721.69,106218292071
2024-04-15,16487.36,16647.09,16465.4,16600.46,95154872375
2024-04-16,16367.69,16449.24,16208.64,16248.97,114580098731
2024-04-17,16225.54,16316.69,16155.83,16251.84,99190743545
2024-04-18,16253.24,16507.6,16206.55,16385.87,95279892792
2024-04-19,16246.34,16254.9,16044.45,16224.14,106152730572
2024-04-22,16410.83,16637.82,16410.83,16511.69,104924891109
2024-04-23,16679.39,16846.13,16599.21,16828.93,116005714821
2024-04-24,16993.17,17217.86,16934.65,17201.27,129583886057
2024-04-25,17144.12,17438.83,17109.57,17284.54,119911755029
2024-04-26,17336.2,17758.24,17336.2,17651.15,157242222789
2024-04-29,17737.93,18031.16,17679.19,17746.91,163417045834
2024-04-30,17843.44,17902.02,17686.94,17763.03,130860351576
2024-05-02,17760.68,18217.82,17740.62,18207.13,115911755655
2024-05-03,18543.3,18604.17,18362.22,18475.92,116189926780
2024-05-06,18488.55,18590.17,18389.54,18578.3,144486040391
2024-05-07,18577.55,18638.81,18411.02,18479.37,113423728381
2024-05-08,18510.54,18606.56,18298.36,18313.86,128655419463
2024-05-09,18306.25,18560.76,18278.11,18537.81,123694422001
2024-05-10,18669.43,18993.28,18657.51,18963.68,171000967552
2024-05-13,18904.58,19123.48,18827.6,19115.06,147237782433
2024-05-14,19203.82,19301.13,19072.64,19073.71,143085054041
2024-05-16,19262.79,19442.9,19114.38,19376.53,204899096204
2024-05-17,19525.12,19602.24,19342.96,19553.61,179304027961
2024-05-20,19621.43,19706.12,19574.56,19636.22,156476665870
2024-05-21,19473.67,19487.36,19175.8,19220.62,150582688535
2024-05-22,19225.26,19359.68,19149.41,19195.6,126647922762
2024-05-23,19024.41,19024.41,18776.21,18868.71,129935404522
2024-05-24,18742.28,18867.91,18532.41,18608.94,126712011643
2024-05-27,18606.02,18871.13,18504.53,18827.35,118857758836
2024-05-28,18814.01,19000.52,18776.1,18821.16,97763956170
2024-05-29,18659.41,18694.55,18425.09,18477.01,123192631540
2024-05-30,18423.78,18537.92,18163.21,18230.19,125503238703
2024-05-31,18409.62,18551.18,18077.39,18079.61,191750922831
2024-06-03,18283.56,18573.81,18283.56,18403.04,132309847417
2024-06-04,18335.45,18541.03,18335.45,18444.11,116231179731
2024-06-05,18489.78,18724.62,18375.27,18424.96,115626958101
2024-06-06,18577.58,18700.68,18383.8,18476.8,114563329873
2024-06-07,18562.48,18575.69,18302.33,18366.95,133111716220
2024-06-11,18163.12,18267.69,17994.1,18176.34,139806448828
2024-06-12,18032.4,18063.72,17848.76,17937.84,115118128409
2024-06-13,18104.13,18173.53,17971.57,18112.63,107322022259
2024-06-14,18028.07,18109.89,17927.16,17941.78,116223962657
2024-06-17,17848.87,18122.8,17752.96,17936.12,96324303680
2024-06-18,17961.89,18043.48,17854.79,17915.55,92342293713
2024-06-19,18056.22,18448.66,18039.01,18430.39,112758364458
2024-06-20,18453.63,18520.37,18274.2,18335.32,103555474797
2024-06-21,18199.14,18240.13,17968.37,18028.52,129075899184
2024-06-24,17906.36,18032.67,17789.57,18027.71,96473493535
2024-06-25,18088.02,18231.46,17959.07,18072.9,93743066822
2024-06-26,17934.63,18156.35,17934.63,18089.93,95150018279
2024-06-27,17946,17961.92,17677.33,17716.47,104224937908
2024-06-28,17583.19,17865.47,17583.19,17718.61,98886992416
2024-07-02,17669.42,17986.14,17669.42,17769.14,118434158512
2024-07-03,17841.77,18017.76,17808.27,17978.57,113550218936
2024-07-04,18079.72,18133.3,17942.08,18028.28,90796286762
2024-07-05,18035.77,18105.01,17799.61,17799.61,90320933838
2024-07-08,17667.97,17735.58,17453.56,17524.06,89310352347
2024-07-09,17481,17617.64,17376.48,17523.23,94332942773
2024-07-10,17613.5,17765.88,17455.08,17471.67,102339815016
2024-07-11,17629.13,17864.09,17621.05,17832.33,100379851504
2024-07-12,18020.17,18317.31,18020.17,18293.38,119431892924
2024-07-15,18201.48,18243.39,17946.49,18015.94,91146933621
2024-07-16,17845.06,17899.55,17727.98,17727.98,94242658018
2024-07-17,17741.77,17807.68,17658.68,17739.41,104956791391
2024-07-18,17653.23,17864.12,17623.74,17778.41,87535870912
2024-07-19,17603.8,17629.97,17376.23,17417.68,102001899188
2024-07-22,17465.13,17693.35,17313.88,17635.88,93422482910
2024-07-23,17679.55,17707.68,17451.86,17469.36,85825953226
2024-07-24,17454.43,17516.95,17251.26,17311.05,86899040523
2024-07-25,17260.83,17288.46,16964.52,17004.97,105734030305
2024-07-26,17079.67,17229.19,16924.58,17021.31,104670181697
2024-07-29,17196.45,17358.66,17154.12,17238.34,84728209486
2024-07-30,17194.37,17194.37,16971.6,17002.91,89975855007
2024-07-31,17070.86,17400.24,17015.83,17344.6,118866665545
2024-08-01,17327.85,17408.95,17248.12,17304.96,94051197496
2024-08-02,17025.26,17075.52,16865.93,16945.51,100502390866
2024-08-05,16676.82,16944.59,16441.44,16698.36,135014561600
2024-08-06,16861.3,16908.97,16611.14,16647.34,96455317401
2024-08-07,16684.78,16988.26,16684.78,16877.86,95662313832
2024-08-08,16773.04,17023.1,16665.06,16891.83,102836641092
2024-08-09,17097.36,17252.22,17079.35,17090.23,88069550584
2024-08-12,17102.98,17162.76,17002.93,17111.65,70333696809
2024-08-13,17160.21,17252.88,17074.69,17174.06,70846025035
2024-08-14,17233.68,17254.23,17055.7,17113.36,68044761098
2024-08-15,17008.21,17283.65,16926.47,17109.14,87934654164
2024-08-16,17286.04,17473.89,17255.86,17430.16,101405139599
2024-08-19,17569.66,17685.86,17547.65,17569.57,94414682041
2024-08-20,17661.69,17661.69,17449.99,17511.08,74532720496
2024-08-21,17313.86,17415.48,17232.13,17391.01,93830470639
2024-08-22,17497.63,17652.8,17389.94,17641,97408481823
2024-08-23,17521.18,17635.7,17493.08,17612.1,78773112439
2024-08-26,17709.27,17826.05,17709.27,17798.73,83585665454
2024-08-27,17663.8,17879.27,17624.42,17874.67,91922553318
2024-08-28,17847.99,17879.01,17659.29,17692.45,93930051904
2024-08-29,17614.41,17797.17,17502.53,17786.32,108134845005
2024-08-30,17794.41,18202.6,17778.1,17989.07,173499318294
2024-09-02,17862.59,17862.59,17645.92,17691.97,112888764435
2024-09-03,17665.93,17725.51,17583.7,17651.49,79315407975
2024-09-04,17474.74,17531.05,17333.3,17457.34,96982159433
2024-09-05,17469.96,17555.61,17332.49,17444.3,84951607565
2024-09-09,17261.89,17305.91,17067.45,17196.96,133664609095
2024-09-10,17205.42,17297.95,17133.5,17234.09,107394216481
2024-09-11,17051.84,17124.96,16964.28,17108.71,105784582058
2024-09-12,17177.3,17334.19,17127.25,17240.39,91680128955
2024-09-13,17298.35,17540.81,17298.35,17369.09,88879648936
2024-09-16,17252.77,17422.12,17177.08,17422.12,47989578881
2024-09-17,17386.75,17715.77,17368.14,17660.02,63078072896
2024-09-19,17633.93,18071.1,17602.45,18013.16,148754692303
2024-09-20,18069.33,18355.15,18047.13,18258.57,176801553039
2024-09-23,18237.41,18426.92,18212.58,18247.11,124289358686
2024-09-24,18573.92,19002.05,18532.28,19000.56,242398678827
2024-09-25,19592.43,19592.43,19072.72,19129.1,254844812825
2024-09-26,19302.57,19954.06,19176.58,19924.58,302870239036
2024-09-27,20446.74,20743.2,20268.63,20632.3,445747684438
2024-09-30,21175.41,21488.75,20789.93,21133.68,505838402970
2024-10-02,21289.6,22667.74,21289.6,22443.73,434017310020
2024-10-03,22484.04,22484.04,21442.25,22113.51,310343542857
2024-10-04,22015.08,22742.36,21824.68,22736.87,261526378510
2024-10-07,22948.35,23241.74,22719.91,23099.78,296835093207
2024-10-08,22849.23,22902.36,20762.82,20926.79,620437726526
2024-10-09,21290.04,21417.75,20190.53,20637.24,427013884782
2024-10-10,21046,21622.65,20983.94,21251.98,325326523380
2024-10-14,21228.65,21348.86,20693.75,21092.87,277073264871
2024-10-15,21046.19,21095.01,20154.71,20318.79,261288268768
2024-10-16,20144.75,20548.18,20131.34,20286.85,208368676329
2024-10-17,20471.99,20783.35,19977.35,20079.1,191259604352
2024-10-18,20106.65,20952.99,20058.67,20804.11,259055748648
2024-10-21,20730.95,20845.57,20423.09,20478.46,195563262092
2024-10-22,20433.49,20629.48,20380.04,20498.95,154803816134
2024-10-23,20525.44,20942.26,20448.84,20760.15,192648189087
2024-10-24,20576.05,20685.46,20448.46,20489.62,165249168137
2024-10-25,20521.95,20784.47,20521.95,20590.15,161258481768
2024-10-28,20592.74,20669.41,20428.94,20599.36,136321027585
2024-10-29,20729.98,20890.08,20563.74,20701.14,154249318988
2024-10-30,20586.55,20681.52,20270.07,20380.64,166644823352
2024-10-31,20414.2,20553.3,20317.33,20317.33,154479281496
2024-11-01,20427.88,20667.22,20353.34,20506.43,141483289117
2024-11-04,20584.45,20633.58,20446.26,20567.52,116233276909
2024-11-05,20409.94,21006.97,20409.94,21006.97,169910148273
2024-11-06,20791.8,20859.66,20361.92,20538.38,216817716606
2024-11-07,20386.36,20986.31,20370.44,20953.34,219775478483
2024-11-08,21199.96,21355.44,20705.12,20728.19,233096047621
2024-11-11,20258.14,20505.01,20151.38,20426.93,204340391875
2024-11-12,20334.09,20517.24,19761.31,19846.88,234223705487
2024-11-13,19671.92,19840.28,19608.32,19823.45,184618489989
2024-11-14,19626.26,19859.17,19392.59,19435.81,173261841066
2024-11-15,19503.03,19608.24,19332.34,19426.34,155494732824
2024-11-18,19595.5,19781.08,19470.43,19576.61,141085830035
2024-11-19,19699.81,19758.57,19522.59,19663.67,121977390123
2024-11-20,19623.39,19752.93,19575.91,19705.01,114671108717
2024-11-21,19646.04,19764.62,19552.5,19601.11,119267902918
2024-11-22,19613.55,19711.4,19134.59,19229.97,157983393724
2024-11-25,19307.34,19351.06,19102.06,19150.99,183258288441
2024-11-26,19054.4,19295.75,19054.4,19159.2,122287438290
2024-11-27,19187.05,19660.99,19061.6,19603.13,138912125268
2024-11-28,19558.18,19558.18,19312.26,19366.96,108215483320
2024-11-29,19346.62,19658.2,19312.41,19423.61,133501339056
2024-12-02,19442.31,19690.22,19387.2,19550.29,146099021573
2024-12-03,19585.35,19768.32,19386.82,19746.32,126683258943
2024-12-04,19722.15,19823.09,19615.61,19742.46,131197241869
2024-12-05,19578.66,19642.73,19466.69,19560.44,109359440420
2024-12-06,19611.62,19934.72,19566.29,19865.85,162785052751
2024-12-09,19732.28,20433.73,19695.51,20414.09,206529616156
2024-12-10,21070.05,21070.05,20308.86,20311.28,247542431412
2024-12-11,20404.5,20481.37,20100.07,20155.05,141618777747
2024-12-12,20213.24,20546.44,20121.47,20397.05,157753753105
2024-12-13,20238.21,20238.21,19927.27,19971.24,158476623224
2024-12-16,19947.23,20049.21,19726.15,19795.49,134069777239
2024-12-17,19678.03,19930.83,19620.63,19700.48,131989154915
2024-12-18,19884.54,19953.53,19802.22,19864.55,107541143681
2024-12-19,19610.1,19849.03,19591.49,19752.51,142869566923
2024-12-20,19697.06,19875.9,19692.68,19720.7,178460145590
2024-12-23,19843.65,19937.39,19746.46,19883.13,127305531402
2024-12-24,19911.5,20165.46,19908.57,20098.29,84590491619
2024-12-27,20083.44,20184.88,20009.95,20090.46,139518529920
2024-12-30,20124.75,20193.09,19968.07,20041.42,128560050788
2024-12-31,20003.36,20180.4,20003.36,20059.95,74521121498
2025-01-02,19932.8,19932.8,19542.98,19623.32,164784385370
2025-01-03,19708.74,19891.86,19634.07,19760.27,160353594477
2025-01-06,19848.71,19851.55,19627.84,19688.29,121635244573
2025-01-07,19501.45,19668.65,19252.61,19447.58,205717696866
2025-01-08,19390.76,19483.59,19111.54,19279.84,168397054114
2025-01-09,19254.38,19405.74,19227.73,19240.89,129068770724
2025-01-10,19328.07,19370.49,19036.64,19064.29,144698348404
2025-01-13,18918.15,18929.12,18671.49,18874.14,134046668230
2025-01-14,18901.56,19318.36,18901.56,19219.78,157687048372
2025-01-15,19149.94,19319.22,19149.94,19286.07,128526249798
2025-01-16,19454.92,19664.39,19345.19,19522.89,142307175110
2025-01-17,19499.1,19640.37,19423.7,19584.06,122271550679
2025-01-20,19804.64,20093.65,19786.73,19925.81,161375825762
2025-01-21,20128.34,20205.25,19920.31,20106.55,147984651709
2025-01-22,19997.09,20022.34,19733.21,19778.77,135317226306
2025-01-23,19881.32,20044.06,19644.83,19700.56,148514913146
2025-01-24,19842.85,20144,19768.13,20066.19,159808302073
2025-01-27,20118.02,20296.94,20118.02,20197.77,147331519919
2025-01-28,20337.46,20337.46,20165.73,20225.11,51663425649
2025-02-03,20048.87,20222,19764.67,20217.26,124955912013
2025-02-04,20488.29,20885.49,20297.64,20789.96,161875202078
2025-02-05,20827.77,20827.77,20417.39,20597.09,192210824070
2025-02-06,20598.98,20891.62,20532.06,20891.62,178446570705
2025-02-07,20858.52,21213.7,20806.1,21133.54,246372801502
2025-02-10,21223.61,21539.63,21223.61,21521.98,242493022205
2025-02-11,21656.82,21682.41,21279.37,21294.86,219611840289
2025-02-12,21526.41,21858.83,21411.09,21857.92,287162739564
2025-02-13,21958.69,22523.57,21735.56,21814.37,379448359973
2025-02-14,22027.07,22620.33,22027.07,22620.33,364600824857
2025-02-17,22755.06,22977.25,22319.32,22616.23,400236814557
2025-02-18,22664.73,23141.41,22608.18,22976.81,338625559621
2025-02-19,22777.46,22975.34,22649.49,22944.24,262566535084
2025-02-20,22716.71,22849.66,22436.13,22576.98,283942943254
2025-02-21,23090.03,23477.92,22901.69,23477.92,393597904299
2025-02-24,23472.14,23688.45,23221.57,23341.61,356031414791
2025-02-25,22716.48,23248.52,22716.48,23034.02,329551840925
2025-02-26,23238.34,23973.17,23238.34,23787.93,370130762434
2025-02-27,23783.75,24076.53,23441.74,23718.29,406464973221
2025-02-28,23616.18,23616.18,22798.34,22941.32,406264402218
2025-03-03,23135.12,23405.98,22861.75,23006.27,301897755346
2025-03-04,22678.25,23051.01,22547.53,22941.77,269528048807
2025-03-05,23200.42,23636.65,23090.63,23594.21,258689234729
2025-03-06,23987.09,24410.93,23987.09,24369.71,377145913205
2025-03-07,24182.02,24669.62,24065.01,24231.3,383166263058
2025-03-10,24115.98,24292.8,23632.42,23783.49,301814627204
2025-03-11,23274.86,23858.61,23238.36,23782.14,307033877250
2025-03-12,23859.23,23962.03,23363.98,23600.31,278491534605
2025-03-13,23616.33,23712.61,23198.73,23462.65,233832678865
2025-03-14,23653.33,24113.53,23454.49,23959.98,290612538762
2025-03-17,24226,24352.47,24077.15,24145.57,244822216302
2025-03-18,24679.35,24745.13,24475.26,24740.57,285935197053
2025-03-19,24697.63,24874.39,24601.73,24771.14,271859269851
2025-03-20,24753.15,24753.15,24186.69,24219.95,294855342961
2025-03-21,24109.07,24230.72,23577.78,23689.72,339092148233
2025-03-24,23749.58,23967.51,23531.2,23905.56,233108433883
2025-03-25,23643.32,23747.32,23321.67,23344.25,285268946897
2025-03-26,23460.31,23596.85,23350.73,23483.32,199765308312
2025-03-27,23543.86,23865.62,23372.36,23578.8,239640956349
2025-03-28,23672.82,23775.3,23254.3,23426.6,229622466166
2025-03-31,23207.07,23399.73,23002.81,23119.58,257325449489
2025-04-01,23217.11,23456.58,23123.35,23206.84,250230983919
2025-04-02,23167.31,23393.03,22980.96,23202.53,216598250833
2025-04-03,22638.21,22998.3,22638.21,22849.81,289492461562
2025-04-07,20730.05,21047.83,19706.03,19828.3,620897666878
2025-04-08,20157.52,20454.26,19745.14,20127.68,433156673473
2025-04-09,19494.92,20441.14,19260.21,20264.49,412385061984
2025-04-10,20810.43,21211.13,20530.43,20681.78,395534491338
2025-04-11,20557.49,21127.37,20444.04,20914.69,276426038008
2025-04-14,21363.88,21517.32,21224.55,21417.4,253389059989
2025-04-15,21603.52,21603.52,21297.59,21466.27,185064307375
2025-04-16,21316.47,21363.57,20868.36,21056.98,219991684703
2025-04-17,21066.81,21417.64,21039.16,21395.14,192410980246
2025-04-22,21303.51,21592.67,21191.02,21562.32,251381676963
2025-04-23,22080.19,22138.81,21862.87,22072.62,260619470612
2025-04-24,22030.15,22093.68,21712.1,21909.76,204759860325
2025-04-25,22080.44,22267.96,21923.9,21980.74,208036071784
2025-04-28,22072.35,22072.35,21817.85,21971.96,169030807288
2025-04-29,22073.36,22213.51,21918.1,22008.11,177658195123
2025-04-30,22038.73,22129.31,21848.33,22119.41,201552972722
2025-05-02,22192.51,22532.54,22058.3,22504.68,133728321344
2025-05-06,22576.56,22747.63,22449.16,22662.71,213367640493
2025-05-07,23169.83,23197.57,22691.88,22691.88,240050352442
2025-05-08,22589.13,22979.29,22589.13,22775.92,185896280686
2025-05-09,22856.21,22907.91,22692.44,22867.74,161628601632
2025-05-12,23183.81,23685.34,22982.91,23549.46,322426406165
2025-05-13,23494.44,23494.44,23070.48,23108.27,219844934952
2025-05-14,23316.45,23640.65,23278.22,23640.65,222840512466
2025-05-15,23644.4,23710.82,23371.73,23453.16,200208982057
2025-05-16,23249.16,23374.7,23190.31,23345.05,190722009652
2025-05-19,23156.27,23402.2,23059.89,23332.72,184703652012
2025-05-20,23398.35,23709.04,23357,23681.48,205736161828
2025-05-21,23736.43,23917,23697.76,23827.78,216253935597
2025-05-22,23748.58,23778.24,23470.81,23544.31,198229182704
2025-05-23,23557.38,23749.38,23487.4,23601.26,203670645246
2025-05-26,23505.9,23571.02,23234.27,23282.33,223520328650
2025-05-27,23216.87,23419.55,23167.56,23381.99,203268261045
2025-05-28,23385.18,23476.22,23180.17,23258.31,180816274662
2025-05-29,23240.71,23603.82,23207.37,23573.38,226855067156
2025-05-30,23339.64,23375.34,23163.22,23289.77,271562659757
2025-06-02,23043.1,23163.35,22668.35,23157.97,145245380002
2025-06-03,23281.1,23535.37,23281.1,23512.49,203681015438
2025-06-04,23499.78,23716.93,23481.46,23654.03,212686816592
2025-06-05,23828.69,23911.14,23732.31,23906.97,222025663717
2025-06-06,23941.57,23951.14,23773.36,23792.54,235621818495
2025-06-09,23977.54,24181.43,23957.96,24181.43,245828334946
2025-06-10,24231.31,24296.47,24003.38,24162.87,250339369649
2025-06-11,24191.32,24439.35,24179.35,24366.94,235173134168
2025-06-12,24223.12,24288.76,24002.42,24035.38,244412255265
2025-06-13,23959.81,24100.32,23774.92,23892.56,294286969227
2025-06-16,23791.79,24125.05,23718.72,24060.99,229241002786
2025-06-17,24107.34,24131.44,23880.67,23980.3,202143944137
2025-06-18,23859.55,23880.24,23631.48,23710.69,181928025313
2025-06-19,23620.02,23653.55,23185.58,23237.74,220098795418
2025-06-20,23291.4,23538.63,23291.4,23530.48,222422781311
2025-06-23,23335.51,23689.13,23272.75,23689.13,198590595931
2025-06-24,23832.73,24229.21,23832.73,24177.07,240481548695
2025-06-25,24327.82,24533.39,24287.86,24474.67,267800839860
2025-06-26,24345.29,24411.48,24235.54,24325.4,261729330989
2025-06-27,24451.19,24471.53,24194.85,24284.15,275114500521
2025-06-30,24274.91,24274.91,24064.26,24072.28,242233538987
2025-07-02,24304.31,24372.7,24122.57,24221.41,240224918460
2025-07-03,24234.28,24269.14,23920,24069.94,231246702539
2025-07-04,23900.69,24068.51,23690.94,23916.06,267807953735
2025-07-07,23828.85,23910.95,23713.78,23887.83,193790401483
2025-07-08,23927.53,24159.01,23899.6,24148.07,213288748307
2025-07-09,24061.08,24061.08,23827.15,23892.32,233878411560
2025-07-10,23865.64,24087.59,23820.58,24028.37,246727515001
2025-07-11,24033.12,24506.3,24033.12,24139.57,323950214546
2025-07-14,24100.57,24267.84,24097.32,24203.32,210362591420
2025-07-15,24281.94,24590.12,24141.88,24590.12,288400280685
2025-07-16,24704.05,24867.81,24517.75,24517.76,258950550842
2025-07-17,24547.08,24672.51,24447.93,24498.95,236412476805
2025-07-18,24757.83,24825.66,24630.79,24825.66,238690564211
2025-07-21,24991.14,25010.9,24844.8,24994.14,263012380685
2025-07-22,25024.93,25130.03,24900.59,25130.03,266073350792
2025-07-23,25348.3,25538.07,25228.01,25538.07,333066605179
2025-07-24,25528.22,25735.89,25502.49,25667.18,294810921093
2025-07-25,25531.59,25585.73,25355.31,25388.35,281769578029
2025-07-28,25458.87,25667.4,25399.36,25562.13,250298770126
2025-07-29,25454.83,25530.42,25252.32,25524.45,267009871463
2025-07-30,25335.21,25499.57,25082.2,25176.93,319652349896
2025-07-31,24982.87,25000.06,24744.92,24773.33,320632500446
2025-08-01,24744.34,24856.54,24507.63,24507.81,254674288828
2025-08-04,24431.88,24748.76,24372.51,24733.45,234682334471
2025-08-05,24746.81,24925.9,24686.85,24902.53,229398765716
2025-08-06,24864.15,25002.97,24806.46,24910.63,215235373468
2025-08-07,24982.5,25115.16,24820.6,25081.63,245748029086
2025-08-08,24968.31,24999.11,24812.12,24858.82,206719900608
2025-08-11,24946.55,24969.3,24775.73,24906.81,200901848605
2025-08-12,24824.07,25016.29,24801.13,24969.68,215421262005
2025-08-13,25176.52,25613.67,25176.52,25613.67,284040690591
2025-08-14,25766.62,25766.62,25449.8,25519.32,270121180320
2025-08-15,25322.1,25356.54,25167.81,25270.07,312687248054
2025-08-18,25293.34,25466.1,25176.85,25176.85,312782571574
2025-08-19,25241.29,25260.58,25083.2,25122.9,278218261957
2025-08-20,24968.57,25210.9,24887.93,25165.94,285285805666
2025-08-21,25216.42,25216.42,25000.85,25104.61,239486885927
2025-08-22,25205.04,25349.08,25140.08,25339.14,285584116972
2025-08-25,25606.88,25918.86,25590.62,25829.91,369698161764
2025-08-26,25714.91,25819.7,25524.92,25524.92,317870916838
2025-08-27,25626.17,25653.92,25140.17,25201.76,371376053742
2025-08-28,25030.54,25093.65,24808.78,24998.82,391488334450
2025-08-29,25095.45,25277.51,25066.85,25077.62,335601416508
2025-09-01,25508.21,25638.34,25471.35,25617.42,380231039226
2025-09-02,25587.97,25724.73,25416.61,25496.55,328118569834
2025-09-03,25660.65,25789.99,25276.87,25343.43,267647478475
2025-09-04,25489.13,25494.45,25013.26,25058.51,302232861322
2025-09-05,25136.24,25471.8,25090.65,25417.98,299945382632
2025-09-08,25440.01,25664.01,25387.81,25633.91,286043170639
2025-09-09,25711.07,26027.94,25675.28,25938.13,294032882385
2025-09-10,26042.41,26296.6,26017.5,26200.26,288208556821
2025-09-11,25987.49,26241.46,25878.97,26086.32,325205329791
2025-09-12,26539.44,26585.95,26329.66,26388.16,320733872436
2025-09-15,26308.91,26532.75,26280.23,26446.56,290194967781
2025-09-16,26536.63,26601.59,26332.21,26438.51,294069079764
2025-09-17,26554.19,26936.5,26540.57,26908.39,360283600879
2025-09-18,26863.69,27058.03,26322.08,26544.85,413313996085
2025-09-19,26583.03,26637.64,26414.11,26545.1,376812279368
2025-09-22,26459.52,26479.14,26204.01,26344.14,290537148838
2025-09-23,26435.58,26454.09,26003.67,26159.12,294560770950
2025-09-24,26073.69,26562.88,26057.26,26518.65,288772440047
2025-09-25,26536.13,26640.53,26403.52,26484.68,314889687315
2025-09-26,26272.3,26406.05,26072.93,26128.2,323673670947
2025-09-29,26321.57,26687.72,26321.57,26622.88,309096141409
2025-09-30,26674.16,26888.4,26558.28,26855.56,314926135272
2025-10-02,26918.3,27381.84,26918.3,27287.12,222467900789
2025-10-03,27221.46,27262,26972.71,27140.92,134781008934
2025-10-06,27003.92,27145.17,26873.34,26957.77,121257258911
2025-10-08,26900.64,26906.2,26517.45,26829.46,173803304768
2025-10-09,26862.03,26978.41,26480.58,26752.59,386818321278
2025-10-10,26523.89,26558.87,26247.04,26290.32,333736696892
2025-10-13,25634,25895.62,25336.09,25889.48,490365531323
2025-10-14,25969.21,26102.68,25331.64,25441.35,398910432265
2025-10-15,25714.89,25982.21,25593.45,25910.6,315813238887
2025-10-16,25890.01,26062.8,25687.32,25888.51,275431244448
2025-10-17,25851.94,25859.82,25145.34,25247.1,314623705795
2025-10-20,25884.46,25912.77,25710.61,25858.83,239160614955
2025-10-21,26160.24,26367.35,26017.72,26027.55,264656947629
2025-10-22,25897.62,25947.88,25653.75,25781.77,227536449392
2025-10-23,25718.53,26080.84,25591.66,25967.98,245255670666
2025-10-24,26177.11,26239.96,26063.99,26160.15,226613804901
2025-10-27,26495.97,26495.97,26319.22,26433.7,267077170881
2025-10-28,26508.75,26519.24,26245.33,26346.14,242699835898
2025-10-30,26545.92,26588.89,26138.79,26282.69,353804446790
2025-10-31,26263.01,26283.96,25906.65,25906.65,257612084201
2025-11-03,25999.17,26217.12,25920.27,26158.36,228675522140
2025-11-04,26148.07,26291.65,25911.79,25952.4,239986430021
2025-11-05,25701.63,25980.9,25496.13,25935.41,238824619621
2025-11-06,26061.58,26490.71,26061.58,26485.9,234653084614
2025-11-07,26350.74,26371.46,26167.23,26241.83,209644285738
2025-11-10,26319.4,26668.89,26302.93,26649.06,214787845707
2025-11-11,26748.09,26788.43,26511.25,26696.41,210231454943
2025-11-12,26754.93,27016.4,26739.09,26922.73,236395162629
2025-11-13,26779.48,27188.81,26733.21,27073.03,270673066163
2025-11-14,26660.31,26881.88,26535.42,26572.46,232788089130
2025-11-17,26441.7,26531.8,26252.36,26384.28,217612724417
2025-11-18,26172.27,26188.82,25821.84,25930.03,242111639876
2025-11-19,25954.23,26045.37,25742.07,25830.65,211426433839
2025-11-20,25999.78,26046.76,25692.13,25835.57,245135668797
2025-11-21,25460.42,25483.67,25178.63,25220.02,285702283008
2025-11-24,25452.87,25770.45,25369.29,25716.5,302641831242
2025-11-25,25948.9,26069.22,25740.54,25894.55,231148531529
2025-11-26,26046.74,26136.27,25907.06,25928.08,207077513478
2025-11-27,25945.54,26123.69,25822.66,25945.93,204728068298
2025-11-28,26011.06,26011.06,25807.55,25858.89,146204011983
2025-12-01,25945.87,26179.72,25913.98,26033.26,200884232194
2025-12-02,26188.55,26264.13,25989.45,26095.05,178246774195
2025-12-03,25980.89,25996.88,25724.82,25760.73,164360670118
2025-12-04,25804.01,25990.73,25649.3,25935.9,179305874092
2025-12-05,25833.11,26131.61,25758.17,26085.08,210472620146
2025-12-08,26067.86,26151.46,25755.01,25765.36,206230253465
2025-12-09,25780.97,25820.31,25386.58,25434.23,210235876843
2025-12-10,25435.49,25540.78,25257.61,25540.78,193391858894
2025-12-11,25710.61,25801.34,25471.5,25530.51,182477057541
2025-12-12,25761.41,26006.47,25697.43,25976.79,242656945340
2025-12-15,25718.14,25824.44,25609.28,25628.88,204288665220
2025-12-16,25547.92,25547.92,25086.54,25235.41,201527765645
2025-12-17,25243.59,25494.94,25168.19,25468.78,183140540079
2025-12-18,25330.83,25511.84,25261.38,25498.13,162377451432
2025-12-19,25634.22,25747.01,25545.92,25690.53,221186355343
2025-12-22,25795.94,25859.61,25671.33,25801.77,169777036627
2025-12-23,25875.85,25927.66,25726.45,25774.14,157131425683
2025-12-24,25780.09,25890.87,25772.87,25818.93,92524183099
2025-12-29,25928.89,26082.94,25630.75,25635.23,224508358383
2025-12-30,25636.4,25930.22,25611.23,25854.6,199769065175
2025-12-31,25801.49,25808.52,25554.31,25630.54,118965851132
2026-01-02,25717.42,26345.63,25717.42,26338.47,140863936026
2026-01-05,26361.44,26445.5,26256,26347.24,283462308937
2026-01-06,26502.4,26858.13,26498.36,26710.45,291758187653
2026-01-07,26601.83,26616.94,26313.51,26458.95,276133714363
2026-01-08,26302.78,26305.69,25960.34,26149.31,268274751780
2026-01-09,26272.54,26299.32,26114.41,26231.79,245129966729
2026-01-12,26376.84,26608.48,26187.76,26608.48,306223398889
2026-01-13,26958.52,27143.66,26729.54,26848.47,315192466971
2026-01-14,26971.97,27097.72,26780.27,26999.81,340393440645
2026-01-15,26972.36,27206.84,26808.35,26923.62,290455330183
2026-01-16,27094.85,27176.31,26741.54,26844.96,255078624879
2026-01-19,26641.6,26715.58,26533.67,26563.9,225688504812
2026-01-20,26544.9,26638.55,26363.86,26487.51,237765786869
2026-01-21,26397.04,26692.78,26397.04,26585.06,250451419799
2026-01-22,26750.51,26779.22,26499.14,26629.96,234860062905
2026-01-23,26861.36,26895.94,26689.73,26749.51,240872174034
2026-01-26,26844.04,26911.44,26619.83,26765.52,261698846191
2026-01-27,26863.15,27188.9,26829.71,27126.95,254372617923
2026-01-28,27325.89,27826.91,27258.1,27826.91,361523100192
2026-01-29,27627.11,28056.1,27611.9,27968.09,331994167277
2026-01-30,27785.98,27887.24,27384.02,27387.11,301612398983
2026-02-02,27097.34,27100.09,26507.62,26775.57,347885741255
2026-02-03,26995.76,27126.48,26431.8,26834.77,335152488425
2026-02-04,26797.05,27004.22,26593.18,26847.32,285432803936
2026-02-05,26627.95,26919.39,26410.77,26885.24,315112240338
2026-02-06,26354.34,26710.34,26295.03,26559.95,247865325139
2026-02-09,26982.49,27111.54,26879.1,27027.16,255141608011
2026-02-10,27202.96,27397.65,27104.82,27183.15,234039585144
2026-02-11,27246.18,27325.98,27133.77,27266.38,217217515456
2026-02-12,27210.56,27215.63,26932.56,27032.54,238705043722
2026-02-13,26640.16,26774.44,26444.46,26567.12,257577592525
2026-02-16,26501.2,26734.41,26382.41,26705.94,84996586230
2026-02-20,26657.84,26694.34,26356.96,26413.35,165372681288
2026-02-23,26798.97,27156.28,26798.97,27081.91,172963345616
2026-02-24,26913.68,26913.68,26480.86,26590.32,250992144844
2026-02-25,26745.2,26870.03,26632.53,26765.72,236765139478
2026-02-26,27019.74,27024.07,26373.01,26381.02,259276862714
2026-02-27,26447.05,26701.5,26375.7,26630.54,288420375170
2026-03-02,26305.58,26403.85,25882.95,26059.85,357678664200
2026-03-03,26190.24,26218.93,25727,25768.08,370545422624
2026-03-04,25469.34,25470.05,24958.43,25249.48,364303855050
2026-03-05,25583.65,25736.6,25236.68,25321.34,321872065059
2026-03-06,25358.56,25806.72,25267.63,25757.29,292766015238
2026-03-09,25075.74,25442.62,24906,25408.46,392330379145
2026-03-10,25740.29,25959.9,25611.79,25959.9,330928749702
2026-03-11,26112.08,26149.64,25819.1,25898.76,254481335544
2026-03-12,25719.47,25932.58,25521.15,25716.76,242180288169
2026-03-13,25583.55,25697.17,25419.87,25465.6,246542129342
2026-03-16,25436.27,25856.73,25317.81,25834.02,264453396002
2026-03-17,25938.43,26250.14,25844.95,25868.54,268258756961
2026-03-18,25923.03,26117.95,25791.82,26025.42,240373872827
2026-03-19,25550.56,25737.83,25449.06,25500.58,306213502845
2026-03-20,25337.28,25563.88,25121.46,25277.32,342517507758
2026-03-23,24789.14,24789.14,24203.54,24382.47,368677379544
2026-03-24,24759.82,25077.09,24555.5,25063.71,303073359907
2026-03-25,25280.52,25390.3,25015.2,25335.95,350932898059
2026-03-26,25267.16,25278.03,24793.1,24856.43,261662366425
2026-03-27,24768.66,25095.57,24712.92,24951.88,263080823220
2026-03-30,24532.85,24811.86,24409.57,24750.79,285434883705
2026-03-31,24818.2,24988.53,24559.57,24788.14,255759570871
2026-04-01,25357.23,25429.76,25203.69,25294.03,291421115093
2026-04-02,25254.49,25254.49,24901.77,25116.53,243627538737
2026-04-08,25772.56,25934.18,25668.67,25893.02,372437019317
2026-04-09,25756.41,25854.8,25653.63,25752.4,244977182471
2026-04-10,25891.88,26073.97,25843.65,25893.54,246316510217
2026-04-13,25708.64,25717.38,25508.53,25660.85,207908967478
2026-04-14,25929.4,25995.09,25668.53,25872.32,236775978479
2026-04-15,26168.25,26216.58,25947.32,25947.32,245587755924
2026-04-16,26122.8,26403.07,26122.8,26394.26,256227932806
2026-04-17,26210.97,26280.96,26015.44,26160.33,238042048139
2026-04-20,26204.61,26411.69,26094.64,26361.07,241462799535
2026-04-21,26442.29,26529.49,26342.02,26487.48,205177368274
2026-04-22,26303.6,26303.6,26073.45,26163.24,228302621593
2026-04-23,26098.81,26115.07,25840.55,25915.2,255379332095
2026-04-24,25733.61,26004.59,25639.26,25978.07,236722576877
2026-04-27,25976.97,26086.02,25858.24,25925.65,251634240439
2026-04-28,25814.37,25896.66,25609.61,25679.78,262333399874
2026-04-29,25842.63,26132.94,25811.46,26111.84,258280787707
2026-04-30,26008.32,26072.24,25734.16,25776.53,291552653621
2026-05-04,26138.34,26326.44,26091.86,26095.88,176979142168
2026-05-05,25945.75,25945.75,25690.36,25898.61,122234723047
2026-05-06,26029.65,26213.78,25877.82,26213.78,304737060296
2026-05-07,26531.35,26669.26,26518.79,26626.28,312489067872
2026-05-08,26359.79,26470.49,26274.8,26393.71,279754465567
2026-05-11,26310.87,26427.14,26219.26,26406.84,288491377302
2026-05-12,26497.03,26592.37,26328.84,26347.91,262647121559
2026-05-13,26369.99,26458.9,26220.12,26388.44,277770704455
2026-05-14,26836.66,26844.8,26366.86,26389.04,306701926280
2026-05-15,26391.02,26391.02,25847.15,25962.73,325385515870
2026-05-18,25838.96,25838.96,25505.71,25675.18,292712398554
2026-05-19,25693.37,25845.46,25671.12,25797.85,272165877552
2026-05-20,25709.62,25713.53,25555.06,25651.12,262097785875
2026-05-21,25833.24,25833.71,25341.73,25386.52,298552383558
2026-05-22,25641.8,25732.36,25483.24,25606.03,281298176821
2026-05-26,25622.36,25768.38,25431.17,25599.45,359475745516
2026-05-27,25608.78,25638.41,25258.03,25328.23,320758194309
2026-05-28,25230.58,25230.58,24727.26,25006.16,356344603298
2026-05-29,25161.52,25313.33,25055.8,25182.39,462070141280
2026-06-01,25180.05,25486.76,25174.3,25398.18,330936798422
2026-06-02,25395.07,26045.07,25394.64,26038.32,373780074809
2026-06-03,25953.01,25953.01,25569.45,25633.21,322921049290
2026-06-04,25465.3,25499.09,25188.02,25253.4,270230405510
2026-06-05,25186.12,25216.18,24928.14,24961.95,342805366102
2026-06-08,24582.91,24837.98,24458.54,24657.06,363974709712
2026-06-09,24551.93,24740.65,24486.39,24565.9,308916051395
2026-06-10,24442.52,24505.96,24207.03,24407.96,320553876726
2026-06-11,24380.02,24492.71,23999.67,24249.29,288573744236
2026-06-12,24501.5,24771.61,24445.51,24718.1,316438308281
2026-06-15,25001.42,25047.9,24796.3,24842.67,283353409700
2026-06-16,24826.19,24844.98,24378.69,24493.95,249884957668
2026-06-17,24495.85,24560.19,24254.07,24312.16,270412058257
2026-06-18,24145.19,24163.25,23749.99,23924.81,358714541610
2026-06-22,23811.76,23863.71,23444.86,23768.52,348616492428
2026-06-23,23800.02,23825.81,23252.13,23336.28,334361217366
2026-06-24,23420.7,23565.65,23248.87,23412.18,322918155916
2026-06-25,23388.5,23388.5,22978.59,23076.91,325784690822
2026-06-26,22952.09,22962.46,22518,22671.86,342100755868
2026-06-29,22827.65,23183.17,22783.64,23026.68,315378606476
2026-06-30,23007.87,23086.85,22685.14,22881.02,308049565240
2026-07-02,23071.43,23335.92,22953.7,23055.03,369633022352
2026-07-03,23240.85,23516.7,23226.2,23350.03,304953842786
2026-07-06,23404.61,23686.56,23229.38,23616.32,314717412513
2026-07-07,23568.49,23820.92,23398.27,23496.89,319711064238
2026-07-08,23541.22,24310.92,23541.22,24199.46,375835056875
2026-07-09,24181.34,24353.76,23917.32,24030.18,377247540250
2026-07-10,24213.44,24499.63,24064.62,24175.12,339592388282
2026-07-13,24157.65,24449.77,24095.73,24213.72,309514612752
2026-07-14,24181.52,24436.58,23902.05,24340.73,312915541773
2026-07-15,24551.34,24774.84,24449.53,24681.1,304297167603
2026-07-16,24825.02,25221.44,24825.02,25008.6,322892417705
2026-07-17,25022.54,25166.56,24332.51,24562.24,347325308302
2026-07-20,24835.03,25155.55,24756.36,25143.05,306413327345
2026-07-21,25150.54,25253.65,24991.39,25132.29,289942659972
2026-07-22,24978.9,25040.27,24802.06,24892.66,312763058957
2026-07-23,24966.53,25267.39,24876.83,25210.81,233480363901
2026-07-24,24932.5,25031.34,24812.5,24963.23,209876832851
2026-07-27,24993.77,25276.96,24938.34,25207.18,210499941000
2026-07-28,25271.95,25440.68,25069.85,25310.85,250632527482
2026-07-29,25487.16,25808.93,25487.16,25807.92,312233275667
2026-07-30,25875.83,25971.63,25657.33,25858.88,304894260851
2026-07-31,25837.72,25917.2,25622.92,25884.43,328177691003
2026-08-03,25987.31,26133.88,25811.74,26009.4,255178953156
2026-08-04,26090.98,26187.57,25768.04,25852.92,257819451492
2026-08-05,25890.99,25973.94,25729.86,25915.82,278042688687
2026-08-06,25667.14,25667.14,25389.42,25530.28,255226758588
2026-08-07,25526.65,25669.52,25393.13,25668.03,259685732142
2026-08-10,25805.18,25957.75,25720.46,25937.49,240279657390
2026-08-11,25998.59,26060.32,25647.66,25652.82,210942449349
2026-08-12,25498.39,25498.39,25323.33,25440.17,216779070946
2026-08-13,25288.07,25519.39,25288.07,25396.51,263710072490
2026-08-14,25219.15,25311.86,25089.14,25116.85,254179239620
2026-08-17,25303.41,25578.27,25303.41,25453.23,210770397255
2026-08-18,25368.87,25518.03,25240.62,25471.15,255540862522
2026-08-19,25346.9,25537.19,25315.32,25495.07,253174985368
2026-08-20,25779.08,25842.91,25632.39,25698.49,269118535371
2026-08-21,25807.61,26009.46,25807.61,26009.46,257277433846
2026-08-24,25780.12,25780.12,25430.94,25517.33,291151406077
2026-08-25,25634.22,25676.77,25403.44,25511.1,254079243864
2026-08-26,25635.24,25800.22,25615.94,25652.97,254823556432
2026-08-27,25774.87,25792.01,25500.96,25565.74,233514818711
2026-08-28,25410.46,25699.09,25410.46,25584.79,231209331210