Date,Open,High,Low,Close,Volume
2018-09-13,2896.85,2906.76,2896.39,2904.18,2145350286
2018-09-14,2906.38,2908.3,2895.77,2904.98,1896515785
2018-09-17,2903.83,2904.65,2886.16,2888.8,1855645865
2018-09-18,2890.74,2911.17,2890.43,2904.31,1947735430
2018-09-19,2906.6,2912.36,2903.82,2907.95,1942348471
2018-09-20,2919.73,2934.8,2919.73,2930.75,2102348032
2018-09-21,2936.76,2940.91,2927.11,2929.67,2146890484
2018-09-24,2921.83,2923.79,2912.63,2919.37,2105481492
2018-09-25,2921.75,2923.95,2913.7,2915.56,2034744657
2018-09-26,2916.98,2931.15,2903.28,2905.97,2053174998
2018-09-27,2911.65,2927.22,2909.27,2914,1803057925
2018-09-28,2910.03,2920.53,2907.5,2913.98,2144141885
2018-10-01,2926.29,2937.06,2917.91,2924.59,2131491189
2018-10-02,2923.8,2931.42,2919.37,2923.43,2060042938
2018-10-03,2931.69,2939.86,2921.36,2925.51,2101579719
2018-10-04,2919.35,2919.78,2883.92,2901.61,2105861176
2018-10-05,2902.54,2909.64,2869.29,2885.57,2091494758
2018-10-08,2877.53,2889.45,2862.08,2884.43,2013126777
2018-10-09,2882.51,2894.83,2874.27,2880.34,2136559731
2018-10-10,2873.9,2874.02,2784.86,2785.68,2147401699
2018-10-11,2776.87,2795.14,2710.51,2728.37,2147463514
2018-10-12,2770.54,2775.77,2729.44,2767.13,2147168245
2018-10-15,2763.83,2775.99,2749.03,2750.79,2023151751
2018-10-16,2767.05,2813.46,2766.91,2809.92,2137274737
2018-10-17,2811.67,2816.94,2781.81,2809.21,2120418821
2018-10-18,2802,2806.04,2755.18,2768.78,2146435206
2018-10-19,2775.66,2797.77,2760.27,2767.78,2145221961
2018-10-22,2773.94,2778.94,2749.22,2755.88,2145854246
2018-10-23,2721.03,2753.59,2691.43,2740.69,2147408801
2018-10-24,2737.87,2742.59,2651.89,2656.1,2147332195
2018-10-25,2674.88,2722.7,2667.84,2705.57,2147419527
2018-10-26,2667.86,2692.38,2628.16,2658.69,2147473303
2018-10-29,2682.65,2706.85,2603.54,2641.25,2147273855
2018-10-30,2640.68,2685.43,2635.34,2682.63,2147380842
2018-10-31,2705.6,2736.69,2705.6,2711.74,2147473372
2018-11-01,2717.58,2741.67,2708.85,2740.37,2147405477
2018-11-02,2745.45,2756.55,2700.44,2723.06,2147405764
2018-11-05,2726.37,2744.27,2717.94,2738.31,2147459458
2018-11-06,2738.4,2756.82,2737.08,2755.45,2102933250
2018-11-07,2774.13,2815.15,2774.13,2813.89,2123490483
2018-11-08,2806.38,2814.75,2794.99,2806.83,2147351020
2018-11-09,2794.1,2794.1,2764.24,2781.01,2147174097
2018-11-12,2773.93,2775.99,2722,2726.22,2131253635
2018-11-13,2730.05,2754.6,2714.98,2722.18,2142608408
2018-11-14,2737.9,2746.8,2685.75,2701.58,2147409163
2018-11-15,2693.52,2735.38,2670.75,2730.2,2146808184
2018-11-16,2718.54,2746.75,2712.16,2736.27,2147360083
2018-11-19,2730.74,2733.16,2681.09,2690.73,2147399029
2018-11-20,2654.6,2669.44,2631.52,2641.89,2147447046
2018-11-21,2657.74,2670.73,2649.82,2649.93,2052551182
2018-11-23,2633.36,2647.55,2631.09,2632.56,996600641
2018-11-26,2649.97,2674.35,2649.97,2673.45,2147097362
2018-11-27,2663.75,2682.53,2655.89,2682.17,2147396906
2018-11-28,2691.45,2744,2684.38,2743.79,2135243012
2018-11-29,2736.97,2753.75,2722.94,2737.76,2102760317
2018-11-30,2737.76,2760.88,2732.76,2760.17,2101760265
2018-12-03,2790.5,2800.18,2773.38,2790.37,2147397473
2018-12-04,2782.43,2785.93,2697.18,2700.06,2147238652
2018-12-06,2663.51,2696.15,2621.53,2695.95,2147436616
2018-12-07,2691.26,2708.54,2623.14,2633.08,2147023553
2018-12-10,2630.86,2647.51,2583.23,2637.72,2147439615
2018-12-11,2664.44,2674.35,2621.3,2636.78,2147418269
2018-12-12,2658.23,2685.44,2650.26,2651.07,2144827198
2018-12-13,2658.7,2670.19,2637.27,2650.54,2146130844
2018-12-14,2629.68,2635.07,2593.84,2599.95,2146785104
2018-12-17,2590.75,2601.13,2530.54,2545.94,2147144208
2018-12-18,2559.9,2573.99,2528.71,2546.16,2147357028
2018-12-19,2547.05,2585.29,2488.96,2506.96,3183382307
2018-12-20,2496.77,2509.63,2441.18,2467.42,3623382307
2018-12-21,2465.38,2504.41,2408.55,2416.62,4947382307
2018-12-24,2400.56,2410.34,2351.1,2351.1,1724366735
2018-12-26,2363.12,2467.76,2346.58,2467.7,2731627234
2018-12-27,2442.5,2489.1,2397.94,2488.83,2552054898
2018-12-28,2498.77,2520.27,2472.89,2485.74,2209845401
2018-12-31,2498.94,2509.24,2482.82,2506.85,1998138057
2019-01-02,2476.96,2519.49,2467.47,2510.03,2233765369
2019-01-03,2491.92,2493.14,2443.96,2447.89,2754752741
2019-01-04,2474.33,2538.07,2474.33,2531.94,2661709794
2019-01-07,2535.61,2566.16,2524.56,2549.69,2526552370
2019-01-08,2568.11,2579.82,2547.56,2574.41,2458286256
2019-01-09,2580,2595.32,2568.89,2584.96,2463516870
2019-01-10,2573.51,2597.82,2562.02,2596.64,2330498011
2019-01-11,2588.11,2596.27,2577.4,2596.26,2063515116
2019-01-14,2580.31,2589.32,2570.41,2582.61,2242883039
2019-01-15,2585.1,2613.08,2585.1,2610.3,2299611814
2019-01-16,2614.75,2625.76,2612.68,2616.1,2417328891
2019-01-17,2609.28,2645.06,2606.36,2635.96,2450727381
2019-01-18,2651.27,2675.47,2647.58,2670.71,2617844977
2019-01-22,2657.88,2657.88,2617.27,2632.9,2590517040
2019-01-23,2643.48,2653.19,2612.86,2638.7,2239098706
2019-01-24,2638.84,2647.2,2627.01,2642.33,2434655642
2019-01-25,2657.44,2672.38,2657.33,2664.76,2499715080
2019-01-28,2644.97,2644.97,2624.06,2643.85,2314399422
2019-01-29,2644.89,2650.93,2631.05,2640,2148988595
2019-01-30,2653.62,2690.44,2648.34,2681.05,2544657931
2019-01-31,2685.49,2708.95,2678.65,2704.1,3383825891
2019-02-01,2702.32,2716.66,2696.88,2706.53,2431455095
2019-02-04,2706.49,2724.99,2698.75,2724.87,2070561799
2019-02-05,2728.34,2738.98,2724.03,2737.7,2175721319
2019-02-06,2735.05,2738.08,2724.15,2731.61,2056291740
2019-02-07,2717.53,2719.32,2687.26,2706.05,2449415197
2019-02-08,2692.36,2708.07,2681.83,2707.88,2219273583
2019-02-11,2712.4,2718.05,2703.79,2709.8,1977782524
2019-02-12,2722.61,2748.19,2722.61,2744.73,2290316191
2019-02-13,2750.3,2761.85,2748.63,2753.03,2141980853
2019-02-14,2743.5,2757.9,2731.23,2745.73,2141245049
2019-02-15,2760.24,2775.66,2760.24,2775.6,2385153253
2019-02-19,2769.28,2787.33,2767.29,2779.76,1984414955
2019-02-20,2779.05,2789.88,2774.06,2784.7,2139229517
2019-02-21,2780.24,2781.58,2764.55,2774.88,1979489005
2019-02-22,2780.67,2794.2,2779.11,2792.67,2087754963
2019-02-25,2804.35,2813.49,2794.99,2796.11,2303642371
2019-02-26,2792.36,2803.12,2789.47,2793.9,2033263150
2019-02-27,2787.5,2795.76,2775.13,2792.38,2053868016
2019-02-28,2788.11,2793.73,2782.51,2784.49,2492903684
2019-03-01,2798.22,2808.02,2787.38,2803.69,2250380361
2019-03-04,2814.37,2816.88,2767.66,2792.81,2245925091
2019-03-05,2794.41,2796.44,2782.97,2789.65,2118384032
2019-03-06,2790.27,2790.27,2768.69,2771.45,2111486429
2019-03-07,2766.53,2767.25,2739.09,2748.93,2280991903
2019-03-08,2730.79,2744.13,2722.27,2743.07,1971521128
2019-03-11,2747.61,2784,2747.61,2783.3,2054706192
2019-03-12,2787.34,2798.32,2786.73,2791.52,1995476094
2019-03-13,2799.78,2821.24,2799.78,2810.92,2162511945
2019-03-14,2810.38,2815,2803.46,2808.48,2052995330
2019-03-15,2810.79,2830.73,2810.79,2822.48,3734916446
2019-03-18,2822.61,2835.41,2821.99,2832.94,2031400901
2019-03-19,2840.76,2852.42,2823.27,2832.57,2243489044
2019-03-20,2831.34,2843.54,2812.43,2824.23,2289335844
2019-03-21,2819.72,2860.31,2817.38,2854.88,2323248426
2019-03-22,2844.52,2846.16,2800.47,2800.71,2485350165
2019-03-25,2796.01,2809.79,2785.02,2798.36,1931448289
2019-03-26,2812.66,2829.87,2803.99,2818.46,1911821679
2019-03-27,2819.72,2825.56,2787.72,2805.37,1918159251
2019-03-28,2809.4,2819.71,2798.77,2815.44,1774788228
2019-03-29,2828.27,2836.03,2819.23,2834.4,2184384245
2019-04-01,2848.63,2869.4,2848.63,2867.19,2065945466
2019-04-02,2868.24,2872.9,2858.75,2867.24,1874915359
2019-04-03,2876.09,2885.25,2865.17,2873.4,2216125460
2019-04-04,2873.99,2881.28,2867.14,2879.39,1740949270
2019-04-05,2884.16,2893.24,2882.99,2892.74,1747286390
2019-04-08,2888.46,2895.95,2880.78,2895.77,1744343429
2019-04-09,2886.58,2886.88,2873.33,2878.2,1712480401
2019-04-10,2881.37,2889.71,2879.13,2888.21,1595773627
2019-04-11,2891.92,2893.42,2881.99,2888.32,1625618352
2019-04-12,2900.86,2910.54,2898.37,2907.41,2175148651
2019-04-15,2908.32,2909.6,2896.48,2905.58,1719879708
2019-04-16,2912.26,2916.06,2900.71,2907.06,2059164390
2019-04-17,2916.04,2918,2895.45,2900.45,2310102579
2019-04-18,2904.81,2908.4,2891.9,2905.03,2079240009
2019-04-22,2898.78,2909.51,2896.35,2907.97,1747453728
2019-04-23,2909.99,2936.31,2908.53,2933.68,2171881377
2019-04-24,2934,2936.83,2926.05,2927.25,2035575785
2019-04-25,2928.99,2933.1,2912.84,2926.17,2089426293
2019-04-26,2925.81,2939.88,2917.56,2939.88,2080498109
2019-04-29,2940.58,2949.52,2939.35,2943.03,1848856715
2019-04-30,2937.14,2948.22,2924.11,2945.83,2364280370
2019-05-01,2952.33,2954.13,2923.36,2923.73,2227214304
2019-05-02,2922.16,2931.68,2900.5,2917.52,2136002298
2019-05-03,2929.21,2947.85,2929.21,2945.64,1880651493
2019-05-06,2908.89,2937.32,2898.21,2932.47,1857443096
2019-05-07,2913.03,2913.03,2862.6,2884.05,2283553857
2019-05-08,2879.61,2897.96,2873.28,2879.42,1919367284
2019-05-09,2859.84,2875.97,2836.4,2870.72,2122567271
2019-05-10,2863.1,2891.31,2825.39,2881.4,2004542780
2019-05-13,2840.19,2840.19,2801.43,2811.87,2324156702
2019-05-14,2820.12,2852.54,2820.12,2834.41,1947348885
2019-05-15,2820.38,2858.68,2815.08,2850.96,1877762469
2019-05-16,2855.8,2892.15,2855.8,2876.32,1925487672
2019-05-17,2858.6,2885.48,2854.23,2859.53,1887749622
2019-05-20,2841.94,2853.86,2831.29,2840.23,1899719090
2019-05-21,2854.02,2868.88,2854.02,2864.36,1802041253
2019-05-22,2856.06,2865.47,2851.11,2856.27,1794215276
2019-05-23,2836.7,2836.7,2805.49,2822.24,2225395776
2019-05-24,2832.41,2841.36,2820.19,2826.06,1601399137
2019-05-28,2830.03,2840.51,2801.58,2802.39,2487317339
2019-05-29,2790.25,2792.03,2766.06,2783.02,2100549012
2019-05-30,2786.94,2799,2776.74,2788.86,1757961173
2019-05-31,2766.15,2768.98,2750.52,2752.06,2206214289
2019-06-03,2751.53,2763.07,2728.81,2744.45,2421191119
2019-06-04,2762.64,2804.49,2762.64,2803.27,2294213172
2019-06-05,2818.09,2827.28,2800.92,2826.15,2031189576
2019-06-06,2828.51,2852.1,2822.45,2843.49,1949547652
2019-06-07,2852.87,2884.97,2852.87,2873.34,1848513805
2019-06-10,2885.83,2904.77,2885.51,2886.73,1854780007
2019-06-11,2903.27,2910.61,2878.53,2885.72,2038179621
2019-06-12,2882.73,2888.57,2874.68,2879.84,1618915586
2019-06-13,2886.24,2895.24,2881.99,2891.64,1638957193
2019-06-14,2886.82,2894.45,2879.62,2886.98,1562976924
2019-06-17,2889.75,2897.27,2887.3,2889.67,1579314342
2019-06-18,2906.71,2930.79,2905.44,2917.75,2003753210
2019-06-19,2920.55,2931.74,2911.43,2926.46,1864220237
2019-06-20,2949.6,2958.06,2931.5,2954.18,2057677854
2019-06-21,2952.71,2964.15,2946.87,2950.46,3033185232
2019-06-24,2951.42,2954.92,2944.05,2945.35,1733220416
2019-06-25,2945.78,2946.52,2916.01,2917.38,2020032887
2019-06-26,2926.07,2932.59,2912.99,2913.78,2005584141
2019-06-27,2919.66,2929.3,2918.57,2924.92,1725782515
2019-06-28,2932.94,2943.98,2929.05,2941.76,2959726110
2019-07-01,2971.41,2977.93,2952.22,2964.33,2042077046
2019-07-02,2964.66,2973.21,2955.92,2973.01,1656797094
2019-07-03,2978.08,2995.84,2977.96,2995.82,1093866706
2019-07-05,2984.25,2994.03,2967.97,2990.41,1287369510
2019-07-08,2979.77,2980.76,2970.09,2975.95,1554002628
2019-07-09,2965.52,2981.9,2963.44,2979.63,1636493097
2019-07-10,2989.3,3002.98,2984.62,2993.07,1643619368
2019-07-11,2999.62,3002.33,2988.8,2999.91,1731135974
2019-07-12,3003.36,3013.92,3001.87,3013.77,1609598303
2019-07-15,3017.8,3017.8,3008.77,3014.3,1604048494
2019-07-16,3012.13,3015.02,3001.15,3004.04,1742567428
2019-07-17,3005.1,3005.26,2984.25,2984.42,1743301026
2019-07-18,2978.87,2998.28,2973.09,2995.11,1793633457
2019-07-19,3004.26,3006.02,2975.86,2976.61,1872665473
2019-07-22,2981.93,2990.71,2976.65,2985.03,1667005218
2019-07-23,2994.74,3005.9,2988.56,3005.47,1870688759
2019-07-24,2998.77,3019.59,2996.82,3019.56,1925226952
2019-07-25,3016.26,3016.31,2997.24,3003.67,1977743265
2019-07-26,3013.25,3027.98,3012.59,3025.86,1807302584
2019-07-29,3024.47,3025.61,3014.3,3020.97,1761304156
2019-07-30,3007.66,3017.19,3000.94,3013.18,1837519861
2019-07-31,3016.22,3017.4,2958.08,2980.38,2731633880
2019-08-01,2980.32,3013.59,2945.23,2953.56,2707086272
2019-08-02,2943.9,2945.5,2914.11,2932.05,2210278484
2019-08-05,2898.07,2898.07,2822.12,2844.74,2614970778
2019-08-06,2861.18,2884.4,2847.42,2881.77,2177203736
2019-08-07,2858.65,2892.17,2825.71,2883.98,2360893677
2019-08-08,2896.21,2938.72,2894.47,2938.09,2209464226
2019-08-09,2930.51,2935.75,2900.15,2918.65,1888617136
2019-08-12,2907.07,2907.58,2873.14,2883.09,1440439051
2019-08-13,2880.72,2943.31,2877.05,2926.32,2129331307
2019-08-14,2894.15,2894.15,2839.64,2840.6,2543385216
2019-08-15,2846.2,2856.67,2825.51,2847.6,2421109975
2019-08-16,2864.74,2893.63,2864.74,2888.68,2063083134
2019-08-19,2913.48,2931,2913.48,2923.65,1779496092
2019-08-20,2919.01,2923.63,2899.6,2900.51,1678619163
2019-08-21,2922.04,2928.73,2917.91,2924.43,1587398599
2019-08-22,2930.94,2939.08,2904.51,2922.95,1586736328
2019-08-23,2911.07,2927.01,2834.97,2847.11,2353651930
2019-08-26,2866.7,2879.27,2856,2878.38,1594021309
2019-08-27,2893.14,2898.79,2860.59,2869.16,1949097485
2019-08-28,2861.28,2890.03,2853.05,2887.94,1657199496
2019-08-29,2910.37,2930.5,2905.67,2924.58,1620492414
2019-08-30,2937.09,2940.43,2913.32,2926.46,1609574623
2019-09-03,2909.01,2914.39,2891.85,2906.27,1709526221
2019-09-04,2924.67,2938.84,2921.86,2937.78,1638025756
2019-09-05,2960.6,2985.86,2960.6,2976,1985626103
2019-09-06,2980.33,2985.03,2972.51,2978.71,1660754923
2019-09-09,2988.43,2989.43,2969.39,2978.43,2109065868
2019-09-10,2971.01,2979.39,2957.01,2979.39,2313900765
2019-09-11,2981.41,3000.93,2975.31,3000.93,2023030989
2019-09-12,3009.08,3020.74,3000.92,3009.57,2110912839
2019-09-13,3012.21,3017.33,3002.9,3007.39,1885111636
2019-09-16,2996.41,3002.19,2990.67,2997.96,1865797043
2019-09-17,2995.67,3006.21,2993.73,3005.7,1835650335
2019-09-18,3001.5,3007.83,2978.57,3006.73,1711314786
2019-09-19,3010.36,3021.99,3003.16,3006.79,1552070564
2019-09-20,3008.42,3016.37,2984.68,2992.07,3239391426
2019-09-23,2983.5,2999.15,2982.23,2991.78,1584858670
2019-09-24,3002.43,3007.98,2957.73,2966.6,2022515176
2019-09-25,2968.35,2989.82,2952.86,2984.87,1755735859
2019-09-26,2985.73,2987.28,2963.71,2977.62,1589729661
2019-09-27,2985.47,2987.31,2945.53,2961.79,1770249086
2019-09-30,2967.07,2983.85,2967.07,2976.74,1663001742
2019-10-01,2983.69,2992.53,2938.7,2940.25,1889536812
2019-10-02,2924.78,2924.78,2874.93,2887.61,2132408795
2019-10-03,2885.38,2911.13,2855.94,2910.63,1879070945
2019-10-04,2918.56,2953.74,2918.56,2952.01,1598498926
2019-10-07,2944.23,2959.75,2935.68,2938.79,1497859583
2019-10-08,2920.4,2925.47,2892.66,2893.06,1831153664
2019-10-09,2911.1,2929.32,2907.41,2919.4,1409636911
2019-10-10,2918.55,2948.46,2917.12,2938.13,1630780755
2019-10-11,2963.07,2993.28,2963.07,2970.27,1952864648
2019-10-14,2965.81,2972.84,2962.94,2966.15,1332783825
2019-10-15,2973.61,3003.28,2973.61,2995.68,1676566148
2019-10-16,2989.68,2997.54,2985.2,2989.69,1740299314
2019-10-17,3000.77,3008.29,2991.79,2997.95,1623369261
2019-10-18,2996.84,3000,2976.31,2986.2,1986308651
2019-10-21,2996.48,3007.33,2995.35,3006.72,1749381230
2019-10-22,3010.73,3014.57,2995.04,2995.99,1843264600
2019-10-23,2994.01,3004.78,2991.21,3004.52,1760876330
2019-10-24,3014.78,3016.07,3000.42,3010.29,1935918850
2019-10-25,3003.32,3027.39,3001.94,3022.55,1773425903
2019-10-28,3032.12,3044.08,3032.12,3039.42,1871168000
2019-10-29,3035.39,3047.87,3034.81,3036.89,1811955801
2019-10-30,3039.74,3050.1,3025.96,3046.77,1968172946
2019-10-31,3046.9,3046.9,3023.19,3037.56,2207521396
2019-11-01,3050.72,3066.95,3050.72,3066.91,1950717139
2019-11-04,3078.96,3085.2,3074.87,3078.27,2114369155
2019-11-05,3080.8,3083.95,3072.15,3074.62,2249853337
2019-11-06,3075.1,3078.34,3065.89,3076.78,2022311721
2019-11-07,3087.02,3097.77,3080.23,3085.18,2160097121
2019-11-08,3081.25,3093.09,3073.58,3093.08,1691974712
2019-11-11,3080.33,3088.33,3075.82,3087.01,1407760565
2019-11-12,3089.28,3102.61,3084.73,3091.84,1682131599
2019-11-13,3084.18,3098.06,3078.8,3094.04,1716744635
2019-11-14,3090.75,3098.2,3083.26,3096.63,1658728244
2019-11-15,3107.92,3120.46,3104.6,3120.46,1868559515
2019-11-18,3117.91,3124.17,3112.06,3122.03,1834376060
2019-11-19,3127.45,3127.64,3113.47,3120.18,1924172382
2019-11-20,3114.66,3118.97,3091.41,3108.46,2372417263
2019-11-21,3108.49,3110.11,3094.55,3103.54,1862138394
2019-11-22,3111.41,3112.87,3099.26,3110.29,1626733207
2019-11-25,3117.44,3133.83,3117.44,3133.64,1904704053
2019-11-26,3134.85,3142.69,3131,3140.52,2493336600
2019-11-27,3145.49,3154.26,3143.41,3153.63,1493045171
2019-11-29,3147.18,3150.3,3139.34,3140.98,836642225
2019-12-02,3143.85,3144.31,3110.78,3113.87,1786642208
2019-12-03,3087.41,3094.97,3070.33,3093.2,1991484979
2019-12-04,3103.5,3119.38,3102.53,3112.76,1791049394
2019-12-05,3119.21,3119.45,3103.76,3117.43,1645721930
2019-12-06,3134.62,3150.6,3134.62,3145.91,1699014299
2019-12-09,3141.86,3148.87,3135.46,3135.96,1596216273
2019-12-10,3135.36,3142.12,3126.09,3132.52,1662835229
2019-12-11,3135.75,3143.98,3133.21,3141.63,1711032900
2019-12-12,3141.23,3176.28,3138.47,3168.57,2217305086
2019-12-13,3166.65,3182.68,3156.51,3168.8,1956819988
2019-12-16,3183.63,3197.71,3183.63,3191.45,2164545446
2019-12-17,3195.4,3198.22,3191.03,3192.52,1971590974
2019-12-18,3195.21,3198.48,3191.14,3191.14,2109637089
2019-12-19,3192.32,3205.48,3192.32,3205.37,1923928144
2019-12-20,3223.33,3225.65,3216.03,3221.22,3697537000
2019-12-23,3226.05,3227.78,3222.3,3224.01,1580052417
2019-12-24,3225.45,3226.43,3220.51,3223.38,604560645
2019-12-26,3227.2,3240.08,3227.2,3239.91,1047945052
2019-12-27,3247.23,3247.93,3234.37,3240.02,1110175743
2019-12-30,3240.09,3240.92,3216.57,3221.29,1198740754
2019-12-31,3215.18,3231.72,3212.03,3230.78,1285724433
2020-01-02,3244.67,3258.14,3235.53,3257.85,1827686033
2020-01-03,3226.36,3246.15,3222.34,3234.85,1733947876
2020-01-06,3217.55,3246.84,3214.64,3246.28,1872802967
2020-01-07,3241.86,3244.91,3232.43,3237.18,1892856394
2020-01-08,3238.59,3267.07,3236.67,3253.05,1956336829
2020-01-09,3266.03,3275.58,3263.67,3274.7,1839202233
2020-01-10,3281.81,3282.99,3260.86,3265.35,1631680402
2020-01-13,3271.13,3288.13,3268.43,3288.13,1765159091
2020-01-14,3285.35,3294.25,3277.19,3283.15,1969901450
2020-01-15,3282.27,3298.66,3280.69,3289.29,1807140795
2020-01-16,3302.97,3317.11,3302.82,3316.81,1795632375
2020-01-17,3323.66,3329.88,3318.86,3329.62,2148780812
2020-01-21,3321.03,3329.79,3316.61,3320.79,2190847523
2020-01-22,3330.02,3337.77,3320.04,3321.75,1852031183
2020-01-23,3315.77,3326.88,3301.87,3325.54,2034159847
2020-01-24,3333.1,3333.18,3281.53,3295.47,2106787710
2020-01-27,3247.16,3258.85,3234.5,3243.63,2136117899
2020-01-28,3255.35,3285.78,3253.22,3276.24,2023968804
2020-01-29,3289.46,3293.47,3271.89,3273.4,2124923928
2020-01-30,3256.45,3285.91,3242.8,3283.66,2253788999
2020-01-31,3282.33,3282.33,3214.68,3225.52,2678835839
2020-02-03,3235.66,3268.44,3235.66,3248.92,2113052898
2020-02-04,3280.61,3306.92,3280.61,3297.59,2140871720
2020-02-05,3324.91,3337.58,3313.75,3334.69,2252878600
2020-02-06,3344.92,3347.96,3334.39,3345.78,1953737177
2020-02-07,3335.54,3341.42,3322.12,3327.71,1851359693
2020-02-10,3318.28,3352.26,3317.77,3352.09,1735188706
2020-02-11,3365.87,3375.63,3352.72,3357.75,1879876062
2020-02-12,3370.5,3381.47,3369.72,3379.45,2006519340
2020-02-13,3365.9,3385.09,3360.52,3373.94,1909388714
2020-02-14,3378.08,3380.69,3366.15,3380.16,1667357285
2020-02-18,3369.04,3375.01,3355.61,3370.29,1914015420
2020-02-19,3380.39,3393.52,3378.83,3386.15,1725813319
2020-02-20,3380.45,3389.15,3341.02,3373.23,2028505820
2020-02-21,3360.5,3360.76,3328.45,3337.75,2118610218
2020-02-24,3257.61,3259.81,3214.65,3225.89,2745642954
2020-02-25,3238.94,3246.99,3118.77,3128.21,3132889940
2020-02-26,3139.9,3182.51,3108.99,3116.39,2992301140
2020-02-27,3062.54,3097.07,2977.39,2978.76,3935257829
2020-02-28,2916.9,2959.72,2855.84,2954.22,5142324277
2020-03-02,2974.28,3090.96,2945.19,3090.23,3819116740
2020-03-03,3096.46,3136.72,2976.63,3003.37,3871212179
2020-03-04,3045.75,3130.97,3034.38,3130.12,3078036175
2020-03-05,3075.7,3083.04,2999.83,3023.94,3234688726
2020-03-06,2954.2,2985.93,2901.54,2972.37,3910119484
2020-03-09,2863.89,2863.89,2734.43,2746.56,4706064078
2020-03-10,2813.48,2882.59,2734,2882.23,4346012322
2020-03-11,2825.6,2825.6,2707.22,2741.38,4241642899
2020-03-12,2630.86,2660.95,2478.86,2480.64,5218633781
2020-03-13,2569.99,2711.33,2492.37,2711.02,5003636035
2020-03-16,2508.59,2562.98,2380.94,2386.13,4650983384
2020-03-17,2425.66,2553.93,2367.04,2529.19,4826351185
2020-03-18,2436.5,2453.57,2280.52,2398.1,5196783768
2020-03-19,2393.48,2466.97,2319.78,2409.39,4557744384
2020-03-20,2431.94,2453.01,2295.56,2304.92,5303923234
2020-03-23,2290.71,2300.73,2191.86,2237.4,4617078431
2020-03-24,2344.44,2449.71,2344.44,2447.33,4718870107
2020-03-25,2457.77,2571.42,2407.53,2475.56,4881201399
2020-03-26,2501.29,2637.01,2500.72,2630.07,4340887034
2020-03-27,2555.87,2615.91,2520.02,2541.47,3590712059
2020-03-30,2558.98,2631.8,2545.28,2626.65,3370871942
2020-03-31,2614.69,2641.39,2571.15,2584.59,3991878975
2020-04-01,2498.08,2522.75,2447.49,2470.5,3666502398
2020-04-02,2458.54,2533.22,2455.79,2526.9,3870184448
2020-04-03,2514.92,2538.18,2459.96,2488.65,3593003494
2020-04-06,2578.28,2676.85,2574.57,2663.68,4022970312
2020-04-07,2738.65,2756.89,2657.67,2659.41,4218972836
2020-04-08,2685,2760.75,2663.3,2749.98,3343867617
2020-04-09,2776.99,2818.57,2762.36,2789.82,4359302597
2020-04-13,2782.46,2782.46,2721.17,2761.63,2900380791
2020-04-14,2805.1,2851.85,2805.1,2846.06,3113388741
2020-04-15,2795.64,2801.88,2761.54,2783.36,3123468178
2020-04-16,2799.34,2806.51,2764.32,2799.55,3185793737
2020-04-17,2842.43,2879.22,2830.88,2874.56,3554592893
2020-04-20,2845.62,2868.98,2820.43,2823.16,2935031893
2020-04-21,2784.81,2785.54,2727.1,2736.56,3096009723
2020-04-22,2787.89,2815.1,2775.95,2799.31,2779868449
2020-04-23,2810.42,2844.9,2794.26,2797.8,2919383742
2020-04-24,2812.64,2842.71,2791.76,2836.74,2882793416
2020-04-27,2854.65,2887.72,2852.89,2878.48,2795944244
2020-04-28,2909.96,2921.15,2860.71,2863.39,3237748798
2020-04-29,2918.46,2954.86,2912.16,2939.51,3862944848
2020-04-30,2930.91,2930.91,2892.47,2912.43,3721235517
2020-05-01,2869.09,2869.09,2821.61,2830.71,2914265069
2020-05-04,2815.01,2844.24,2797.85,2842.74,2877617866
2020-05-05,2868.88,2898.23,2863.55,2868.44,2974283010
2020-05-06,2883.14,2891.11,2847.65,2848.42,2855444097
2020-05-07,2878.26,2901.92,2876.48,2881.19,2831489254
2020-05-08,2908.83,2932.16,2902.88,2929.8,2617877855
2020-05-11,2915.46,2944.25,2903.44,2930.32,2609806690
2020-05-12,2939.5,2945.82,2869.59,2870.12,2668655086
2020-05-13,2865.86,2874.14,2793.15,2820,3551451164
2020-05-14,2794.54,2852.8,2766.64,2852.5,3348510295
2020-05-15,2829.95,2865.01,2816.78,2863.7,3306748591
2020-05-18,2913.86,2968.09,2913.86,2953.91,3642081510
2020-05-19,2948.59,2964.21,2922.35,2922.94,2858250798
2020-05-20,2953.63,2980.29,2953.63,2971.61,2849677238
2020-05-21,2969.95,2978.5,2938.57,2948.51,2780244068
2020-05-22,2948.05,2956.76,2933.59,2955.45,2185305113
2020-05-26,3004.08,3021.72,2988.17,2991.77,3355998857
2020-05-27,3015.65,3036.25,2969.75,3036.13,3661742868
2020-05-28,3046.61,3068.67,3023.4,3029.73,3140297035
2020-05-29,3025.17,3049.17,2998.61,3044.31,4381828887
2020-06-01,3038.78,3062.18,3031.54,3055.73,2501351434
2020-06-02,3064.78,3081.07,3051.64,3080.82,2807173294
2020-06-03,3098.9,3130.94,3098.9,3122.87,3160241158
2020-06-04,3111.56,3128.91,3090.41,3112.35,3738795746
2020-06-05,3163.84,3211.72,3163.84,3193.93,4795458701
2020-06-08,3199.92,3233.13,3196,3232.39,3698462911
2020-06-09,3213.32,3222.71,3193.11,3207.18,3156921516
2020-06-10,3213.42,3223.27,3181.49,3190.14,3568860875
2020-06-11,3123.53,3123.53,2999.49,3002.1,4123277874
2020-06-12,3071.04,3088.42,2984.47,3041.31,3385763024
2020-06-15,2993.76,3079.76,2965.66,3066.59,3208913333
2020-06-16,3131,3153.45,3076.06,3124.74,3286788794
2020-06-17,3136.13,3141.16,3108.03,3113.49,2483191141
2020-06-18,3101.64,3120,3093.51,3115.34,2399667782
2020-06-19,3140.29,3155.53,3083.11,3097.74,4992776964
2020-06-22,3094.42,3120.92,3079.39,3117.86,2559744788
2020-06-23,3138.7,3154.9,3127.12,3131.29,2719245393
2020-06-24,3114.4,3115.01,3032.13,3050.33,3203219699
2020-06-25,3046.6,3086.25,3024.01,3083.76,2707762288
2020-06-26,3073.2,3073.73,3004.63,3009.05,4385258096
2020-06-29,3018.59,3053.89,2999.74,3053.24,2633408640
2020-06-30,3050.2,3111.51,3047.83,3100.29,2757387711
2020-07-01,3105.92,3128.44,3101.17,3115.86,2697727407
2020-07-02,3143.64,3165.81,3124.52,3130.01,2326767585
2020-07-06,3155.29,3182.59,3155.29,3179.72,2380431984
2020-07-07,3166.44,3184.15,3142.93,3145.32,2287837089
2020-07-08,3153.07,3171.8,3136.53,3169.94,2390189825
2020-07-09,3176.17,3179.78,3115.7,3152.05,2597178292
2020-07-10,3152.47,3186.82,3136.22,3185.04,2407407212
2020-07-13,3205.08,3235.32,3149.43,3155.22,2695331634
2020-07-14,3141.11,3200.95,3127.66,3197.52,2628539056
2020-07-15,3225.98,3238.28,3200.76,3226.56,2841976156
2020-07-16,3208.36,3220.39,3198.59,3215.57,2209581968
2020-07-17,3224.21,3233.52,3205.65,3224.73,2219971191
2020-07-20,3224.29,3258.61,3215.16,3251.84,2171757450
2020-07-21,3268.52,3277.29,3247.77,3257.3,2472394555
2020-07-22,3254.86,3279.32,3253.1,3276.02,2412594515
2020-07-23,3271.64,3279.99,3222.66,3235.66,2737810512
2020-07-24,3218.58,3227.26,3200.05,3215.63,2460013758
2020-07-27,3219.84,3241.43,3214.25,3239.41,2355910999
2020-07-28,3234.27,3243.72,3216.17,3218.44,2235534686
2020-07-29,3227.22,3264.74,3227.22,3258.44,2467083167
2020-07-30,3231.76,3250.92,3204.13,3246.22,2425538883
2020-07-31,3270.45,3272.17,3220.26,3271.12,3065634931
2020-08-03,3288.26,3302.73,3284.53,3294.61,2378355795
2020-08-04,3289.92,3306.84,3286.37,3306.51,2404966031
2020-08-05,3317.37,3330.77,3317.37,3327.77,2446007003
2020-08-06,3323.17,3351.03,3318.14,3349.16,2414278723
2020-08-07,3340.05,3352.54,3328.72,3351.28,2282910037
2020-08-10,3356.04,3363.29,3335.44,3360.47,2566548632
2020-08-11,3370.34,3381.01,3326.44,3333.69,2900493747
2020-08-12,3355.46,3387.89,3355.46,3380.35,2245003448
2020-08-13,3372.95,3387.24,3363.35,3373.43,1964512010
2020-08-14,3368.66,3378.51,3361.64,3372.85,1711020614
2020-08-17,3380.86,3387.59,3379.22,3381.99,1951691959
2020-08-18,3387.04,3395.06,3370.15,3389.78,1794617543
2020-08-19,3392.51,3399.54,3369.66,3374.85,2018139580
2020-08-20,3360.48,3390.8,3354.69,3385.51,1832094273
2020-08-21,3386.01,3399.96,3379.31,3397.16,1994452682
2020-08-24,3418.09,3432.09,3413.13,3431.28,2271749784
2020-08-25,3435.95,3444.21,3425.84,3443.62,2040869584
2020-08-26,3449.97,3481.07,3444.15,3478.73,2003087362
2020-08-27,3485.14,3501.38,3468.35,3484.55,2317902466
2020-08-28,3494.69,3509.23,3484.32,3508.01,2044015618
2020-08-31,3509.73,3514.77,3493.25,3500.31,2543021541
2020-09-01,3507.44,3528.03,3494.6,3526.65,2245334277
2020-09-02,3543.76,3588.11,3535.23,3580.84,2581524590
2020-09-03,3564.74,3564.85,3427.41,3455.06,3193601820
2020-09-04,3453.6,3479.15,3349.63,3426.96,3044871716
2020-09-08,3371.88,3379.97,3329.27,3331.84,3066119495
2020-09-09,3369.82,3424.77,3366.84,3398.96,2508541279
2020-09-10,3412.56,3425.55,3329.25,3339.19,2574758180
2020-09-11,3352.7,3368.95,3310.47,3340.97,2352258971
2020-09-14,3363.56,3402.93,3363.56,3383.54,2363165480
2020-09-15,3407.73,3419.48,3389.25,3401.2,2482004565
2020-09-16,3411.23,3428.92,3384.45,3385.49,2843660468
2020-09-17,3346.86,3375.17,3328.82,3357.01,2740864793
2020-09-18,3357.38,3362.27,3292.4,3319.47,4087680041
2020-09-21,3285.57,3285.57,3229.1,3281.06,2973366814
2020-09-22,3295.75,3320.31,3270.95,3315.57,2364817767
2020-09-23,3320.11,3323.35,3232.57,3236.92,2462124190
2020-09-24,3226.14,3278.7,3209.45,3246.59,2386884281
2020-09-25,3236.66,3306.88,3228.44,3298.46,2180313684
2020-09-28,3333.9,3360.74,3332.91,3351.6,2221021352
2020-09-29,3350.92,3357.92,3327.54,3335.47,1945022669
2020-09-30,3341.21,3393.56,3340.47,3363,2616747156
2020-10-01,3385.87,3397.18,3361.39,3380.8,2355862321
2020-10-02,3338.94,3369.1,3323.69,3348.44,2350090813
2020-10-05,3367.27,3409.57,3367.27,3408.63,2040147536
2020-10-06,3408.74,3431.56,3354.54,3360.95,2549972990
2020-10-07,3384.56,3426.26,3384.56,3419.45,2074262423
2020-10-08,3434.28,3447.28,3428.15,3446.83,2088859740
2020-10-09,3459.67,3482.34,3458.07,3477.13,2227950074
2020-10-12,3500.02,3549.85,3499.61,3534.22,2243800302
2020-10-13,3534.01,3534.01,3500.86,3511.93,2357875709
2020-10-14,3515.47,3527.94,3480.55,3488.67,2183733760
2020-10-15,3453.72,3489.08,3440.89,3483.34,2009665085
2020-10-16,3493.5,3515.76,3480.45,3483.81,2221194565
2020-10-19,3493.66,3502.42,3419.93,3426.92,2190496245
2020-10-20,3439.38,3476.93,3435.65,3443.12,2113617250
2020-10-21,3439.91,3464.86,3433.06,3435.56,2069874908
2020-10-22,3438.5,3460.53,3415.34,3453.49,2386790971
2020-10-23,3464.9,3466.46,3440.45,3465.39,2161970435
2020-10-26,3441.42,3441.42,3364.86,3400.97,2434639909
2020-10-27,3403.15,3409.51,3388.71,3390.68,2377161312
2020-10-28,3342.48,3342.48,3268.89,3271.03,3147816269
2020-10-29,3277.17,3341.05,3259.82,3310.11,2740394478
2020-10-30,3293.59,3304.93,3233.94,3269.96,3007795216
2020-11-02,3296.2,3330.14,3279.74,3310.24,2527875581
2020-11-03,3336.25,3389.49,3336.25,3369.16,2329419282
2020-11-04,3406.46,3486.25,3405.17,3443.44,2903448029
2020-11-05,3485.74,3529.05,3485.74,3510.45,2557809196
2020-11-06,3508.34,3521.58,3484.34,3509.44,2167666491
2020-11-09,3583.04,3645.99,3547.48,3550.5,5064547274
2020-11-10,3543.26,3557.22,3511.91,3545.53,3448216386
2020-11-11,3563.22,3581.16,3557,3572.66,2507688888
2020-11-12,3562.67,3569.02,3518.58,3537.01,2402811380
2020-11-13,3552.57,3593.66,3552.57,3585.15,2273000532
2020-11-16,3600.16,3628.51,3600.16,3626.91,2859253753
2020-11-17,3610.31,3623.11,3588.68,3609.53,2404417306
2020-11-18,3612.09,3619.09,3567.33,3567.79,2683278560
2020-11-19,3559.41,3585.22,3543.84,3581.87,2276561473
2020-11-20,3579.31,3581.23,3556.85,3557.54,2236661930
2020-11-23,3566.82,3589.81,3552.77,3577.59,2513050446
2020-11-24,3594.52,3642.31,3594.52,3635.41,3188008724
2020-11-25,3635.5,3635.5,3617.76,3629.65,2321815046
2020-11-27,3638.55,3644.31,3629.33,3638.35,1222837647
2020-11-30,3634.18,3634.18,3594.39,3621.63,3647661568
2020-12-01,3645.87,3678.45,3645.87,3662.45,2636959816
2020-12-02,3653.78,3670.96,3644.84,3669.01,2374370502
2020-12-03,3668.28,3682.73,3657.17,3666.72,2643146959
2020-12-04,3670.94,3699.2,3670.94,3699.12,2590568697
2020-12-07,3694.73,3697.41,3678.88,3691.96,2342275038
2020-12-08,3683.05,3708.45,3678.83,3702.25,2268154082
2020-12-09,3705.98,3712.39,3660.54,3672.82,2749560079
2020-12-10,3659.13,3678.49,3645.18,3668.1,2390202914
2020-12-11,3656.08,3665.91,3633.4,3663.46,2311662756
2020-12-14,3675.27,3697.61,3645.84,3647.49,2508893728
2020-12-15,3666.41,3695.29,3659.62,3694.62,2512243045
2020-12-16,3696.25,3711.27,3688.57,3701.17,2245020783
2020-12-17,3713.65,3725.12,3710.87,3722.48,2195077598
2020-12-18,3722.39,3726.7,3685.84,3709.41,4274404736
2020-12-21,3684.28,3702.9,3636.48,3694.92,2644225553
2020-12-22,3698.08,3698.26,3676.16,3687.26,2173874864
2020-12-23,3693.42,3711.24,3689.28,3690.01,1825277116
2020-12-24,3694.03,3703.82,3689.32,3703.06,814704870
2020-12-28,3723.03,3740.51,3723.03,3735.36,1651103623
2020-12-29,3750.01,3756.12,3723.31,3727.04,1639530130
2020-12-30,3736.19,3744.63,3730.21,3732.04,1559438081
2020-12-31,3733.27,3760.2,3726.88,3756.07,1661516485
2021-01-04,3764.61,3769.99,3662.71,3700.65,2732813113
2021-01-05,3698.02,3737.83,3695.07,3726.86,2352635300
2021-01-06,3712.2,3783.04,3705.34,3748.14,3171958843
2021-01-07,3764.71,3811.55,3764.71,3803.79,2571777491
2021-01-08,3815.05,3826.69,3783.6,3824.68,2381318227
2021-01-11,3803.14,3817.86,3789.02,3799.61,2319343591
2021-01-12,3801.62,3810.78,3776.51,3801.19,2629158679
2021-01-13,3802.23,3820.96,3791.5,3809.84,2333148908
2021-01-14,3814.98,3823.6,3792.86,3795.54,2708312930
2021-01-15,3788.73,3788.73,3749.62,3768.25,2744945352
2021-01-19,3781.88,3804.53,3780.37,3798.91,2461801091
2021-01-20,3816.22,3859.75,3816.22,3851.85,2344848584
2021-01-21,3857.46,3861.45,3845.05,3853.07,2571609185
2021-01-22,3844.24,3852.31,3830.41,3841.47,2287817476
2021-01-25,3851.68,3859.23,3797.16,3855.36,2785380610
2021-01-26,3862.96,3870.9,3847.78,3849.62,2557931593
2021-01-27,3836.83,3836.83,3732.48,3750.77,3797984292
2021-01-28,3755.75,3830.5,3755.75,3787.38,3250270662
2021-01-29,3778.05,3778.05,3694.12,3714.24,3311608119
2021-02-01,3731.17,3784.32,3725.62,3773.86,2442012605
2021-02-02,3791.84,3843.09,3791.84,3826.31,2415359604
2021-02-03,3840.27,3847.51,3816.68,3830.17,2264656289
2021-02-04,3836.66,3872.42,3836.66,3871.74,2363442591
2021-02-05,3878.3,3894.56,3874.93,3886.83,2127359020
2021-02-08,3892.59,3915.77,3892.59,3915.59,2160498978
2021-02-09,3910.49,3918.35,3902.64,3911.23,2063161038
2021-02-10,3920.78,3931.5,3884.94,3909.88,2281972857
2021-02-11,3916.4,3925.99,3890.39,3916.38,2125420320
2021-02-12,3911.65,3937.23,3905.78,3934.83,1813489527
2021-02-16,3939.61,3950.43,3923.85,3932.59,2292435291
2021-02-17,3918.5,3933.61,3900.43,3931.33,2132045229
2021-02-18,3915.86,3921.98,3885.03,3913.97,2006038034
2021-02-19,3921.16,3930.41,3903.07,3906.71,2302434831
2021-02-22,3885.55,3902.92,3874.71,3876.5,2750709131
2021-02-23,3857.07,3895.98,3805.59,3881.37,2945010328
2021-02-24,3873.71,3928.65,3859.6,3925.43,2782650674
2021-02-25,3915.8,3925.02,3814.04,3829.34,2924106301
2021-02-26,3839.66,3861.08,3789.54,3811.15,3120007466
2021-03-01,3842.51,3914.5,3842.51,3901.82,2406150594
2021-03-02,3903.64,3906.41,3868.57,3870.29,2284948535
2021-03-03,3863.99,3874.47,3818.86,3819.72,2719094648
2021-03-04,3818.53,3843.67,3723.34,3768.47,3443249365
2021-03-05,3793.58,3851.69,3730.19,3841.94,3325429131
2021-03-08,3844.39,3881.06,3819.25,3821.35,2991626851
2021-03-09,3851.93,3903.76,3851.93,3875.44,2779403380
2021-03-10,3891.99,3917.35,3885.73,3898.81,2661222204
2021-03-11,3915.54,3960.27,3915.54,3939.34,2572183377
2021-03-12,3924.52,3944.99,3915.21,3943.34,2272145272
2021-03-15,3942.96,3970.08,3923.54,3968.94,2393691238
2021-03-16,3973.59,3981.04,3953.44,3962.71,2367135990
2021-03-17,3949.57,3983.87,3935.74,3974.12,2447967771
2021-03-18,3953.5,3969.62,3910.86,3915.46,2682168535
2021-03-19,3913.14,3930.12,3886.75,3913.1,4639551690
2021-03-22,3916.48,3955.31,3914.16,3940.59,2299904600
2021-03-23,3937.6,3949.13,3901.57,3910.52,2496096710
2021-03-24,3919.93,3942.08,3889.07,3889.14,2416790107
2021-03-25,3879.34,3919.54,3853.5,3909.52,2395034696
2021-03-26,3917.12,3978.19,3917.12,3974.54,2645398600
2021-03-29,3969.31,3981.83,3943.25,3971.09,2412905878
2021-03-30,3963.34,3968.01,3944.35,3958.55,2115041068
2021-03-31,3967.25,3994.41,3966.98,3972.89,2416599388
2021-04-01,3992.78,4020.63,3992.78,4019.87,2165457735
2021-04-05,4034.44,4083.42,4034.44,4077.91,2223788819
2021-04-06,4075.57,4086.23,4068.14,4073.94,2124244001
2021-04-07,4074.29,4083.13,4068.31,4079.95,1955731172
2021-04-08,4089.95,4098.19,4082.54,4097.17,2012015761
2021-04-09,4096.11,4129.48,4095.51,4128.8,1880537184
2021-04-12,4124.71,4131.76,4114.82,4127.99,1922133084
2021-04-13,4130.1,4148,4124.43,4141.59,2062045139
2021-04-14,4141.58,4151.69,4120.87,4124.66,2091873846
2021-04-15,4139.76,4173.49,4139.76,4170.42,2125394410
2021-04-16,4174.14,4191.31,4170.75,4185.47,2210303327
2021-04-19,4179.8,4180.81,4150.47,4163.26,1985488530
2021-04-20,4159.18,4159.18,4118.38,4134.94,2289514630
2021-04-21,4128.42,4175.02,4126.35,4173.42,2101637987
2021-04-22,4170.46,4179.57,4123.69,4134.98,2392707204
2021-04-23,4138.78,4194.17,4138.78,4180.17,2012547159
2021-04-26,4185.03,4194.19,4182.36,4187.62,1938000036
2021-04-27,4188.25,4193.35,4176.22,4186.72,2021543400
2021-04-28,4185.14,4201.53,4181.78,4183.18,2133550302
2021-04-29,4206.14,4218.78,4176.81,4211.47,2500478173
2021-04-30,4198.1,4198.1,4174.85,4181.17,2420629283
2021-05-03,4191.98,4209.39,4188.03,4192.66,2181608893
2021-05-04,4179.04,4179.04,4128.59,4164.66,2550622792
2021-05-05,4177.06,4187.72,4160.94,4167.59,1759870682
2021-05-06,4169.14,4202.7,4147.33,4201.62,2242910204
2021-05-07,4210.34,4238.04,4201.64,4232.6,2053400580
2021-05-10,4228.29,4236.39,4188.13,4188.43,2322261428
2021-05-11,4150.34,4162.04,4111.53,4152.1,2438056257
2021-05-12,4130.55,4134.73,4056.88,4063.04,2397533113
2021-05-13,4074.99,4131.58,4074.99,4112.5,2164189997
2021-05-14,4129.58,4183.13,4129.58,4173.85,1908121895
2021-05-17,4169.92,4171.92,4142.69,4163.29,2269453944
2021-05-18,4165.94,4169.15,4125.99,4127.83,2327082665
2021-05-19,4098.45,4116.93,4061.41,4115.68,2403523216
2021-05-20,4121.97,4172.8,4121.97,4159.12,2161065812
2021-05-21,4168.61,4188.72,4151.72,4155.86,2192477125
2021-05-24,4170.16,4209.52,4170.16,4197.05,1848072307
2021-05-25,4205.94,4213.42,4182.52,4188.13,2109359204
2021-05-26,4191.59,4202.61,4184.11,4195.99,2055014683
2021-05-27,4201.94,4213.38,4197.78,4200.88,3394898011
2021-05-28,4210.77,4218.36,4203.57,4204.11,1960313488
2021-06-01,4216.52,4234.12,4197.59,4202.04,2099602956
2021-06-02,4206.82,4217.37,4198.27,4208.12,2030572039
2021-06-03,4191.43,4204.39,4167.93,4192.85,2211904290
2021-06-04,4206.05,4233.45,4206.05,4229.89,1877134142
2021-06-07,4229.34,4232.34,4215.66,4226.52,1744943901
2021-06-08,4233.81,4236.74,4208.41,4227.26,2120873562
2021-06-09,4232.99,4237.09,4218.74,4219.55,1801224829
2021-06-10,4228.56,4249.74,4220.34,4239.18,1952649620
2021-06-11,4242.9,4248.38,4232.25,4247.44,1685005426
2021-06-14,4248.31,4255.59,4234.07,4255.15,1853004003
2021-06-15,4255.28,4257.16,4238.35,4246.59,1826798681
2021-06-16,4248.87,4251.89,4202.45,4223.7,2216468754
2021-06-17,4220.37,4232.29,4196.05,4221.86,2580213530
2021-06-18,4204.78,4204.78,4164.4,4166.45,3619215887
2021-06-21,4173.4,4226.24,4173.4,4224.79,2043051632
2021-06-22,4224.61,4255.84,4217.27,4246.44,1783455277
2021-06-23,4249.27,4256.6,4241.43,4241.84,1774854375
2021-06-24,4256.97,4271.28,4256.97,4266.49,1865796107
2021-06-25,4274.45,4286.12,4271.16,4280.7,2749763844
2021-06-28,4284.9,4292.14,4274.67,4290.61,1985885279
2021-06-29,4293.21,4300.52,4287.04,4291.8,1833763193
2021-06-30,4290.65,4302.43,4287.96,4297.5,1952341627
2021-07-01,4300.73,4320.66,4300.73,4319.94,1820621751
2021-07-02,4326.6,4355.43,4326.6,4352.34,1530898435
2021-07-06,4356.46,4356.46,4314.37,4343.54,2055747651
2021-07-07,4351.01,4361.88,4329.79,4358.13,1935638439
2021-07-08,4321.07,4330.88,4289.37,4320.82,2059555951
2021-07-09,4329.38,4371.6,4329.38,4369.55,1795028029
2021-07-12,4372.41,4386.68,4364.03,4384.63,1709935073
2021-07-13,4381.07,4392.37,4366.92,4369.21,1761859660
2021-07-14,4380.11,4393.68,4362.36,4374.3,2019584457
2021-07-15,4369.02,4369.02,4340.7,4360.03,1986589168
2021-07-16,4367.43,4375.09,4322.53,4327.16,2027107750
2021-07-19,4296.4,4296.4,4233.13,4258.49,2840163205
2021-07-20,4265.11,4336.84,4262.05,4323.06,2426517077
2021-07-21,4331.13,4359.7,4331.13,4358.69,2136773867
2021-07-22,4361.27,4369.87,4350.06,4367.48,1843552391
2021-07-23,4381.2,4415.18,4381.2,4411.79,1777378786
2021-07-26,4409.58,4422.73,4405.45,4422.3,1802326237
2021-07-27,4416.38,4416.38,4372.51,4401.46,2073481035
2021-07-28,4402.95,4415.47,4387.01,4400.64,2092509494
2021-07-29,4403.59,4429.97,4403.59,4419.15,2009413486
2021-07-30,4395.12,4412.25,4389.65,4395.26,2246066583
2021-08-02,4406.86,4422.18,4384.81,4387.16,1981527662
2021-08-03,4392.74,4423.79,4373,4423.15,2204134922
2021-08-04,4415.95,4416.17,4400.23,4402.66,2321431128
2021-08-05,4408.86,4429.76,4408.86,4429.1,1965926802
2021-08-06,4429.07,4440.82,4429.07,4436.52,1834529765
2021-08-09,4437.77,4439.39,4424.74,4432.35,1717390769
2021-08-10,4435.79,4445.21,4430.03,4436.75,1914891754
2021-08-11,4442.18,4449.44,4436.42,4447.7,1872240608
2021-08-12,4446.08,4461.77,4435.96,4460.83,1636025079
2021-08-13,4464.84,4468.37,4460.82,4468,1537574221
2021-08-16,4461.65,4480.26,4437.66,4479.71,1733040764
2021-08-17,4462.12,4462.12,4417.83,4448.08,1912467005
2021-08-18,4440.94,4454.32,4397.59,4400.27,1892720844
2021-08-19,4382.44,4418.61,4367.73,4405.8,2207012168
2021-08-20,4410.56,4444.35,4406.8,4441.67,1813100785
2021-08-23,4450.29,4489.88,4450.29,4479.53,1854459169
2021-08-24,4484.4,4492.81,4482.28,4486.23,1746057473
2021-08-25,4490.45,4501.71,4485.66,4496.19,1771232714
2021-08-26,4493.75,4495.9,4468.99,4470,1641318926
2021-08-27,4474.1,4513.33,4474.1,4509.37,1668129894
2021-08-30,4513.76,4537.36,4513.76,4528.79,1566528934
2021-08-31,4529.75,4531.39,4515.8,4522.68,2161738713
2021-09-01,4528.8,4537.11,4522.02,4524.09,1933543912
2021-09-02,4534.48,4545.85,4524.66,4536.95,1782042940
2021-09-03,4532.42,4541.45,4521.3,4535.43,1533435199
2021-09-07,4535.38,4535.38,4513,4520.03,1781738536
2021-09-08,4518.09,4521.79,4493.95,4514.07,1784366123
2021-09-09,4513.02,4529.9,4492.07,4493.28,1818751701
2021-09-10,4506.92,4520.47,4457.66,4458.58,1848742163
2021-09-13,4474.81,4492.99,4445.7,4468.73,2065690411
2021-09-14,4479.33,4485.68,4435.46,4443.05,2024366588
2021-09-15,4447.49,4486.87,4438.37,4480.7,2126050597
2021-09-16,4477.09,4485.87,4443.8,4473.75,1831249340
2021-09-17,4469.74,4471.52,4427.76,4432.99,3786002045
2021-09-20,4402.95,4402.95,4305.91,4357.73,2598257340
2021-09-21,4374.45,4394.87,4347.96,4354.19,1914740490
2021-09-22,4367.43,4416.75,4367.43,4395.64,2003483511
2021-09-23,4406.75,4465.4,4406.75,4448.98,1967079545
2021-09-24,4438.04,4463.12,4430.27,4455.48,1686869239
2021-09-27,4442.12,4457.3,4436.19,4443.11,2043570002
2021-09-28,4419.54,4419.54,4346.33,4352.63,2385159271
2021-09-29,4362.41,4385.57,4355.08,4359.46,1897856436
2021-09-30,4370.67,4382.55,4306.24,4307.54,2283948567
2021-10-01,4317.16,4375.19,4288.52,4357.04,2207766762
2021-10-04,4348.84,4355.51,4278.94,4300.46,2438454602
2021-10-05,4309.87,4369.23,4309.87,4345.72,2029396101
2021-10-06,4319.57,4365.57,4290.49,4363.55,2060091362
2021-10-07,4383.73,4429.97,4383.73,4399.76,1949574511
2021-10-08,4406.51,4412.02,4386.22,4391.34,1694086877
2021-10-11,4385.44,4415.88,4360.59,4361.19,1695135230
2021-10-12,4368.31,4374.89,4342.09,4350.65,1962095507
2021-10-13,4358.01,4372.87,4329.92,4363.8,1939400307
2021-10-14,4386.75,4439.73,4386.75,4438.26,1945034682
2021-10-15,4447.69,4475.82,4447.69,4471.37,2052344490
2021-10-18,4463.72,4488.75,4447.47,4486.46,1871564386
2021-10-19,4497.34,4520.4,4496.41,4519.63,1701419593
2021-10-20,4524.42,4540.87,4524.4,4536.19,1837718278
2021-10-21,4532.24,4551.44,4526.89,4549.78,1898355743
2021-10-22,4546.12,4559.67,4524,4544.9,1818770978
2021-10-25,4553.69,4572.62,4537.36,4566.48,1849566005
2021-10-26,4578.69,4598.53,4569.17,4574.79,2016844141
2021-10-27,4580.22,4584.57,4551.66,4551.68,2243579417
2021-10-28,4562.84,4597.55,4562.84,4596.42,2177360109
2021-10-29,4572.87,4608.08,4567.59,4605.38,2346010507
2021-11-01,4610.62,4620.34,4595.06,4613.67,2030764459
2021-11-02,4613.34,4635.15,4613.34,4630.65,2146673642
2021-11-03,4630.65,4663.46,4621.19,4660.57,2150893424
2021-11-04,4662.93,4683,4662.59,4680.06,2557600204
2021-11-05,4699.26,4718.5,4681.32,4697.53,2595129726
2021-11-08,4701.48,4714.92,4694.39,4701.7,2205667465
2021-11-09,4707.25,4708.53,4670.87,4685.25,2067398485
2021-11-10,4670.26,4684.85,4630.86,4646.71,2141662928
2021-11-11,4659.39,4664.55,4648.31,4649.27,1728459268
2021-11-12,4655.24,4688.47,4650.77,4682.85,1871664497
2021-11-15,4689.3,4697.42,4672.86,4682.8,1829912903
2021-11-16,4679.42,4714.95,4679.42,4700.9,1929154513
2021-11-17,4701.5,4701.5,4684.41,4688.67,2057331087
2021-11-18,4700.72,4708.8,4672.78,4704.54,2223166797
2021-11-19,4708.44,4717.75,4694.22,4697.96,2442415234
2021-11-22,4712,4743.83,4682.17,4682.94,2466151901
2021-11-23,4678.48,4699.39,4652.66,4690.7,2228891377
2021-11-24,4675.78,4702.87,4659.89,4701.46,1851488563
2021-11-26,4664.63,4664.63,4585.43,4594.62,2098272510
2021-11-29,4628.75,4672.95,4625.26,4655.27,2497291810
2021-11-30,4640.25,4646.02,4560,4567,4068050909
2021-12-01,4602.82,4652.94,4510.27,4513.04,3044911758
2021-12-02,4504.73,4595.46,4504.73,4577.1,2801048502
2021-12-03,4589.49,4608.03,4495.12,4538.43,2714489531
2021-12-06,4548.37,4612.6,4540.51,4591.67,2582324931
2021-12-07,4631.97,4694.04,4631.97,4686.75,2484136202
2021-12-08,4690.86,4705.06,4674.52,4701.21,2163749157
2021-12-09,4691,4695.26,4665.98,4667.45,1992702933
2021-12-10,4687.64,4713.57,4670.24,4712.02,2117224176
2021-12-13,4710.3,4710.3,4667.6,4668.97,2426214754
2021-12-14,4642.99,4660.47,4606.52,4634.09,2454381353
2021-12-15,4636.46,4712.6,4611.22,4709.85,2561140199
2021-12-16,4719.13,4731.99,4651.89,4668.67,2745738309
2021-12-17,4652.5,4666.7,4600.22,4620.64,4578985102
2021-12-20,4587.9,4587.9,4531.1,4568.02,2433981932
2021-12-21,4594.96,4651.14,4583.16,4649.23,2260147801
2021-12-22,4650.36,4697.67,4645.53,4696.56,1844650487
2021-12-23,4703.96,4740.74,4703.96,4725.79,1594292367
2021-12-27,4733.99,4791.49,4733.99,4791.19,1505328608
2021-12-28,4795.49,4807.02,4780.04,4786.35,1425097588
2021-12-29,4788.64,4804.06,4778.08,4793.06,1354785822
2021-12-30,4794.23,4808.93,4775.33,4778.73,1353705656
2021-12-31,4775.21,4786.83,4765.75,4766.18,1340241237
2022-01-03,4778.14,4796.64,4758.17,4796.56,2209533436
2022-01-04,4804.51,4818.62,4774.27,4793.54,2813805151
2022-01-05,4787.99,4797.7,4699.44,4700.58,2803729359
2022-01-06,4693.39,4725.01,4671.26,4696.05,2379822969
2022-01-07,4697.66,4707.95,4662.74,4677.03,2416096517
2022-01-10,4655.34,4673.02,4582.24,4670.29,2675794222
2022-01-11,4669.14,4714.13,4638.27,4713.07,2243982613
2022-01-12,4728.59,4748.83,4706.71,4726.35,2117378610
2022-01-13,4733.56,4744.13,4650.29,4659.03,2374649453
2022-01-14,4637.99,4665.13,4614.75,4662.85,2521962210
2022-01-18,4632.24,4632.24,4568.7,4577.11,2737269947
2022-01-19,4588.03,4611.55,4530.2,4532.76,2483432324
2022-01-20,4547.35,4602.11,4477.95,4482.73,2541011404
2022-01-21,4471.38,4494.52,4395.34,4397.94,3196964549
2022-01-24,4356.32,4417.35,4222.62,4410.13,3891581863
2022-01-25,4366.64,4411.01,4287.11,4356.45,3056989211
2022-01-26,4408.43,4453.23,4304.8,4349.93,3230985115
2022-01-27,4380.58,4428.74,4309.5,4326.51,3040759928
2022-01-28,4336.19,4432.72,4292.46,4431.85,2913164357
2022-01-31,4431.79,4516.89,4414.02,4515.55,2963155477
2022-02-01,4519.57,4550.49,4483.53,4546.54,2712733572
2022-02-02,4566.39,4595.31,4544.32,4589.38,2903950893
2022-02-03,4535.41,4542.88,4470.39,4477.44,2686460186
2022-02-04,4482.79,4539.66,4451.5,4500.53,2640944042
2022-02-07,4505.75,4521.86,4471.47,4483.87,2363931782
2022-02-08,4480.02,4531.32,4465.4,4521.54,2531697878
2022-02-09,4547,4590.03,4547,4587.18,2416698650
2022-02-10,4553.24,4588.92,4484.31,4504.08,2689893702
2022-02-11,4506.27,4526.33,4401.41,4418.64,2874706879
2022-02-14,4412.61,4426.22,4364.84,4401.67,2511711808
2022-02-15,4429.28,4472.77,4429.28,4471.07,2322886082
2022-02-16,4455.75,4489.55,4429.68,4475.01,2334610255
2022-02-17,4456.06,4456.06,4373.81,4380.26,2324909984
2022-02-18,4384.57,4394.6,4327.22,4348.87,2583639757
2022-02-22,4332.74,4362.12,4267.11,4304.76,2749521278
2022-02-23,4324.93,4341.51,4221.51,4225.5,2512417692
2022-02-24,4155.77,4294.73,4114.65,4288.7,3565761089
2022-02-25,4298.38,4385.34,4286.83,4384.65,2707792618
2022-02-28,4354.17,4388.84,4315.12,4373.94,3219433340
2022-03-01,4363.14,4378.45,4279.54,4306.26,3144859781
2022-03-02,4322.56,4401.48,4322.56,4386.54,2867998095
2022-03-03,4401.31,4416.78,4345.56,4363.49,2619510815
2022-03-04,4342.12,4342.12,4284.98,4328.87,2997073880
2022-03-07,4327.01,4327.01,4199.85,4201.09,3513066861
2022-03-08,4202.66,4276.94,4157.87,4170.7,3639337569
2022-03-09,4223.1,4299.4,4223.1,4277.88,3021442270
2022-03-10,4252.55,4268.28,4209.8,4259.52,2581145823
2022-03-11,4279.5,4291.01,4200.49,4204.31,2338436067
2022-03-14,4202.75,4247.57,4161.72,4173.11,2717144322
2022-03-15,4188.82,4271.05,4187.9,4262.45,2636945250
2022-03-16,4288.14,4358.9,4251.99,4357.86,2926597551
2022-03-17,4345.11,4412.67,4335.65,4411.67,2432766777
2022-03-18,4407.34,4465.4,4390.57,4463.12,4233761021
2022-03-21,4462.4,4481.75,4424.3,4461.18,2469825123
2022-03-22,4469.1,4522,4469.1,4511.61,2340975844
2022-03-23,4493.1,4501.07,4455.81,4456.24,2184940313
2022-03-24,4469.98,4520.58,4465.17,4520.16,2073153516
2022-03-25,4522.91,4546.03,4501.07,4543.06,2000935720
2022-03-28,4541.09,4575.65,4517.69,4575.52,2019462647
2022-03-29,4602.86,4637.3,4589.66,4631.6,2443956070
2022-03-30,4624.2,4627.77,4581.32,4602.45,2083192942
2022-03-31,4599.02,4603.07,4530.41,4530.41,2646678377
2022-04-01,4540.32,4548.7,4507.57,4545.86,2346497965
2022-04-04,4547.97,4583.5,4539.21,4582.64,2278755223
2022-04-05,4572.45,4593.45,4514.17,4525.12,2425248378
2022-04-06,4494.17,4503.94,4450.04,4481.15,2720107863
2022-04-07,4474.65,4521.16,4450.3,4500.21,2596329084
2022-04-08,4494.15,4520.41,4474.6,4488.28,2254633200
2022-04-11,4462.64,4464.35,4408.38,4412.53,2403901042
2022-04-12,4437.59,4471,4381.34,4397.45,2208449999
2022-04-13,4394.3,4453.92,4392.7,4446.59,2169384807
2022-04-14,4449.12,4460.46,4390.77,4392.59,2470867311
2022-04-18,4385.63,4410.31,4370.3,4391.69,2050678211
2022-04-19,4390.63,4471.03,4390.63,4462.21,2247364804
2022-04-20,4472.26,4488.29,4448.76,4459.45,2380185029
2022-04-21,4489.17,4512.94,4384.47,4393.66,2637237706
2022-04-22,4385.83,4385.83,4267.62,4271.78,2520690116
2022-04-25,4255.34,4299.02,4200.82,4296.12,2839258641
2022-04-26,4278.14,4278.14,4175.04,4175.2,2637223814
2022-04-27,4186.52,4240.71,4162.9,4183.96,2636232457
2022-04-28,4222.58,4308.45,4188.63,4287.5,2749225700
2022-04-29,4253.75,4269.68,4124.28,4131.93,2848565077
2022-05-02,4130.61,4169.81,4062.51,4155.38,2744837614
2022-05-03,4159.78,4200.1,4147.08,4175.48,2494450424
2022-05-04,4181.18,4307.66,4148.91,4300.17,2872026663
2022-05-05,4270.43,4270.43,4106.01,4146.87,2869932437
2022-05-06,4128.17,4157.69,4067.91,4123.34,2737830988
2022-05-09,4081.27,4081.27,3975.48,3991.24,3073865158
2022-05-10,4035.18,4068.82,3958.17,4001.05,2918622876
2022-05-11,3990.08,4049.09,3928.82,3935.18,2763949436
2022-05-12,3903.95,3964.8,3858.87,3930.08,3139788075
2022-05-13,3963.9,4038.88,3963.9,4023.89,2544978092
2022-05-16,4013.02,4046.46,3983.99,4008.01,2213704712
2022-05-17,4052,4090.72,4033.93,4088.85,2458409815
2022-05-18,4051.98,4051.98,3911.91,3923.68,2712127310
2022-05-19,3899,3945.96,3876.58,3900.79,2774295102
2022-05-20,3927.76,3943.42,3810.32,3901.36,3002384989
2022-05-23,3919.42,3981.88,3909.04,3973.75,2388208957
2022-05-24,3942.94,3955.68,3875.13,3941.48,2436606104
2022-05-25,3929.59,3999.33,3925.03,3978.73,2334088571
2022-05-26,3984.6,4075.14,3984.6,4057.84,2403570876
2022-05-27,4077.43,4158.49,4077.43,4158.24,2166465380
2022-05-31,4151.09,4168.34,4104.88,4132.15,3802655235
2022-06-01,4149.78,4166.54,4073.85,4101.23,2171495669
2022-06-02,4095.41,4177.51,4074.37,4176.82,2073390326
2022-06-03,4137.57,4142.67,4098.67,4108.54,1879610190
2022-06-06,4134.72,4168.78,4109.18,4121.43,1919840018
2022-06-07,4096.47,4164.86,4080.19,4160.68,1964102076
2022-06-08,4147.12,4160.14,4107.2,4115.77,1888845332
2022-06-09,4101.65,4119.1,4017.17,4017.82,2061086863
2022-06-10,3974.39,3974.39,3900.16,3900.86,2517736739
2022-06-13,3838.15,3838.15,3734.3,3749.63,3086104450
2022-06-14,3763.52,3778.18,3705.68,3735.48,2655239403
2022-06-15,3764.05,3837.56,3722.3,3789.99,2783030800
2022-06-16,3728.18,3728.18,3639.77,3666.77,3108178469
2022-06-17,3665.9,3707.71,3636.87,3674.84,4735841123
2022-06-21,3715.31,3779.65,3715.31,3764.79,2678184797
2022-06-22,3733.89,3801.79,3717.69,3759.89,2486465259
2022-06-23,3774.71,3802.58,3743.52,3795.73,2517500361
2022-06-24,3821.75,3913.65,3821.75,3911.74,3463802906
2022-06-27,3920.76,3927.72,3889.66,3900.11,2124362317
2022-06-28,3913,3945.86,3820.14,3821.55,2252853743
2022-06-29,3825.09,3836.5,3799.02,3818.83,2111065494
2022-06-30,3785.99,3818.99,3738.67,3785.38,2683771620
2022-07-01,3781,3829.82,3752.1,3825.33,2195445294
2022-07-05,3792.61,3832.19,3742.06,3831.39,2506060130
2022-07-06,3831.98,3870.91,3809.37,3845.08,2203972630
2022-07-07,3858.85,3910.63,3858.85,3902.62,2086719603
2022-07-08,3888.26,3918.5,3869.34,3899.38,1767934743
2022-07-11,3880.94,3880.94,3847.22,3854.43,1825910221
2022-07-12,3851.95,3873.41,3802.36,3818.8,2130143184
2022-07-13,3779.67,3829.44,3759.07,3801.78,2058496093
2022-07-14,3763.99,3796.41,3721.56,3790.38,2181635569
2022-07-15,3818,3863.62,3817.18,3863.16,2328223130
2022-07-18,3883.79,3902.44,3818.63,3830.85,2194524922
2022-07-19,3860.73,3939.81,3860.73,3936.69,2384285486
2022-07-20,3935.32,3974.13,3922.03,3959.9,2344933008
2022-07-21,3955.47,3999.29,3927.64,3998.95,2498029117
2022-07-22,3998.43,4012.44,3938.86,3961.63,2224926634
2022-07-25,3965.72,3975.3,3943.46,3966.84,1945714778
2022-07-26,3953.22,3953.22,3910.74,3921.05,2136983264
2022-07-27,3951.43,4039.56,3951.43,4023.61,2457907322
2022-07-28,4026.13,4078.95,3992.97,4072.43,2544390878
2022-07-29,4087.33,4140.15,4079.22,4130.29,2894154247
2022-08-01,4112.38,4144.95,4096.02,4118.63,2289872912
2022-08-02,4104.21,4140.47,4079.81,4091.19,2262200687
2022-08-03,4107.96,4167.66,4107.96,4155.17,2436476551
2022-08-04,4154.85,4161.29,4135.42,4151.94,2260188053
2022-08-05,4115.87,4151.58,4107.31,4145.19,2027451379
2022-08-08,4155.93,4186.62,4128.97,4140.06,2120439516
2022-08-09,4133.11,4137.3,4112.09,4122.47,2048973837
2022-08-10,4181.02,4211.03,4177.26,4210.24,2240786746
2022-08-11,4227.4,4257.91,4201.41,4207.27,2080835426
2022-08-12,4225.02,4280.47,4219.78,4280.15,1839673374
2022-08-15,4269.37,4301.79,4256.9,4297.14,1777922685
2022-08-16,4290.46,4325.28,4277.77,4305.2,1912448980
2022-08-17,4280.4,4302.18,4253.08,4274.04,1862585916
2022-08-18,4273.13,4292.53,4261.98,4283.74,1749457753
2022-08-19,4266.31,4266.31,4218.7,4228.48,2045645988
2022-08-22,4195.08,4195.08,4129.86,4137.99,1976203704
2022-08-23,4133.09,4159.77,4124.03,4128.73,1786029375
2022-08-24,4126.55,4156.56,4119.97,4140.77,1737028484
2022-08-25,4153.26,4200.54,4147.59,4199.12,1847592571
2022-08-26,4198.74,4203.04,4057.66,4057.66,2113423504
2022-08-29,4034.58,4062.99,4017.42,4030.61,1893833291
2022-08-30,4041.25,4044.98,3965.21,3986.16,2080875524
2022-08-31,4000.67,4015.37,3954.53,3955,2541475082
2022-09-01,3936.73,3970.23,3903.65,3966.85,2303154412
2022-09-02,3994.66,4018.43,3906.21,3924.26,2083181521
2022-09-06,3930.89,3942.55,3886.75,3908.19,2249694351
2022-09-07,3909.43,3987.89,3906.03,3979.87,2209800080
2022-09-08,3959.94,4010.5,3944.81,4006.18,2290057541
2022-09-09,4022.94,4076.81,4022.94,4067.36,2097275308
2022-09-12,4083.67,4119.28,4083.67,4110.41,2147244637
2022-09-13,4037.12,4037.12,3921.28,3932.69,2642497109
2022-09-14,3940.73,3961.94,3912.18,3946.01,2483571502
2022-09-15,3932.41,3959.14,3888.28,3901.35,2510229670
2022-09-16,3880.95,3880.95,3837.08,3873.33,4363348031
2022-09-19,3849.91,3900.45,3838.5,3899.89,2117736405
2022-09-20,3875.23,3876.01,3827.54,3855.93,2335994827
2022-09-21,3871.4,3907.07,3789.49,3789.93,2487138441
2022-09-22,3782.36,3790.9,3749.45,3757.99,2450867075
2022-09-23,3727.14,3727.14,3647.47,3693.23,2812566206
2022-09-26,3682.72,3715.67,3644.76,3655.04,2634968922
2022-09-27,3686.44,3717.53,3623.29,3647.29,2548804869
2022-09-28,3651.94,3736.74,3640.61,3719.04,2637914627
2022-09-29,3687.01,3687.01,3610.4,3640.47,2601213630
2022-09-30,3633.48,3671.44,3584.13,3585.62,3146085245
2022-10-03,3609.78,3698.35,3604.93,3678.43,2796268885
2022-10-04,3726.46,3791.92,3726.46,3790.93,2915001983
2022-10-05,3753.25,3806.91,3722.66,3783.28,2502482020
2022-10-06,3771.97,3797.93,3739.22,3744.52,2518958795
2022-10-07,3706.74,3706.74,3620.73,3639.66,2716138719
2022-10-10,3647.51,3652.17,3588.1,3612.39,2381483415
2022-10-11,3595.86,3640.66,3568.45,3588.84,2731976978
2022-10-12,3590.83,3608.34,3573.86,3577.03,2375058756
2022-10-13,3520.37,3685.41,3491.58,3669.91,3202991397
2022-10-14,3690.41,3712,3579.68,3583.07,2666728008
2022-10-17,3644.24,3689.73,3638.65,3677.95,2581606904
2022-10-18,3746.26,3762.79,3686.53,3719.98,2663739031
2022-10-19,3703.11,3728.58,3666.51,3695.16,2398756059
2022-10-20,3689.05,3736,3656.44,3665.78,2643573608
2022-10-21,3657.1,3757.89,3647.42,3752.75,3006076801
2022-10-24,3762.01,3810.74,3741.65,3797.34,2588908128
2022-10-25,3799.44,3862.85,3799.44,3859.11,2710890488
2022-10-26,3825.97,3886.15,3824.07,3830.6,2920633065
2022-10-27,3834.69,3859.95,3803.79,3807.3,3065025495
2022-10-28,3808.26,3905.42,3808.26,3901.06,2901520060
2022-10-31,3881.85,3893.73,3863.18,3871.98,2805343391
2022-11-01,3901.79,3911.79,3843.8,3856.1,2621979328
2022-11-02,3852.9,3894.44,3758.68,3759.69,3113991763
2022-11-03,3733.25,3750.59,3698.15,3719.89,2856234717
2022-11-04,3766.98,3796.34,3708.84,3770.55,3025947358
2022-11-07,3780.71,3813.95,3764.7,3806.8,2496452846
2022-11-08,3817.02,3859.4,3786.28,3828.11,2586669895
2022-11-09,3810.94,3818.2,3744.22,3748.57,2542782564
2022-11-10,3859.89,3958.33,3859.89,3956.37,3357652603
2022-11-11,3963.72,4001.48,3944.82,3992.93,3032916652
2022-11-14,3977.97,4008.97,3956.4,3957.25,2615043030
2022-11-15,4006.41,4028.84,3953.17,3991.73,2794165098
2022-11-16,3976.82,3983.09,3954.34,3958.79,2406651146
2022-11-17,3919.26,3954.33,3906.54,3946.56,2196879829
2022-11-18,3966.39,3979.89,3935.98,3965.34,2236041314
2022-11-21,3956.23,3962,3933.34,3949.94,2113922792
2022-11-22,3965.51,4005.88,3956.88,4003.58,1998945068
2022-11-23,4000.3,4033.78,3998.66,4027.26,1753877149
2022-11-25,4023.34,4034.02,4020.76,4026.12,902963984
2022-11-28,4005.36,4012.27,3955.77,3963.94,2097892829
2022-11-29,3964.19,3976.77,3937.65,3957.63,1904609130
2022-11-30,3957.18,4080.11,3938.58,4080.11,3725030407
2022-12-01,4087.14,4100.51,4050.87,4076.57,2319414988
2022-12-02,4040.17,4080.48,4026.63,4071.7,2076416488
2022-12-05,4052.02,4052.45,3984.49,3998.84,2278161210
2022-12-06,3996.63,4001.51,3918.39,3941.26,2367140655
2022-12-07,3933.28,3957.57,3922.68,3933.92,2263753223
2022-12-08,3947.79,3974.19,3935.83,3963.51,2157778235
2022-12-09,3954.17,3977.02,3933.04,3934.38,2123231344
2022-12-12,3939.29,3990.71,3935.3,3990.56,2285904829
2022-12-13,4069.38,4100.96,3993.03,4019.65,3087952326
2022-12-14,4015.54,4053.76,3965.65,3995.32,2603890537
2022-12-15,3958.37,3958.37,3879.45,3895.75,2703927276
2022-12-16,3890.91,3890.91,3827.91,3852.36,5089538353
2022-12-19,3853.79,3854.86,3800.04,3817.66,2299211168
2022-12-20,3810.47,3838.24,3795.62,3821.62,2209956558
2022-12-21,3839.49,3889.82,3839.49,3878.44,2148847365
2022-12-22,3853.26,3853.26,3764.49,3822.39,2365338674
2022-12-23,3815.11,3845.8,3797.01,3844.82,1579126770
2022-12-27,3843.34,3846.65,3813.22,3829.25,1744900168
2022-12-28,3829.56,3848.32,3780.78,3783.22,1740055216
2022-12-29,3805.45,3858.19,3805.45,3849.28,1735156616
2022-12-30,3829.06,3839.85,3800.34,3839.5,1706136061
2023-01-03,3853.29,3878.46,3794.33,3824.14,2353396979
2023-01-04,3840.36,3873.16,3815.77,3852.97,2595164544
2023-01-05,3839.74,3839.74,3802.42,3808.1,2259316692
2023-01-06,3823.37,3906.19,3809.56,3895.08,2468430654
2023-01-09,3910.82,3950.57,3890.42,3892.09,2500082779
2023-01-10,3888.57,3919.83,3877.29,3919.25,2141504907
2023-01-11,3932.35,3970.07,3928.54,3969.61,2354204882
2023-01-12,3977.57,3997.76,3937.56,3983.17,2468826678
2023-01-13,3960.6,4003.95,3947.67,3999.09,2305897852
2023-01-17,3999.28,4015.39,3984.57,3990.97,2498747931
2023-01-18,4002.25,4014.16,3926.59,3928.86,2545980650
2023-01-19,3911.84,3922.94,3885.54,3898.85,2465301681
2023-01-20,3909.04,3972.96,3897.86,3972.61,2617398551
2023-01-23,3978.14,4039.31,3971.64,4019.81,2469899901
2023-01-24,4001.74,4023.92,3989.79,4016.95,2091229711
2023-01-25,3982.71,4019.55,3949.06,4016.22,2416051835
2023-01-26,4036.08,4061.57,4013.29,4060.43,2433218693
2023-01-27,4053.72,4094.21,4048.7,4070.56,2572664062
2023-01-30,4049.27,4063.85,4015.55,4017.77,2303537608
2023-01-31,4020.85,4077.16,4020.44,4076.6,2865897027
2023-02-01,4070.07,4148.95,4037.2,4119.21,2939837224
2023-02-02,4158.68,4195.44,4141.88,4179.76,3391309424
2023-02-03,4136.69,4182.36,4123.36,4136.48,2899964493
2023-02-06,4119.57,4124.63,4093.38,4111.08,2284201082
2023-02-07,4105.35,4176.54,4088.39,4164,2612787624
2023-02-08,4153.47,4156.85,4111.67,4117.86,2543426659
2023-02-09,4144.25,4156.23,4069.67,4081.5,2652617337
2023-02-10,4068.92,4094.36,4060.79,4090.46,2312192918
2023-02-13,4096.62,4138.9,4092.67,4137.29,2125959564
2023-02-14,4126.7,4159.77,4095.01,4136.13,2219075513
2023-02-15,4119.5,4148.11,4103.98,4147.6,2112266379
2023-02-16,4114.75,4136.54,4089.49,4090.41,2264834581
2023-02-17,4077.39,4081.51,4047.95,4079.09,2380094371
2023-02-21,4052.35,4052.35,3995.19,3997.34,2347271199
2023-02-22,4001.83,4017.37,3976.9,3991.05,2259720314
2023-02-23,4018.6,4028.3,3969.19,4012.32,2308657962
2023-02-24,3973.24,3978.25,3943.08,3970.04,2180170804
2023-02-27,3992.36,4018.05,3973.55,3982.24,2068606135
2023-02-28,3977.19,3997.5,3968.98,3970.15,2771735399
2023-03-01,3963.34,3971.73,3939.05,3951.39,2225253319
2023-03-02,3938.68,3990.84,3928.16,3981.35,2252262370
2023-03-03,3998.02,4048.29,3995.17,4045.64,2228260881
2023-03-06,4055.15,4078.49,4044.61,4048.42,2183396550
2023-03-07,4048.26,4050,3980.31,3986.37,2261990430
2023-03-08,3987.55,4000.41,3969.76,3992.01,2036782973
2023-03-09,3998.66,4017.81,3908.7,3918.32,2604828562
2023-03-10,3912.77,3934.05,3846.32,3861.59,3238481766
2023-03-13,3835.12,3905.05,3808.86,3855.76,4001022053
2023-03-14,3894.01,3937.29,3873.63,3919.29,3434915177
2023-03-15,3876.74,3894.26,3838.24,3891.93,3703901268
2023-03-16,3878.93,3964.46,3864.11,3960.28,3623445073
2023-03-17,3958.69,3958.91,3901.27,3916.64,5761269537
2023-03-20,3917.47,3956.62,3916.89,3951.57,2917994859
2023-03-21,3975.89,4009.08,3971.19,4002.87,2947355545
2023-03-22,4002.04,4039.49,3936.17,3936.97,2694608426
2023-03-23,3959.21,4007.66,3919.05,3948.72,2797479137
2023-03-24,3939.21,3972.74,3909.16,3970.99,2584795164
2023-03-27,3982.93,4003.83,3970.49,3977.53,2461561562
2023-03-28,3974.13,3979.2,3951.53,3971.27,1986603707
2023-03-29,3999.53,4030.59,3999.53,4027.81,2265595656
2023-03-30,4046.74,4057.85,4032.1,4050.83,2133759612
2023-03-31,4056.18,4110.75,4056.18,4109.31,2516723256
2023-04-03,4102.2,4127.66,4098.79,4124.51,2425239188
2023-04-04,4128.03,4133.13,4086.87,4100.6,2264264203
2023-04-05,4094.5,4099.69,4072.56,4090.38,2325149807
2023-04-06,4081.15,4107.32,4069.84,4105.02,2072470322
2023-04-10,4085.2,4109.5,4072.55,4109.11,1948962417
2023-04-11,4110.29,4124.26,4102.61,4108.94,1989408805
2023-04-12,4121.72,4134.37,4086.94,4091.95,2242917713
2023-04-13,4100.04,4150.26,4099.4,4146.22,2196995300
2023-04-14,4140.11,4163.19,4113.2,4137.64,2077040795
2023-04-17,4137.17,4151.72,4123.18,4151.32,2132427049
2023-04-18,4164.26,4169.48,4140.36,4154.87,2124684260
2023-04-19,4139.33,4162.57,4134.49,4154.52,2158289234
2023-04-20,4130.48,4148.57,4114.57,4129.79,2453132513
2023-04-21,4132.14,4138.02,4113.86,4133.52,2304130058
2023-04-24,4132.07,4142.41,4117.77,4137.04,2113777657
2023-04-25,4126.43,4126.43,4071.38,4071.63,2559843604
2023-04-26,4087.78,4089.67,4049.35,4055.99,2698867825
2023-04-27,4075.29,4138.24,4075.29,4135.35,2698412526
2023-04-28,4129.63,4170.06,4127.17,4169.48,2723328076
2023-05-01,4166.79,4186.92,4164.12,4167.87,2244433487
2023-05-02,4164.1,4164.1,4089.72,4119.58,2638399719
2023-05-03,4122.25,4148.3,4088.86,4090.75,2793300701
2023-05-04,4082.55,4082.61,4048.28,4061.22,2876115101
2023-05-05,4084.73,4147.02,4084.73,4136.25,2470165404
2023-05-08,4136.98,4142.3,4123.81,4138.12,2097970022
2023-05-09,4124.25,4130.35,4116.65,4119.17,2063699116
2023-05-10,4143.74,4154.28,4098.92,4137.64,2344517718
2023-05-11,4132.24,4132.8,4109.29,4130.62,2245622679
2023-05-12,4138.54,4143.74,4099.12,4124.08,2076596316
2023-05-15,4126.65,4141.25,4110.27,4136.28,2052455077
2023-05-16,4127.95,4135.54,4109.86,4109.9,2176451205
2023-05-17,4122.85,4164.67,4113.62,4158.77,2440897931
2023-05-18,4157.68,4202.2,4153.5,4198.05,2409183557
2023-05-19,4204.15,4212.91,4180.2,4191.98,2352764320
2023-05-22,4190.78,4209.22,4179.68,4192.63,2217613961
2023-05-23,4176.8,4185.68,4142.54,4145.58,2437622999
2023-05-24,4132.96,4132.96,4103.98,4115.24,2275689933
2023-05-25,4155.71,4165.74,4129.73,4151.28,2825869882
2023-05-26,4156.16,4212.87,4156.16,4205.45,2591763936
2023-05-30,4226.71,4231.1,4192.18,4205.52,2562757079
2023-05-31,4190.74,4195.44,4166.15,4179.83,4400897953
2023-06-01,4183.03,4232.43,4171.64,4221.02,2581648680
2023-06-02,4241.01,4290.67,4241.01,4282.37,2730479867
2023-06-05,4282.99,4299.28,4266.82,4273.79,2189296481
2023-06-06,4271.34,4288.33,4263.09,4283.85,2246726404
2023-06-07,4285.47,4299.19,4263.96,4267.52,2726818936
2023-06-08,4268.69,4298.01,4261.07,4293.93,2224429186
2023-06-09,4304.88,4322.62,4291.7,4298.86,2141505268
2023-06-12,4308.32,4340.13,4304.37,4338.93,2457045650
2023-06-13,4352.61,4375.37,4349.31,4369.01,2547779855
2023-06-14,4366.29,4391.82,4337.85,4372.59,2641024713
2023-06-15,4365.33,4439.2,4362.6,4425.84,2569292175
2023-06-16,4440.95,4448.47,4407.44,4409.59,4195443308
2023-06-20,4396.11,4400.15,4367.19,4388.71,2431767578
2023-06-21,4380.01,4386.22,4360.14,4365.69,2324030886
2023-06-22,4355.4,4382.25,4351.82,4381.89,2091147063
2023-06-23,4354.17,4366.55,4341.34,4348.33,3056621301
2023-06-26,4344.84,4362.06,4328.08,4328.82,2248760425
2023-06-27,4337.36,4384.42,4335,4378.41,2286873269
2023-06-28,4367.48,4390.35,4360.22,4376.86,2276949818
2023-06-29,4374.94,4398.39,4371.97,4396.44,2152193154
2023-06-30,4422.44,4458.48,4422.44,4450.38,2489651506
2023-07-03,4422.44,4458.48,4422.44,4455.59,1243004399
2023-07-05,4442.04,4454.06,4436.61,4446.82,2152798808
2023-07-06,4422.62,4422.62,4385.05,4411.59,2226039196
2023-07-07,4404.54,4440.39,4397.4,4398.95,2113381973
2023-07-10,4394.23,4412.6,4389.92,4409.53,2171846554
2023-07-11,4415.55,4443.64,4408.46,4439.26,2131114902
2023-07-12,4467.69,4488.34,4463.23,4472.16,2323660864
2023-07-13,4491.5,4517.38,4489.36,4510.04,2254612299
2023-07-14,4514.61,4527.76,4499.56,4505.42,2371250817
2023-07-17,4508.86,4532.85,4504.9,4522.79,2357507633
2023-07-18,4521.78,4562.3,4514.59,4554.98,2538286894
2023-07-19,4563.87,4578.43,4557.48,4565.72,2585040201
2023-07-20,4554.38,4564.74,4527.56,4534.87,2593544503
2023-07-21,4550.16,4555,4535.79,4536.34,3275429686
2023-07-24,4543.39,4563.41,4541.29,4554.64,2136206636
2023-07-25,4555.19,4580.62,4552.42,4567.46,2305490101
2023-07-26,4558.96,4582.47,4547.58,4566.75,2312272045
2023-07-27,4598.26,4607.07,4528.56,4537.41,2666286293
2023-07-28,4565.75,4590.16,4564.01,4582.23,2359801217
2023-07-31,4584.82,4594.22,4573.14,4588.96,2411537985
2023-08-01,4578.83,4584.62,4567.53,4576.73,2172699881
2023-08-02,4550.93,4550.93,4505.75,4513.39,2466207896
2023-08-03,4494.27,4519.49,4485.54,4501.89,2351421483
2023-08-04,4513.96,4540.34,4474.55,4478.03,2413919840
2023-08-07,4491.58,4519.84,4491.15,4518.44,2055431221
2023-08-08,4498.03,4503.31,4464.39,4499.38,2172253124
2023-08-09,4501.57,4502.44,4461.33,4467.71,2046722089
2023-08-10,4487.16,4527.37,4457.92,4468.83,2111185396
2023-08-11,4450.69,4476.23,4443.98,4464.05,1850766477
2023-08-14,4458.13,4490.33,4453.44,4489.72,1955913253
2023-08-15,4478.87,4478.87,4432.19,4437.86,1977157506
2023-08-16,4433.79,4449.95,4403.55,4404.33,2001143711
2023-08-17,4416.32,4421.17,4364.83,4370.36,2216839469
2023-08-18,4344.88,4381.82,4335.31,4369.71,2157858548
2023-08-21,4380.28,4407.55,4360.3,4399.77,2057592847
2023-08-22,4415.33,4418.59,4382.77,4387.55,1905849406
2023-08-23,4396.44,4443.18,4396.44,4436.01,2013748142
2023-08-24,4455.16,4458.3,4375.55,4376.31,2077193771
2023-08-25,4389.38,4418.46,4356.29,4405.71,1976128172
2023-08-28,4426.03,4439.56,4414.98,4433.31,1669881577
2023-08-29,4432.75,4500.14,4431.68,4497.63,1936663046
2023-08-30,4500.34,4521.65,4493.59,4514.87,1827645178
2023-08-31,4517.01,4532.26,4507.39,4507.66,2352361081
2023-09-01,4530.6,4541.25,4501.35,4515.77,1958155311
2023-09-05,4510.06,4514.29,4496.01,4496.83,2128341430
2023-09-06,4490.35,4490.35,4442.38,4465.48,2138052710
2023-09-07,4434.55,4457.81,4430.46,4451.14,2441134922
2023-09-08,4451.3,4473.53,4448.38,4457.49,2076441612
2023-09-11,4480.98,4490.77,4467.89,4487.46,2165432434
2023-09-12,4473.27,4487.11,4456.83,4461.9,2184137855
2023-09-13,4462.65,4479.39,4453.52,4467.44,2268926200
2023-09-14,4487.78,4511.99,4478.69,4505.1,2275484003
2023-09-15,4497.98,4497.98,4447.21,4450.32,4244973105
2023-09-18,4445.13,4466.36,4442.11,4453.53,1932361461
2023-09-19,4445.41,4449.85,4416.61,4443.95,2018270144
2023-09-20,4452.81,4461.03,4401.38,4402.2,1976745837
2023-09-21,4374.36,4375.7,4329.17,4330,2298552282
2023-09-22,4341.74,4357.4,4316.49,4320.06,2135953365
2023-09-25,4310.62,4338.51,4302.7,4337.44,1858119044
2023-09-26,4312.88,4313.01,4265.98,4273.53,2129442202
2023-09-27,4282.63,4292.07,4238.63,4274.51,2299297267
2023-09-28,4269.65,4317.27,4264.38,4299.7,2235764324
2023-09-29,4328.18,4333.15,4274.86,4288.05,2411036284
2023-10-02,4284.52,4300.58,4260.21,4288.39,2419266832
2023-10-03,4269.75,4281.15,4216.45,4229.45,2430973527
2023-10-04,4233.83,4268.5,4220.48,4263.75,2329779403
2023-10-05,4259.31,4267.13,4225.91,4258.19,2230253462
2023-10-06,4234.79,4324.1,4219.55,4308.5,2493423103
2023-10-09,4289.02,4341.73,4283.79,4335.66,1991524626
2023-10-10,4339.75,4385.46,4339.64,4358.24,2160880932
2023-10-11,4366.59,4378.64,4345.34,4376.95,2115648071
2023-10-12,4380.94,4385.85,4325.43,4349.61,2344769422
2023-10-13,4360.49,4377.1,4311.97,4327.78,2302663368
2023-10-16,4342.37,4383.33,4342.37,4373.63,2124400350
2023-10-17,4345.23,4393.57,4337.54,4373.2,2355659575
2023-10-18,4357.35,4364.2,4303.84,4314.6,2390659124
2023-10-19,4321.36,4339.54,4269.69,4278,2635705086
2023-10-20,4273.85,4276.56,4223.03,4224.16,2734219191
2023-10-23,4210.4,4255.84,4189.22,4217.04,2454581997
2023-10-24,4235.79,4259.38,4219.43,4247.68,2472963274
2023-10-25,4232.42,4232.42,4181.42,4186.77,2665565303
2023-10-26,4175.99,4183.6,4127.9,4137.23,2959734415
2023-10-27,4152.93,4156.7,4103.78,4117.37,2784710672
2023-10-30,4139.39,4177.47,4132.94,4166.82,2600517109
2023-10-31,4171.33,4195.55,4153.12,4193.8,2701786725
2023-11-01,4201.27,4245.64,4197.74,4237.86,2804876425
2023-11-02,4268.26,4319.72,4268.26,4317.78,2808160224
2023-11-03,4334.23,4373.62,4334.23,4358.34,2683282215
2023-11-06,4364.27,4372.21,4347.53,4365.98,2177065334
2023-11-07,4366.21,4386.26,4355.41,4378.38,2273382086
2023-11-08,4384.37,4391.2,4359.76,4382.78,2285134021
2023-11-09,4391.41,4393.4,4343.94,4347.35,2361060379
2023-11-10,4364.15,4418.03,4353.34,4415.24,2231546561
2023-11-13,4406.66,4421.76,4393.82,4411.55,1991619458
2023-11-14,4458.97,4508.67,4458.97,4495.7,2672131739
2023-11-15,4505.3,4521.17,4495.31,4502.88,2555968121
2023-11-16,4497.08,4511.99,4487.83,4508.24,2502113762
2023-11-17,4509.55,4520.12,4499.66,4514.02,2273204200
2023-11-20,4511.7,4557.11,4510.36,4547.38,2183094585
2023-11-21,4538.77,4542.14,4525.51,4538.19,2059443812
2023-11-22,4553.04,4568.43,4545.05,4556.62,1886910426
2023-11-24,4555.84,4560.31,4552.8,4559.34,883871606
2023-11-27,4554.86,4560.52,4546.32,4550.43,2000833401
2023-11-28,4545.55,4568.14,4540.51,4554.89,2097872795
2023-11-29,4571.84,4587.64,4547.15,4550.58,2423616420
2023-11-30,4554.87,4569.89,4537.24,4567.8,3541778970
2023-12-01,4559.43,4599.39,4554.71,4594.63,2505721705
2023-12-04,4564.37,4572.37,4546.72,4569.78,2465568577
2023-12-05,4557.25,4578.56,4551.68,4567.18,2322321833
2023-12-06,4586.23,4590.74,4546.5,4549.34,2383220473
2023-12-07,4568.84,4590.92,4565.22,4585.59,2457048305
2023-12-08,4576.2,4609.23,4574.06,4604.37,2307905221
2023-12-11,4593.39,4623.71,4593.39,4622.44,2421573608
2023-12-12,4618.3,4643.93,4608.09,4643.7,2348740164
2023-12-13,4646.2,4709.69,4643.23,4707.09,2968692293
2023-12-14,4721.04,4738.57,4694.34,4719.55,3861364751
2023-12-15,4714.23,4725.53,4704.69,4719.19,5291443423
2023-12-18,4725.58,4749.52,4725.58,4740.56,2431569697
2023-12-19,4743.72,4768.69,4743.72,4768.37,2343967459
2023-12-20,4764.73,4778.01,4697.82,4698.35,2481584831
2023-12-21,4724.29,4748.71,4708.35,4746.75,2161613127
2023-12-22,4753.92,4772.94,4736.77,4754.63,1751108227
2023-12-26,4758.86,4784.72,4758.45,4774.75,1446123076
2023-12-27,4773.45,4785.39,4768.9,4781.58,1613387599
2023-12-28,4786.44,4793.3,4780.98,4783.35,1484576350
2023-12-29,4782.88,4788.43,4751.99,4769.83,1744617290
2024-01-02,4745.2,4754.33,4722.67,4742.83,2436433260
2024-01-03,4725.07,4729.29,4699.71,4704.81,2462780864
2024-01-04,4697.42,4726.78,4687.53,4688.68,2367124529
2024-01-05,4690.57,4721.49,4682.11,4697.24,2204799754
2024-01-08,4703.7,4764.54,4699.82,4763.54,2298967638
2024-01-09,4741.93,4765.47,4730.35,4756.5,2236452784
2024-01-10,4759.94,4790.8,4756.2,4783.45,2160956464
2024-01-11,4792.13,4798.5,4739.58,4780.24,2320939953
2024-01-12,4791.18,4802.4,4768.98,4783.83,2236217742
2024-01-16,4772.35,4782.34,4747.12,4765.98,2600196183
2024-01-17,4739.13,4744.23,4714.82,4739.21,2320340664
2024-01-18,4760.1,4785.79,4740.57,4780.94,2591426040
2024-01-19,4796.28,4842.07,4785.87,4839.81,2758405262
2024-01-22,4853.42,4868.41,4844.05,4850.43,2633780446
2024-01-23,4856.8,4866.48,4844.37,4864.6,2388786865
2024-01-24,4888.56,4903.68,4865.94,4868.55,2675171919
2024-01-25,4886.66,4898.15,4869.34,4894.16,2903392182
2024-01-26,4888.91,4906.69,4881.47,4890.97,2388032275
2024-01-29,4892.95,4929.31,4887.4,4927.93,2312494392
2024-01-30,4925.89,4931.09,4916.27,4924.97,2579106428
2024-01-31,4899.19,4906.75,4845.15,4845.65,3297263902
2024-02-01,4861.11,4906.97,4853.52,4906.19,2808069454
2024-02-02,4916.06,4975.29,4907.99,4958.61,2791773912
2024-02-05,4957.19,4957.19,4918.09,4942.81,2584805952
2024-02-06,4950.16,4957.77,4934.88,4954.23,2477503347
2024-02-07,4973.05,4999.89,4969.05,4995.06,2591206982
2024-02-08,4995.16,5000.4,4987.09,4997.91,2436611938
2024-02-09,5004.17,5030.06,5000.34,5026.61,2305688993
2024-02-12,5026.83,5048.39,5016.83,5021.84,2230537686
2024-02-13,4967.94,4971.3,4920.31,4953.17,2581714918
2024-02-14,4976.44,5002.52,4956.45,5000.62,2325126439
2024-02-15,5003.14,5032.72,4999.44,5029.73,2424880973
2024-02-16,5031.13,5038.7,4999.52,5005.57,2298707861
2024-02-20,4989.32,4993.71,4955.02,4975.51,2454586525
2024-02-21,4963.03,4983.21,4946,4981.8,2254957644
2024-02-22,5038.83,5094.39,5038.83,5087.03,2575496447
2024-02-23,5100.92,5111.06,5081.46,5088.8,2256863196
2024-02-26,5093,5097.66,5068.91,5069.53,2248390032
2024-02-27,5074.6,5080.69,5057.29,5078.18,2149213570
2024-02-28,5067.2,5077.37,5058.35,5069.76,2079030384
2024-02-29,5085.36,5104.99,5061.89,5096.27,3310290023
2024-03-01,5098.51,5140.33,5094.16,5137.08,2453221439
2024-03-04,5130.99,5149.67,5127.18,5130.95,2818870452
2024-03-05,5110.52,5114.54,5056.82,5078.65,2704129642
2024-03-06,5108.03,5127.97,5092.22,5104.76,2604927497
2024-03-07,5132.38,5165.62,5128.21,5157.36,2359269056
2024-03-08,5164.46,5189.26,5117.5,5123.69,2430070760
2024-03-11,5111.96,5124.66,5091.14,5117.94,2207490802
2024-03-12,5134.3,5179.87,5114.48,5175.27,2294319101
2024-03-13,5173.49,5179.14,5151.88,5165.31,2415913063
2024-03-14,5175.14,5176.85,5123.3,5150.48,2653395897
2024-03-15,5123.31,5136.86,5104.35,5117.09,5156067746
2024-03-18,5154.77,5175.6,5145.47,5149.42,2395481603
2024-03-19,5139.09,5180.31,5131.59,5178.51,2206625058
2024-03-20,5181.69,5226.19,5171.55,5224.62,2293911189
2024-03-21,5253.43,5261.1,5240.66,5241.53,2513703086
2024-03-22,5242.48,5246.09,5229.87,5234.18,2009116285
2024-03-25,5219.52,5229.09,5216.09,5218.19,2083558443
2024-03-26,5228.85,5235.16,5203.42,5203.58,2254197442
2024-03-27,5226.31,5249.26,5213.92,5248.49,2275362496
2024-03-28,5248.03,5264.85,5245.82,5254.35,2400060516
2024-04-01,5257.97,5263.95,5229.2,5243.77,1992072382
2024-04-02,5204.29,5208.34,5184.05,5205.81,2404999435
2024-04-03,5194.37,5228.75,5194.37,5211.49,2291919524
2024-04-04,5244.05,5256.59,5146.06,5147.21,2533977104
2024-04-05,5158.95,5222.18,5157.21,5204.34,2201731585
2024-04-08,5211.37,5219.57,5197.35,5202.39,2006989877
2024-04-09,5217.03,5224.81,5160.78,5209.91,2025386254
2024-04-10,5167.88,5178.43,5138.7,5160.64,2288234836
2024-04-11,5172.95,5211.78,5138.77,5199.06,2204862038
2024-04-12,5171.51,5175.03,5107.94,5123.41,2409339978
2024-04-15,5149.67,5168.43,5052.47,5061.82,2305701976
2024-04-16,5064.59,5079.84,5039.83,5051.41,2334071918
2024-04-17,5068.97,5077.96,5007.25,5022.21,2289242657
2024-04-18,5031.52,5056.66,5001.89,5011.12,2206949033
2024-04-19,5005.44,5019.02,4953.56,4967.23,2733302804
2024-04-22,4987.33,5038.84,4969.4,5010.6,2348891195
2024-04-23,5028.85,5076.12,5027.96,5070.55,2311653512
2024-04-24,5084.86,5089.48,5047.02,5071.63,2523336454
2024-04-25,5019.88,5057.75,4990.58,5048.42,2691433796
2024-04-26,5084.65,5114.62,5073.14,5099.96,2401044210
2024-04-29,5114.13,5123.49,5088.65,5116.17,2337162842
2024-04-30,5103.78,5110.83,5035.31,5035.69,2776658379
2024-05-01,5029.03,5096.12,5013.45,5018.39,2863485285
2024-05-02,5049.32,5073.21,5011.05,5064.2,2622597256
2024-05-03,5122.78,5139.12,5101.22,5127.79,2441285064
2024-05-06,5142.42,5181,5142.42,5180.74,2174332915
2024-05-07,5187.2,5200.23,5178.96,5187.7,2275796703
2024-05-08,5168.98,5191.95,5165.86,5187.67,2091022880
2024-05-09,5189.03,5215.3,5180.41,5214.08,1972154705
2024-05-10,5225.49,5239.66,5209.68,5222.68,1883332754
2024-05-13,5233.08,5237.26,5211.16,5221.42,1947454376
2024-05-14,5221.1,5250.37,5217.98,5246.68,2029372117
2024-05-15,5263.26,5311.76,5263.26,5308.15,2309693551
2024-05-16,5310.07,5325.49,5296.19,5297.1,2212538542
2024-05-17,5303.1,5305.45,5283.59,5303.27,1967120185
2024-05-20,5305.35,5325.32,5302.4,5308.13,1832281783
2024-05-21,5298.69,5324.32,5297.87,5321.41,1974321300
2024-05-22,5319.28,5323.18,5286.01,5307.01,2079437184
2024-05-23,5340.26,5341.88,5256.93,5267.84,2290682207
2024-05-24,5281.45,5311.65,5278.39,5304.72,1743354318
2024-05-28,5315.91,5315.91,5280.89,5306.04,2103027432
2024-05-29,5278.73,5282.27,5262.7,5266.95,2213572737
2024-05-30,5259.77,5260.21,5222.1,5235.48,2316855451
2024-05-31,5243.21,5280.33,5191.68,5277.51,3930922654
2024-06-03,5297.15,5302.11,5234.32,5283.4,2302964768
2024-06-04,5278.24,5298.8,5257.63,5291.34,2164149777
2024-06-05,5314.48,5354.16,5297.64,5354.03,2146262616
2024-06-06,5357.8,5362.35,5335.36,5352.96,2010878169
2024-06-07,5343.81,5375.08,5331.33,5346.99,1858111620
2024-06-10,5341.22,5365.79,5331.52,5360.79,2429865093
2024-06-11,5353,5375.95,5327.25,5375.32,2348465741
2024-06-12,5409.13,5447.25,5409.13,5421.03,2704467405
2024-06-13,5441.93,5441.93,5402.51,5433.74,2400335831
2024-06-14,5424.08,5432.39,5403.75,5431.6,2243055474
2024-06-17,5431.11,5488.5,5420.4,5473.23,2420148034
2024-06-18,5476.15,5490.38,5471.32,5487.03,2461866815
2024-06-20,5499.99,5505.53,5455.56,5473.17,2910277019
2024-06-21,5466.77,5478.31,5452.03,5464.62,5262188426
2024-06-24,5459.58,5490.66,5447.59,5447.87,2764542196
2024-06-25,5460.73,5472.88,5446.56,5469.3,2591287124
2024-06-26,5460.71,5483.14,5451.87,5477.9,2559078106
2024-06-27,5473.59,5490.81,5467.54,5482.87,2481421661
2024-06-28,5488.48,5523.64,5451.12,5460.48,4191113989
2024-07-01,5471.08,5479.55,5446.53,5475.09,2405261991
2024-07-02,5461.84,5509.69,5458.43,5509.01,2304047725
2024-07-03,5507.44,5539.27,5507.42,5537.02,1549367174
2024-07-05,5537.91,5570.33,5531.63,5567.19,2251076552
2024-07-08,5572.75,5583.11,5562.51,5572.85,2367962923
2024-07-09,5584.24,5590.75,5574.57,5576.98,2410304329
2024-07-10,5591.26,5635.39,5586.44,5633.91,2293787875
2024-07-11,5635.21,5642.45,5576.53,5584.54,2891782852
2024-07-12,5590.76,5655.56,5590.44,5615.35,2518289932
2024-07-15,5638.16,5666.94,5614.75,5631.22,2413952993
2024-07-16,5644.09,5669.67,5639.02,5667.2,2531434039
2024-07-17,5610.07,5622.49,5584.81,5588.27,3147941670
2024-07-18,5608.56,5614.05,5522.81,5544.59,2925863797
2024-07-19,5543.37,5557.5,5497.04,5505,2649395359
2024-07-22,5544.54,5570.36,5529.04,5564.41,2510186143
2024-07-23,5565.3,5585.34,5550.9,5555.74,2396798167
2024-07-24,5505.84,5508.04,5419.98,5427.13,3019958131
2024-07-25,5428.7,5491.59,5390.95,5399.22,3527915379
2024-07-26,5433.67,5488.32,5430.7,5459.1,2629669887
2024-07-29,5476.55,5487.74,5444.44,5463.54,2365507845
2024-07-30,5478.73,5489.46,5401.7,5436.44,2986625387
2024-07-31,5505.59,5551.51,5493.75,5522.3,3414671559
2024-08-01,5537.84,5566.16,5410.42,5446.68,3418904485
2024-08-02,5376.63,5383.89,5302.03,5346.56,3978703316
2024-08-05,5151.14,5250.89,5119.26,5186.33,3980390351
2024-08-06,5206.42,5312.34,5193.56,5240.03,3151389904
2024-08-07,5293.13,5330.64,5195.54,5199.5,2941853299
2024-08-08,5252.57,5328.03,5233.85,5319.31,2678076619
2024-08-09,5314.66,5358.67,5300.84,5344.16,2166862146
2024-08-12,5351.88,5371.2,5324.37,5344.39,2260298271
2024-08-13,5376.98,5436.5,5376.98,5434.43,2570811508
2024-08-14,5442.36,5463.22,5415.91,5455.21,2314941339
2024-08-15,5501.13,5546.23,5501.13,5543.22,2634228527
2024-08-16,5530.5,5561.98,5525.17,5554.25,2268720418
2024-08-19,5557.23,5608.3,5550.74,5608.25,2087595197
2024-08-20,5602.88,5620.51,5585.5,5597.12,2107090596
2024-08-21,5603.09,5632.68,5591.57,5620.85,2012469478
2024-08-22,5637.77,5643.22,5560.95,5570.64,2194647052
2024-08-23,5602.49,5641.82,5585.16,5634.61,2202182799
2024-08-26,5639.66,5651.62,5602.34,5616.84,2001282879
2024-08-27,5602.89,5631.18,5593.48,5625.8,1976075739
2024-08-28,5624.51,5627.03,5560.95,5592.18,2132471376
2024-08-29,5607.3,5646.95,5583.71,5591.96,2310418093
2024-08-30,5612.74,5651.37,5581.79,5648.4,2762259722
2024-09-03,5623.89,5623.89,5504.33,5528.93,2889025715
2024-09-04,5506.68,5552.99,5503.66,5520.07,2476388898
2024-09-05,5520.08,5546.3,5480.54,5503.41,2438758429
2024-09-06,5507.33,5522.47,5402.62,5408.42,2796173257
2024-09-09,5442.07,5484.2,5434.49,5471.05,2563088575
2024-09-10,5490.51,5497.91,5441.72,5495.52,2530774046
2024-09-11,5496.42,5560.41,5406.96,5554.13,2798708651
2024-09-12,5557.48,5600.71,5535.5,5595.76,2572650974
2024-09-13,5603.34,5636.27,5601.65,5626.02,2202686111
2024-09-16,5615.21,5636.05,5604.53,5633.09,2318065724
2024-09-17,5655.51,5670.81,5614.05,5634.58,2342473577
2024-09-18,5641.68,5689.75,5615.08,5618.26,2458455287
2024-09-19,5702.63,5733.57,5686.42,5713.64,2789941065
2024-09-20,5709.64,5715.14,5674.49,5702.55,5736379725
2024-09-23,5711.9,5725.36,5704.22,5718.57,2429303077
2024-09-24,5727.66,5735.32,5698.99,5732.93,2571337590
2024-09-25,5733.65,5741.03,5712.06,5722.26,2450340600
2024-09-26,5762.22,5767.37,5721.01,5745.37,2756431397
2024-09-27,5755.36,5763.78,5727.34,5738.17,2317410119
2024-09-30,5726.52,5765.14,5703.53,5762.48,2512100061
2024-10-01,5757.73,5757.73,5681.28,5708.75,2623242153
2024-10-02,5698.14,5719.63,5674,5709.54,2224344812
2024-10-03,5698.19,5718.78,5677.37,5699.94,2199794863
2024-10-04,5737.48,5753.21,5702.83,5751.07,2211353425
2024-10-07,5737.8,5739.34,5686.85,5695.94,2384804685
2024-10-08,5719.14,5757.6,5714.56,5751.13,2274877236
2024-10-09,5751.8,5796.8,5745.02,5792.04,2222040985
2024-10-10,5778.36,5795.03,5764.76,5780.05,2091866037
2024-10-11,5775.09,5822.13,5775.09,5815.03,2154169249
2024-10-14,5829.81,5871.41,5829.57,5859.85,2003295456
2024-10-15,5866.74,5870.36,5804.48,5815.26,2828509934
2024-10-16,5816.58,5846.52,5808.34,5842.47,2301294506
2024-10-17,5875.62,5878.46,5840.25,5841.47,2394376383
2024-10-18,5859.43,5872.17,5846.11,5864.67,2157845295
2024-10-21,5857.82,5866.92,5824.79,5853.98,2091355741
2024-10-22,5832.7,5863.04,5821.17,5851.2,2245293747
2024-10-23,5834.5,5834.85,5762.41,5797.42,2375100419
2024-10-24,5817.8,5817.8,5784.92,5809.86,2283227696
2024-10-25,5826.75,5862.82,5799.98,5808.12,2270596865
2024-10-28,5833.93,5842.92,5823.08,5823.52,2209334797
2024-10-29,5819.68,5847.19,5802.17,5832.92,2572018715
2024-10-30,5832.65,5850.94,5811.28,5813.67,2847422903
2024-10-31,5775.34,5775.34,5702.86,5705.45,3332360701
2024-11-01,5723.22,5772.52,5723.22,5728.8,2742173410
2024-11-04,5725.15,5741.43,5696.51,5712.69,2423396486
2024-11-05,5722.43,5783.44,5722.1,5782.76,2366842625
2024-11-06,5864.89,5936.14,5864.89,5929.04,4192067340
2024-11-07,5947.21,5983.84,5947.21,5973.1,3071243707
2024-11-08,5976.76,6012.45,5976.76,5995.54,2756536816
2024-11-11,6008.86,6017.31,5986.69,6001.35,2714209900
2024-11-12,6003.6,6009.92,5960.08,5983.99,2611467951
2024-11-13,5985.75,6008.19,5965.91,5985.38,2602203282
2024-11-14,5989.68,5993.88,5942.28,5949.17,2623461604
2024-11-15,5912.79,5915.32,5853.01,5870.62,3288789253
2024-11-18,5874.17,5908.12,5865.95,5893.62,2820487217
2024-11-19,5870.05,5923.51,5855.29,5916.98,2673922540
2024-11-20,5914.34,5920.67,5860.56,5917.11,2578080238
2024-11-21,5940.58,5963.32,5887.26,5948.71,2857014860
2024-11-22,5944.36,5972.9,5944.36,5969.34,2609740025
2024-11-25,5992.28,6020.75,5963.91,5987.37,3948304635
2024-11-26,6000.03,6025.42,5992.27,6021.63,2416828421
2024-11-27,6014.11,6020.16,5984.87,5998.74,2090790475
2024-11-29,6003.98,6044.17,6003.98,6032.38,1446140067
2024-12-02,6040.11,6053.58,6035.33,6047.15,2724890947
2024-12-03,6042.97,6052.07,6033.39,6049.88,2631959854
2024-12-04,6069.39,6089.84,6061.06,6086.49,2629946648
2024-12-05,6089.03,6094.55,6072.9,6075.11,2638048678
2024-12-06,6081.38,6099.97,6079.98,6090.27,2494915762
2024-12-09,6083.01,6088.51,6048.63,6052.85,2924094285
2024-12-10,6057.59,6065.4,6029.89,6034.91,2778369429
2024-12-11,6060.15,6092.59,6060.15,6084.19,2856984712
2024-12-12,6074.29,6079.68,6051.25,6051.25,2378727487
2024-12-13,6068.17,6078.58,6035.77,6051.09,2443474215
2024-12-16,6063.79,6085.19,6059.14,6074.08,3097239687
2024-12-17,6052.55,6057.68,6035.19,6050.61,3000899439
2024-12-18,6047.65,6070.67,5867.79,5872.16,3301322111
2024-12-19,5912.71,5935.52,5866.07,5867.08,3217378918
2024-12-20,5842,5982.06,5832.3,5930.85,6347727401
2024-12-23,5940.25,5978.25,5902.57,5974.07,2311068693
2024-12-24,5984.63,6040.1,5981.44,6040.04,1127118254
2024-12-26,6024.97,6049.75,6007.37,6037.59,1482485163
2024-12-27,6006.17,6006.17,5932.95,5970.84,1807640884
2024-12-30,5920.67,5940.79,5869.16,5906.94,1927545914
2024-12-31,5919.74,5929.74,5868.86,5881.63,1785851688
2025-01-02,5903.26,5935.09,5829.53,5868.55,2210071126
2025-01-03,5891.07,5949.34,5888.66,5942.47,2190353238
2025-01-06,5982.81,6021.04,5960.01,5975.38,2802829671
2025-01-07,5993.26,6000.68,5890.68,5909.03,2676437580
2025-01-08,5910.66,5927.89,5874.78,5918.25,2502210380
2025-01-10,5890.35,5890.35,5807.78,5827.04,3055778240
2025-01-13,5782.02,5838.61,5773.31,5836.22,2721450612
2025-01-14,5859.27,5871.92,5805.42,5842.91,2434957076
2025-01-15,5905.21,5960.61,5905.21,5949.91,2740994513
2025-01-16,5963.61,5964.69,5930.72,5937.34,2515871927
2025-01-17,5995.4,6014.96,5978.44,5996.66,2984861785
2025-01-21,6014.12,6051.51,6006.88,6049.24,3041263308
2025-01-22,6081.39,6100.81,6076.13,6086.37,2857124946
2025-01-23,6076.32,6118.73,6074.67,6118.71,2474451164
2025-01-24,6121.43,6128.18,6088.74,6101.24,2507791504
2025-01-27,5969.04,6017.17,5962.92,6012.28,4076897334
2025-01-28,6026.97,6074.54,5994.63,6067.7,3319837438
2025-01-29,6057.7,6062.83,6012.96,6039.31,2830742115
2025-01-30,6050.75,6086.64,6027.46,6071.17,3068265894
2025-01-31,6096.79,6120.91,6030.93,6040.53,3517384478
2025-02-03,5969.65,6022.13,5923.93,5994.57,3289467890
2025-02-04,5998.14,6042.48,5990.87,6037.88,3054209134
2025-02-05,6020.45,6062.86,6007.06,6061.48,3147722642
2025-02-06,6072.22,6084.03,6046.83,6083.57,3084795461
2025-02-07,6083.13,6101.28,6019.96,6025.99,2940570238
2025-02-10,6046.4,6073.38,6044.84,6066.44,2743606149
2025-02-11,6049.32,6076.28,6042.34,6068.5,2748396013
2025-02-12,6025.08,6063,6003,6051.97,2878167149
2025-02-13,6060.59,6116.91,6050.95,6115.07,2949594434
2025-02-14,6115.52,6127.47,6107.62,6114.63,2801121274
2025-02-18,6121.6,6129.63,6099.51,6129.58,3260380206
2025-02-19,6117.76,6147.43,6111.15,6144.15,3043365332
2025-02-20,6134.5,6134.5,6084.59,6117.52,2957558735
2025-02-21,6114.1,6114.82,6008.56,6013.13,3386529313
2025-02-24,6026.69,6043.65,5977.83,5983.25,3282444303
2025-02-25,5982.73,5992.65,5908.49,5955.25,3485186582
2025-02-26,5970.87,6009.82,5932.69,5956.06,2964610227
2025-02-27,5981.88,5993.69,5858.78,5861.57,3331941837
2025-02-28,5856.74,5959.4,5837.66,5954.5,4316692726
2025-03-03,5968.33,5986.09,5810.91,5849.72,3603000420
2025-03-04,5811.98,5865.08,5732.59,5778.15,4246585884
2025-03-05,5781.36,5860.59,5742.35,5842.63,3325531511
2025-03-06,5785.87,5812.08,5711.64,5738.52,3339780761
2025-03-07,5726.01,5783.01,5666.29,5770.2,3959743165
2025-03-10,5705.37,5705.37,5564.02,5614.56,4333777137
2025-03-11,5603.65,5636.3,5528.41,5572.07,4112822451
2025-03-12,5624.84,5642.19,5546.09,5599.3,3450861763
2025-03-13,5594.45,5597.78,5504.65,5521.52,3323485209
2025-03-14,5563.85,5645.27,5563.85,5638.94,3011969007
2025-03-17,5635.6,5703.52,5631.12,5675.12,2983957601
2025-03-18,5654.53,5654.53,5597.76,5614.66,2895840659
2025-03-19,5632.37,5715.33,5622.2,5675.29,3021919411
2025-03-20,5646.92,5711.15,5632.33,5662.89,2841249219
2025-03-21,5630.73,5670.84,5603.1,5667.56,6468495934
2025-03-24,5718.08,5775.14,5718.08,5767.57,3039851911
2025-03-25,5775.96,5786.95,5760.42,5776.65,2675650367
2025-03-26,5771.66,5783.62,5694.41,5712.2,2865457257
2025-03-27,5695.64,5732.28,5670.94,5693.31,2824605380
2025-03-28,5679.2,5685.89,5572.42,5580.94,2837703209
2025-03-31,5527.91,5627.56,5488.73,5611.85,3675243524
2025-04-01,5597.53,5650.57,5558.52,5633.07,2781333289
2025-04-02,5580.76,5695.31,5571.48,5670.97,2742941301
2025-04-03,5492.74,5499.53,5390.83,5396.52,4996896429
2025-04-04,5292.14,5292.14,5069.9,5074.08,6052894256
2025-04-07,4953.79,5246.57,4835.04,5062.25,6239428293
2025-04-08,5193.57,5267.47,4910.42,4982.77,5074219157
2025-04-09,4965.28,5481.34,4948.43,5456.9,6666213104
2025-04-10,5353.15,5353.15,5115.27,5268.05,4796067908
2025-04-11,5255.56,5381.46,5220.77,5363.36,3746060666
2025-04-14,5441.96,5459.46,5358.02,5405.97,3281232715
2025-04-15,5411.99,5450.41,5386.44,5396.63,2806100917
2025-04-16,5335.75,5367.24,5220.79,5275.7,3336999562
2025-04-17,5305.45,5328.31,5255.58,5282.7,3140856780
2025-04-21,5232.94,5232.94,5101.63,5158.2,2953934584
2025-04-22,5207.67,5309.61,5207.67,5287.76,3049425683
2025-04-23,5395.92,5469.69,5356.17,5375.86,3535896370
2025-04-24,5381.38,5489.4,5371.96,5484.77,3138911463
2025-04-25,5489.73,5528.11,5455.86,5525.21,2943164032
2025-04-28,5529.22,5553.66,5468.64,5528.75,2767087321
2025-04-29,5508.87,5571.95,5505.7,5560.83,2812450680
2025-04-30,5499.44,5581.84,5433.24,5569.06,3742261213
2025-05-01,5625.14,5658.91,5597.35,5604.14,3224921079
2025-05-02,5645.88,5700.7,5642.28,5686.67,3010089578
2025-05-05,5655.32,5683.38,5634.48,5650.38,2693789287
2025-05-06,5605.87,5649.58,5586.04,5606.91,2767164782
2025-05-07,5614.18,5654.73,5578.64,5631.28,3197894396
2025-05-08,5663.6,5720.1,5635.38,5663.94,3208687019
2025-05-09,5679.65,5691.69,5644.15,5659.91,2429494619
2025-05-12,5807.2,5845.37,5786.08,5844.19,3756162007
2025-05-13,5854.15,5906.64,5845.02,5886.55,3512934287
2025-05-14,5896.74,5906.55,5872.11,5892.58,3445232926
2025-05-15,5869.82,5924.21,5865.16,5916.93,3138351580
2025-05-16,5929.09,5958.62,5907.36,5958.38,2931804148
2025-05-19,5902.88,5968.61,5895.69,5963.6,2576639838
2025-05-20,5944.66,5953.06,5909.26,5940.46,2543562609
2025-05-21,5910.18,5938.37,5830.91,5844.61,3112417919
2025-05-22,5841.26,5878.08,5825.82,5842.01,2780782105
2025-05-23,5781.89,5829.51,5767.41,5802.82,2550252052
2025-05-27,5854.07,5924.33,5854.07,5921.54,2882838064
2025-05-28,5925.54,5939.92,5881.88,5888.55,2613506833
2025-05-29,5939.96,5943.13,5873.8,5912.17,2851903524
2025-05-30,5903.67,5922.14,5843.66,5911.69,4812538509
2025-06-02,5896.68,5937.4,5861.43,5935.94,2747394993
2025-06-03,5938.56,5981.35,5929,5970.37,2959610307
2025-06-04,5978.94,5990.48,5966.11,5970.81,2680331774
2025-06-05,5985.67,5999.7,5921.2,5939.3,3128216678
2025-06-06,5987.06,6016.87,5978.63,6000.36,2557851418
2025-06-09,6004.63,6021.31,5994.18,6005.88,2882903740
2025-06-10,6009.91,6043.01,6000.28,6038.81,2976909395
2025-06-11,6049.38,6059.4,6002.32,6022.24,2978585361
2025-06-12,6009.9,6045.43,6003.88,6045.26,2614508550
2025-06-13,6000.56,6026.16,5963.21,5976.97,3001801788
2025-06-16,6004,6050.83,6004,6033.11,2870307250
2025-06-17,6012.15,6023.25,5974.8,5982.72,2830518423
2025-06-18,5987.93,6018.25,5971.89,5980.87,2941500424
2025-06-20,5999.67,6018.2,5952.56,5967.84,5166023140
2025-06-23,5969.67,6028.77,5943.23,6025.17,3240747265
2025-06-24,6061.21,6101.76,6059.25,6092.18,3266927469
2025-06-25,6104.23,6108.51,6080.09,6092.16,2877946880
2025-06-26,6112.09,6146.52,6107.27,6141.02,3030187464
2025-06-27,6150.7,6187.68,6132.35,6173.07,4593035679
2025-06-30,6193.36,6215.08,6174.97,6204.95,3341748573
2025-07-01,6187.25,6210.78,6177.97,6198.01,3552404111
2025-07-02,6193.88,6227.6,6188.29,6227.42,3137017015
2025-07-03,6246.46,6284.65,6246.46,6279.35,1822312475
2025-07-07,6259.04,6262.07,6201,6229.98,2745690910
2025-07-08,6234.03,6242.7,6217.75,6225.52,3004891870
2025-07-09,6243.33,6269.16,6231.43,6263.26,2811985741
2025-07-10,6266.8,6290.22,6251.44,6280.46,2828822051
2025-07-11,6255.68,6269.44,6237.6,6259.75,2619070458
2025-07-14,6255.15,6273.31,6239.22,6268.56,2714541025
2025-07-15,6295.29,6302.04,6241.68,6243.76,3107475666
2025-07-16,6254.5,6268.12,6201.59,6263.7,2965044588
2025-07-17,6263.4,6304.69,6262.27,6297.36,3032165934
2025-07-18,6312.95,6315.61,6285.27,6296.79,3045580686
2025-07-21,6304.74,6336.08,6303.79,6305.6,2664791496
2025-07-22,6306.6,6316.12,6281.71,6309.62,2984046932
2025-07-23,6326.9,6360.64,6317.49,6358.91,3236476715
2025-07-24,6368.6,6381.31,6360.57,6363.35,3364122614
2025-07-25,6370.01,6395.82,6368.53,6388.64,2992173391
2025-07-28,6397.69,6401.07,6375.79,6389.77,2850714198
2025-07-29,6405.62,6409.26,6363.92,6370.86,3249723768
2025-07-30,6381.23,6396.54,6336.38,6362.9,3318616891
2025-07-31,6427.02,6427.02,6327.64,6339.39,4064512298
2025-08-01,6287.28,6287.28,6212.69,6238.01,3612531795
2025-08-04,6271.71,6330.69,6271.71,6329.94,3001426566
2025-08-05,6336.63,6346,6289.37,6299.19,3161668228
2025-08-06,6309.3,6352.83,6301.11,6345.06,3273682928
2025-08-07,6374.32,6389.71,6310.32,6340,3147667079
2025-08-08,6355.22,6395.16,6355.22,6389.45,2816498530
2025-08-11,6389.67,6407.25,6364.06,6373.45,2882117019
2025-08-12,6395.17,6446.55,6385.76,6445.76,2870584140
2025-08-13,6462.67,6480.28,6445.02,6466.58,3088354173
2025-08-14,6453.46,6473.92,6441.07,6468.54,2766449273
2025-08-15,6477.38,6481.34,6441.85,6449.8,3147834712
2025-08-18,6445.02,6455.35,6437.7,6449.15,2572650774
2025-08-19,6446.24,6456.48,6400.22,6411.37,2900381286
2025-08-20,6406.62,6408.4,6343.86,6395.78,3031684438
2025-08-21,6380.83,6393.65,6352.71,6370.17,2422545066
2025-08-22,6384.59,6478.89,6384.59,6466.91,3043140065
2025-08-25,6457.67,6466.89,6438.06,6439.32,2483635965
2025-08-26,6435.49,6468.37,6429.21,6465.94,3237985819
2025-08-27,6462.26,6487.06,6457.84,6481.4,2910864343
2025-08-28,6483.84,6508.23,6466.96,6501.86,2615361149
2025-08-29,6489.28,6491.76,6444.57,6460.26,2546179778
2025-09-02,6401.51,6416.54,6360.58,6415.54,2867489542
2025-09-03,6445.82,6453.67,6416.17,6448.26,2768763199
2025-09-04,6456.6,6502.54,6445.98,6502.08,2722880446
2025-09-05,6529.08,6532.65,6443.98,6481.5,3160633711
2025-09-08,6498.09,6508.67,6483.29,6495.15,2993595979
2025-09-09,6503.33,6518.23,6483.08,6512.61,2652338286
2025-09-10,6550.29,6555.97,6516.34,6532.04,3160981102
2025-09-11,6554.41,6592.89,6545.8,6587.47,3242830560
2025-09-12,6590.66,6600.21,6579.49,6584.29,2978174116
2025-09-15,6603.49,6619.62,6602.07,6615.28,2902053619
2025-09-16,6624.13,6626.99,6600.11,6606.76,2888764313
2025-09-17,6604.87,6624.39,6551.15,6600.35,3024891495
2025-09-18,6626.85,6656.8,6611.89,6631.96,3473903130
2025-09-19,6647.11,6671.82,6630.31,6664.36,5972430543
2025-09-22,6654.28,6698.88,6648.07,6693.75,3275038698
2025-09-23,6692.44,6699.52,6645.58,6656.92,3104178812
2025-09-24,6669.79,6672.66,6621.76,6637.97,2973054973
2025-09-25,6608.19,6619,6569.22,6604.72,3297853440
2025-09-26,6615.38,6648.97,6604.43,6643.7,2909115970
2025-09-29,6661.58,6677.31,6644.49,6661.21,3188290296
2025-09-30,6656.19,6691.25,6641,6688.46,3519970488
2025-10-01,6664.92,6718.48,6656.2,6711.2,3495588292
2025-10-02,6731.31,6731.94,6693.23,6715.35,3026789924
2025-10-03,6722.14,6750.87,6705.67,6715.79,2900595175
2025-10-06,6733.86,6749.52,6717.78,6740.28,3240662990
2025-10-07,6746.14,6754.49,6699.96,6714.59,3033658138
2025-10-08,6723.87,6755.64,6718.09,6753.72,2876408422
2025-10-09,6760.5,6764.58,6716.17,6735.11,2800767651
2025-10-10,6740.49,6762.4,6550.78,6552.51,3530624627
2025-10-13,6622.53,6668.68,6620.71,6654.72,2695690912
2025-10-14,6602.49,6680.7,6555.07,6644.31,2971654773
2025-10-15,6688.27,6724.12,6612.11,6671.06,2936923107
2025-10-16,6689.02,6709.34,6593.99,6629.07,3301839541
2025-10-17,6613.27,6678.88,6603.76,6664.01,3130834811
2025-10-20,6690.05,6744.35,6690.05,6735.13,2653125000
2025-10-21,6736.75,6752.16,6722.03,6735.35,3124255568
2025-10-22,6741.34,6741.75,6655.69,6699.4,3407489963
2025-10-23,6703.65,6749.53,6700.14,6738.44,3317281117
2025-10-24,6772.07,6807.11,6772.07,6791.69,3027308723
2025-10-27,6845.46,6877.28,6843.94,6875.16,3270474398
2025-10-28,6897.74,6911.3,6870.73,6890.89,3370215922
2025-10-29,6910.95,6920.34,6851.91,6890.59,3970463970
2025-10-30,6860.5,6880.75,6820.69,6822.34,3911030954
2025-10-31,6879.17,6879.17,6814.26,6840.2,3777566754
2025-11-03,6882.32,6882.32,6820.62,6851.97,3696845759
2025-11-04,6788.52,6820.21,6766.71,6771.55,3766080803
2025-11-05,6769.77,6829.78,6763.11,6796.29,3497780397
2025-11-06,6787.59,6796.68,6707.51,6720.32,3602126821
2025-11-07,6696.18,6730.11,6631.44,6728.8,3552268846
2025-11-10,6785.36,6841.32,6770.56,6832.43,3147459093
2025-11-11,6815.64,6855.13,6806.87,6846.61,2798112864
2025-11-12,6867.77,6869.91,6829.62,6850.92,2948317943
2025-11-13,6826.47,6828.05,6724.72,6737.49,3371885452
2025-11-14,6672.14,6774.31,6646.87,6734.11,3114116339
2025-11-17,6713.61,6754.5,6638.9,6672.41,3196879298
2025-11-18,6641.19,6666.63,6574.32,6617.32,3291906077
2025-11-19,6625.84,6689.75,6603.5,6642.16,3101765442
2025-11-20,6737.93,6770.35,6534.05,6538.76,3725506076
2025-11-21,6555.77,6660.05,6521.92,6602.99,4020556228
2025-11-24,6636.54,6715.75,6630.7,6705.12,4453666392
2025-11-25,6697.03,6776.4,6659.98,6765.88,3295356681
2025-11-26,6793.55,6831.44,6783.87,6812.61,2724579024
2025-11-28,6822.52,6850.86,6819.75,6849.09,1479261103
2025-12-01,6812.3,6843.65,6799.94,6812.63,2786724935
2025-12-02,6830.96,6851.55,6806.71,6829.37,2996900655
2025-12-03,6815.29,6862.42,6810.43,6849.72,2967644778
2025-12-04,6866.47,6866.47,6827.12,6857.12,2961946147
2025-12-05,6866.32,6895.78,6858.29,6870.4,3146162668
2025-12-08,6875.2,6878.27,6827.19,6846.51,3191290438
2025-12-09,6840.61,6864.92,6837.43,6840.51,2757882544
2025-12-10,6833.49,6900.67,6824.69,6886.68,3514933517
2025-12-11,6861.3,6903.46,6833.45,6901,3110588589
2025-12-12,6886.85,6899.85,6801.79,6827.41,3163284987
2025-12-15,6860.19,6861.59,6801.49,6816.51,3281026151
2025-12-16,6800.12,6819.27,6759.74,6800.26,3218286691
2025-12-17,6802.88,6812.26,6720.43,6721.43,3443631007
2025-12-18,6778.06,6816.13,6758.5,6774.76,3311865878
2025-12-19,6792.62,6840.02,6792.62,6834.5,6820161930
2025-12-22,6865.21,6882.03,6855.74,6878.49,2609671147
2025-12-23,6872.41,6910.88,6868.81,6909.79,2232658694
2025-12-24,6904.91,6937.32,6904.91,6932.05,1071393997
2025-12-26,6936.02,6945.77,6921.6,6929.94,1439287607
2025-12-29,6903.6,6920.21,6888.76,6905.74,1932051863
2025-12-30,6900.44,6913.25,6893.47,6896.24,1709094551
2025-12-31,6898.82,6901.42,6844.55,6845.5,1711313425
2026-01-02,6878.11,6894.87,6824.31,6858.47,2633650179
2026-01-05,6892.19,6920.38,6891.56,6902.05,3473387045
2026-01-06,6908.03,6948.69,6904.02,6944.82,3321270692
2026-01-07,6945.07,6965.69,6919.19,6920.93,3236959017
2026-01-08,6914.11,6931.28,6899.33,6921.46,3184872055
2026-01-09,6927.83,6978.36,6917.64,6966.28,2965821560
2026-01-12,6944.12,6986.33,6934.07,6977.27,3030692220
2026-01-13,6977.41,6985.83,6938.77,6963.74,3224138595
2026-01-14,6937.41,6941.3,6885.74,6926.6,3368124418
2026-01-15,6969.46,6979.34,6937.93,6944.47,3127477579
2026-01-16,6960.54,6967.3,6925.09,6940.01,3990934078
2026-01-20,6865.24,6871.17,6789.05,6796.86,3891978612
2026-01-21,6810.71,6910.39,6804.96,6875.62,3815060468
2026-01-22,6914.44,6934.75,6893.62,6913.35,3309135655
2026-01-23,6907.85,6932.96,6895.5,6915.61,3228233542
2026-01-26,6923.23,6964.66,6921.6,6950.23,2988481117
2026-01-27,6965.96,6988.82,6958.83,6978.6,3227767584
2026-01-28,7002,7002.28,6963.46,6978.03,3337820014
2026-01-29,6977.74,6992.84,6870.8,6969.01,4116060486
2026-01-30,6947.27,6964.09,6893.48,6939.03,4261589883
2026-02-02,6916.64,6991.92,6914.34,6976.44,3598308215
2026-02-03,6985.45,6993.08,6862.05,6917.81,4509153173
2026-02-04,6924.5,6936.09,6838.8,6882.72,5124778011
2026-02-05,6837.39,6857.85,6780.13,6798.4,4330553016
2026-02-06,6816.74,6944.89,6816.74,6932.3,3842633801
2026-02-09,6917.26,6980.1,6905.87,6964.82,3363942486
2026-02-10,6974.49,6986.83,6937.53,6941.81,3494760616
2026-02-11,6976.48,6993.48,6911.97,6941.47,3743710728
2026-02-12,6957.54,6973.22,6824.04,6832.76,4529538927
2026-02-13,6834.27,6881.96,6794.55,6836.17,3419160612
2026-02-17,6819.86,6866.99,6775.5,6843.22,3297532611
2026-02-18,6855.48,6909.12,6849.66,6881.31,3039483897
2026-02-19,6861.34,6879.12,6833.06,6861.89,2928310082
2026-02-20,6843.26,6915.86,6836.33,6909.51,3339510807
2026-02-23,6901.25,6916.96,6819.82,6837.75,3261707166
2026-02-24,6837.37,6899.17,6815.43,6890.07,3167064220
2026-02-25,6915.15,6952.51,6915.15,6946.13,3302178966
2026-02-26,6944.74,6947.25,6859.73,6908.86,3452201112
2026-02-27,6856.54,6882.96,6831.74,6878.88,4585000092
2026-03-02,6824.36,6901.01,6796.85,6881.62,3458583834
2026-03-03,6800.26,6840.05,6710.42,6816.63,3509315001
2026-03-04,6831.69,6885.94,6811.64,6869.5,3193784051
2026-03-05,6851.08,6870.43,6770.78,6830.71,3703063165
2026-03-06,6769.03,6773.42,6711.56,6740.02,3407767395
2026-03-09,6699.8,6810.44,6636.04,6795.99,3701318518
2026-03-10,6796.56,6845.08,6759.74,6781.48,3146682858
2026-03-11,6790.09,6811.15,6745.59,6775.8,2979127057
2026-03-12,6725.48,6740.88,6670.4,6672.62,3496195599
2026-03-13,6673.49,6733.3,6623.92,6632.19,2964237203
2026-03-16,6674.37,6729.79,6674.37,6699.38,3025489352
2026-03-17,6722.35,6754.3,6710.8,6716.09,2900989570
2026-03-18,6697.16,6705.18,6621.66,6624.7,3009753418
2026-03-19,6583.12,6636.74,6557.82,6606.49,3244958242
2026-03-20,6594.66,6594.66,6473.52,6506.48,7040255867
2026-03-23,6574.96,6651.62,6565.55,6581,3486098260
2026-03-24,6552.09,6595.75,6525.11,6556.37,3088358984
2026-03-25,6598.35,6633.94,6568.41,6591.9,2919894001
2026-03-26,6555.86,6573.22,6473.79,6477.16,3002944635
2026-03-27,6453.89,6453.89,6356.08,6368.85,3141142335
2026-03-30,6403.37,6427.31,6316.91,6343.72,3264973385
2026-03-31,6395.88,6539.05,6395.88,6528.52,3868268393
2026-04-01,6556.56,6609.67,6554.29,6575.32,3352118456
2026-04-02,6512.61,6601.91,6474.94,6582.69,2716142439
2026-04-06,6587.66,6618.13,6579.72,6611.83,2316755811
2026-04-07,6601.93,6618.26,6534.55,6616.85,2731118503
2026-04-08,6754.36,6793.5,6740.28,6782.81,3502192139
2026-04-09,6783.69,6835.31,6761.55,6824.66,2977422971
2026-04-10,6839.24,6845.77,6808.46,6816.89,2781393842
2026-04-13,6806.47,6887,6790.02,6886.24,2885789475
2026-04-14,6910.2,6969.42,6905.17,6967.38,3024825368
2026-04-15,6978.17,7026.24,6967.13,7022.95,3062289004
2026-04-16,7037.78,7051.23,7008.52,7041.28,2986124846
2026-04-17,7074.55,7147.52,7074.55,7126.06,3621555103
2026-04-20,7117.05,7122.65,7084.41,7109.14,2630327000
2026-04-21,7122.64,7137.27,7050.2,7064.01,2981757129
2026-04-22,7102.91,7138.64,7102.91,7137.9,2804123196
2026-04-23,7118.8,7147.78,7046.55,7108.4,3238398913
2026-04-24,7136.48,7168.59,7112.82,7165.08,3179035878
2026-04-27,7152.72,7178.74,7146.72,7173.91,3008576531
2026-04-28,7133.74,7152.52,7115.17,7138.8,3031611522
2026-04-29,7131.61,7145.63,7107.86,7135.95,3261127760
2026-04-30,7161.75,7219.83,7126.15,7209.01,3941277275
2026-05-01,7234.54,7272.52,7229.32,7230.12,2918281878
2026-05-04,7228.38,7244.54,7174.12,7200.75,2940319641
2026-05-05,7233.62,7273.26,7233.62,7259.22,3197863227
2026-05-06,7294.14,7369.22,7294.14,7365.12,3841722278
2026-05-07,7376.78,7385.02,7321.25,7337.11,3549269684
2026-05-08,7362.97,7401.5,7362.97,7398.93,3311720011
2026-05-11,7385.31,7428.97,7384.2,7412.84,3378815021
2026-05-12,7390.63,7409.57,7338.54,7400.96,3217693808
2026-05-13,7409.12,7460.04,7375.13,7444.25,3261277804
2026-05-14,7454.4,7517.12,7454.4,7501.24,3015467792
2026-05-15,7445.11,7454.85,7397.5,7408.5,3336613703
2026-05-18,7418.39,7434.06,7353.17,7403.05,3110807324
2026-05-19,7375.75,7395.32,7333.68,7353.61,3169689355
2026-05-20,7369.19,7435.69,7357.46,7432.97,3198655060
2026-05-21,7410.78,7465.96,7389.48,7445.72,2962758208
2026-05-22,7468.82,7506.32,7463.29,7473.47,2693030895
2026-05-26,7511.79,7539.09,7501.1,7519.12,3046247598
2026-05-27,7526.01,7530.72,7499.72,7520.36,3115850865
2026-05-28,7519.82,7568.72,7508.04,7563.63,3225656119
2026-05-29,7579.33,7599.38,7563.55,7580.06,5528975932
2026-06-01,7582.29,7617.66,7562.61,7599.96,3660418485
2026-06-02,7595.4,7620.9,7582.99,7609.78,3409552610
2026-06-03,7605.31,7605.35,7551.22,7553.68,3413910073
2026-06-04,7516.54,7598.19,7516.54,7584.31,3221698611
2026-06-05,7537.36,7541.81,7368.63,7383.74,3567472861
2026-06-08,7440.57,7466.81,7395.13,7405.73,2950131438
2026-06-09,7438.66,7483.15,7237.85,7386.65,3499231187
2026-06-10,7350.54,7396.56,7265.93,7266.99,3253456342
2026-06-11,7287.67,7412.68,7257.33,7394.3,3527515621
2026-06-12,7410.85,7456.4,7363.01,7431.46,2962242365
2026-06-15,7516.75,7577.92,7516.75,7554.29,3393215062
2026-06-16,7548.78,7564.96,7508.68,7511.35,3044165799
2026-06-17,7524.5,7532.17,7402.61,7420.1,3339473039
2026-06-18,7487.36,7511.07,7468.32,7500.58,6324161903
2026-06-22,7500.44,7530.01,7460.01,7472.79,3673570320
2026-06-23,7366.51,7424.17,7347.6,7365.46,3658965988
2026-06-24,7370.88,7428.06,7336.82,7358.22,3600977098
2026-06-25,7404.91,7419.08,7323.5,7357.49,3563880082
2026-06-26,7312.74,7392.95,7294.18,7354.02,5860380568
2026-06-29,7391.88,7444.32,7348.88,7440.43,3721876535
2026-06-30,7441.27,7508.29,7438.04,7499.36,3763756922
2026-07-01,7478.84,7521.81,7449.63,7483.23,3687282528
2026-07-02,7495.14,7540.75,7427.55,7483.24,3414978865
2026-07-06,7506.96,7551.31,7500.97,7537.43,3007566426
2026-07-07,7516.63,7536.06,7478.63,7503.85,2991356711
2026-07-08,7476.54,7488.51,7421.82,7482.71,2874621087
2026-07-09,7491.6,7546.89,7481.73,7543.64,2781342171
2026-07-10,7547.64,7579.93,7508.16,7575.39,2353229265
2026-07-13,7547.53,7565.37,7506.41,7515.34,2713007595
2026-07-14,7536.7,7557.44,7513.23,7543.59,2804670827
2026-07-15,7571.72,7581.5,7526.95,7572.4,3094327633
2026-07-16,7558.8,7570.74,7504.02,7533.77,3209252580
2026-07-17,7447.52,7498.47,7431.26,7457.69,3397503316
2026-07-20,7489.18,7513.23,7440.53,7443.28,2726531038
2026-07-21,7489.95,7515.31,7467.86,7509.2,2834863295
2026-07-22,7497.47,7525.94,7485.85,7498.96,2989299701
2026-07-23,7418.29,7450.12,7376,7408.3,3325092926
2026-07-24,7406.3,7460.98,7396.53,7411.98,3022195086
2026-07-27,7464.2,7480.57,7382.74,7413.18,3099757881
2026-07-28,7395.55,7452.09,7382.95,7428.78,3656681036
2026-07-29,7418.16,7450.84,7313.92,7316.15,3652905207
2026-07-30,7390.45,7448.75,7370.98,7437.63,3580758239
2026-07-31,7462.13,7512.04,7399.83,7489.72,3472292764
2026-08-03,7504.78,7610.04,7504.78,7600.5,3188486610
2026-08-04,7630.62,7758.21,7629.1,7736.52,3703215945
2026-08-05,7771.62,7793.68,7720.17,7723.55,3159366216
2026-08-06,7713.79,7742.85,7698.15,7709.96,3047791526
2026-08-07,7735.18,7763.08,7719.19,7757.64,2719843577
2026-08-10,7751.74,7773.76,7743.11,7753.11,2686909762
2026-08-11,7767.51,7767.51,7717.25,7728.2,2502546862
2026-08-12,7765.46,7766.01,7737.95,7748.5,2674503179
2026-08-13,7763.18,7816.7,7763.18,7798.99,2684931044
2026-08-14,7806.6,7810.01,7776.31,7785.76,2210210197
2026-08-17,7790.68,7790.68,7744.88,7745.06,2506498160
2026-08-18,7700.04,7713.95,7688.63,7691.76,2650043157
2026-08-19,7716.74,7743.93,7700.07,7707.98,2981221252
2026-08-20,7690.49,7699.96,7639.01,7641.16,2706581450
2026-08-21,7665.68,7697.11,7660.06,7674.37,2737363184
2026-08-24,7663.38,7670.3,7638.17,7652.86,2488280636
2026-08-25,7676.66,7686.11,7650.92,7677.28,2376000608
2026-08-26,7666.88,7690.73,7657.41,7675.7,2379282051
2026-08-27,7710.34,7741.27,7689.89,7730.99,2856239856
2026-08-28,7735.17,7771.48,7700.91,7711.76,2589484205