Date,Open,High,Low,Close,Volume
2009-03-27,3550,3663,3513,3561,354590
2009-03-30,3550,3580,3528,3544,145168
2009-03-31,3538,3566,3531,3549,70592
2009-04-01,3560,3561,3543,3547,28100
2009-04-02,3545,3548,3456,3473,235446
2009-04-03,3481,3481,3436,3448,152376
2009-04-07,3410,3518,3410,3491,242578
2009-04-08,3480,3491,3456,3463,147288
2009-04-09,3476,3486,3460,3468,87688
2009-04-10,3483,3499,3470,3484,120978
2009-04-13,3485,3493,3464,3469,109820
2009-04-14,3475,3600,3469,3560,540646
2009-04-15,3570,3590,3550,3562,255606
2009-04-16,3582,3628,3570,3596,250464
2009-04-17,3594,3648,3581,3620,339250
2009-04-20,3620,3648,3608,3623,259196
2009-04-21,3580,3590,3486,3524,332448
2009-04-22,3550,3566,3508,3526,168524
2009-04-23,3529,3531,3488,3513,130386
2009-04-24,3513,3522,3497,3501,101444
2009-04-27,3510,3520,3492,3499,102472
2009-04-28,3496,3515,3496,3507,96548
2009-04-29,3507,3520,3503,3520,102694
2009-04-30,3536,3575,3523,3553,246912
2009-05-04,3573,3660,3571,3636,574332
2009-05-05,3636,3644,3570,3577,175954
2009-05-06,3578,3598,3573,3594,103788
2009-05-07,3628,3630,3591,3593,150420
2009-05-08,3599,3616,3589,3614,103620
2009-05-11,3615,3678,3606,3639,335082
2009-05-12,3645,3660,3630,3645,193634
2009-05-13,3655,3657,3634,3639,118636
2009-05-14,3616,3620,3590,3594,139572
2009-05-15,3600,3618,3596,3604,132292
2009-05-18,3595,3612,3581,3608,104746
2009-05-19,3630,3630,3611,3618,95620
2009-05-20,3616,3644,3612,3618,118774
2009-05-21,3620,3642,3618,3624,117628
2009-05-22,3619,3627,3608,3618,60222
2009-05-25,3629,3629,3600,3609,95810
2009-05-26,3609,3620,3596,3601,114194
2009-05-27,3628,3628,3606,3610,46518
2009-06-01,3630,3657,3622,3647,193008
2009-06-02,3660,3682,3652,3655,199128
2009-06-03,3659,3672,3656,3670,105466
2009-06-04,3650,3712,3645,3700,370954
2009-06-05,3721,3778,3720,3756,267786
2009-06-08,3755,3793,3747,3788,293778
2009-06-09,3797,3807,3768,3779,214676
2009-06-10,3792,3813,3774,3808,238210
2009-06-11,3810,3940,3807,3878,634152
2009-06-12,3888,3928,3835,3864,588842
2009-06-15,3855,3877,3823,3849,366022
2009-06-16,3829,3882,3828,3865,358246
2009-06-17,3861,3878,3841,3852,212522
2009-06-18,3852,3865,3830,3842,188838
2009-06-19,3852,3920,3846,3907,556782
2009-06-22,3908,3936,3900,3919,486210
2009-06-23,3898,3900,3835,3881,481544
2009-06-24,3888,3897,3858,3870,278854
2009-06-25,3862,3888,3858,3866,281842
2009-06-26,3870,3887,3846,3854,370288
2009-06-29,3846,3853,3823,3829,269442
2009-06-30,3832,3840,3817,3826,195086
2009-07-01,3826,3845,3820,3839,204968
2009-07-02,3856,3878,3845,3867,270952
2009-07-03,3867,3883,3858,3859,255284
2009-07-06,3858,3874,3855,3866,124140
2009-07-07,3876,3880,3864,3870,75408
2009-07-08,3861,3870,3837,3850,91018
2009-07-09,3841,3868,3841,3865,54998
2009-07-10,3876,3912,3876,3900,187346
2009-07-13,3911,3933,3906,3916,176378
2009-07-14,3932,3937,3916,3927,139702
2009-07-15,3936,4005,3935,4002,325300
2009-07-16,4010,4049,3993,4034,343434
2009-07-17,4035,4043,3999,4007,240664
2009-07-20,4016,4031,4006,4029,236266
2009-07-21,4038,4045,4014,4034,257934
2009-07-22,4044,4088,4036,4072,385238
2009-07-23,4088,4124,4076,4122,374508
2009-07-24,4125,4198,4120,4184,491822
2009-07-27,4198,4258,4178,4236,703260
2009-07-28,4235,4336,4218,4331,804126
2009-07-29,4333,4416,4304,4392,1523852
2009-07-30,4410,4449,4361,4444,1242210
2009-07-31,4482,4627,4455,4627,1169890
2009-08-03,4777,4857,4730,4857,780966
2009-08-04,4950,4968,4814,4841,1215952
2009-08-05,4870,4950,4820,4875,1873192
2009-08-06,4865,4899,4810,4853,1621836
2009-08-07,4837,4854,4631,4653,2229450
2009-08-10,4658,4725,4556,4642,2447234
2009-08-11,4618,4675,4603,4658,1560460
2009-08-12,4645,4662,4564,4591,1695626
2009-08-13,4621,4679,4602,4617,1571528
2009-08-14,4620,4640,4461,4512,1802234
2009-08-17,4443,4537,4365,4436,2215634
2009-08-18,4475,4499,4392,4416,1939468
2009-08-19,4400,4414,4219,4219,2016294
2009-08-20,4240,4317,4131,4283,3422102
2009-08-21,4270,4426,4245,4334,3726314
2009-08-24,4451,4462,4306,4323,2943276
2009-08-25,4280,4280,4181,4240,2379552
2009-08-26,4210,4296,4202,4269,2537210
2009-08-27,4250,4312,4223,4271,2480188
2009-08-28,4288,4333,4250,4272,2079554
2009-08-31,4280,4291,4103,4120,1533870
2009-09-01,4098,4127,4054,4075,2298522
2009-09-02,4020,4079,4011,4032,2495062
2009-09-03,4041,4075,4003,4049,2692972
2009-09-04,4055,4068,4015,4031,2149974
2009-09-07,4018,4018,3908,3919,2319506
2009-09-08,3898,3959,3880,3944,2940662
2009-09-09,3960,4048,3955,4044,3511382
2009-09-10,4060,4078,4003,4007,3042352
2009-09-11,4000,4025,3957,3972,2300404
2009-09-14,3927,3975,3900,3973,2204152
2009-09-15,3993,3996,3951,3967,2442764
2009-09-16,3985,4040,3966,4036,2972124
2009-09-17,4050,4065,3990,3990,2894650
2009-09-18,3981,3997,3937,3973,2542940
2009-09-21,3970,4007,3961,3989,2124888
2009-09-22,3977,3989,3953,3956,1579692
2009-09-23,3958,3964,3890,3891,1982280
2009-09-24,3881,3882,3813,3854,1994462
2009-09-25,3830,3847,3811,3825,1428766
2009-09-28,3812,3815,3637,3659,1576644
2009-09-29,3690,3757,3666,3749,1295222
2009-09-30,3749,3772,3709,3735,1001550
2009-10-09,3760,3795,3673,3674,1369966
2009-10-12,3634,3700,3610,3695,2780278
2009-10-13,3690,3707,3657,3665,3021334
2009-10-14,3655,3693,3652,3678,1978512
2009-10-15,3679,3758,3678,3756,3455848
2009-10-16,3761,3829,3760,3829,3382296
2009-10-19,3830,3961,3830,3865,4873370
2009-10-20,3880,3899,3810,3842,4400712
2009-10-21,3838,3894,3826,3887,4327680
2009-10-22,3920,3940,3854,3855,3798008
2009-10-23,3860,3912,3855,3891,3262858
2009-10-26,3898,4005,3898,4001,3803970
2009-10-27,3988,4014,3952,3971,4219748
2009-10-28,3968,3968,3858,3865,3985220
2009-10-29,3820,3854,3787,3835,3560734
2009-10-30,3879,3895,3845,3875,3493144
2009-11-02,3843,3916,3828,3910,3874360
2009-11-03,3910,3940,3876,3881,3823694
2009-11-04,3886,3903,3866,3889,2265846
2009-11-05,4003,4026,3990,4015,1510032
2009-11-06,4020,4065,4020,4064,2115116
2009-11-09,4065,4125,4055,4110,2741108
2009-11-10,4128,4144,4078,4081,4093486
2009-11-11,4094,4114,4060,4066,3384350
2009-11-12,4074,4085,4033,4048,2801338
2009-11-13,4031,4071,4007,4069,3108858
2009-11-16,4071,4085,4051,4057,2375782
2009-11-17,4075,4079,4033,4040,1720030
2009-11-18,4046,4053,4029,4045,1227332
2009-11-19,4038,4137,4035,4115,2827416
2009-11-20,4130,4156,4086,4109,2400314
2009-11-23,4122,4193,4117,4186,2460280
2009-11-24,4170,4198,4092,4118,2614316
2009-11-25,4129,4140,4103,4129,1586646
2009-11-26,4528,4572,4461,4494,1769590
2009-11-27,4463,4470,4286,4286,2608656
2009-11-30,4336,4404,4322,4375,3268228
2009-12-01,4390,4408,4331,4367,2929698
2009-12-02,4388,4409,4361,4377,2660750
2009-12-03,4383,4396,4366,4385,2102022
2009-12-04,4368,4381,4336,4374,2500528
2009-12-07,4354,4395,4354,4373,1983820
2009-12-08,4380,4385,4288,4318,2779118
2009-12-09,4284,4290,4246,4267,1871676
2009-12-10,4267,4337,4250,4334,3354396
2009-12-11,4350,4401,4350,4396,3160862
2009-12-14,4400,4433,4331,4430,2822038
2009-12-15,4430,4438,4384,4394,2688256
2009-12-16,4387,4419,4370,4395,1575740
2009-12-17,4415,4431,4375,4386,1735560
2009-12-18,4350,4389,4349,4379,1061746
2009-12-21,4389,4418,4372,4418,1170240
2009-12-22,4411,4438,4403,4405,1933556
2009-12-23,4410,4427,4393,4408,1166438
2009-12-24,4428,4478,4413,4461,1507386
2009-12-25,4461,4478,4442,4459,1129794
2009-12-28,4465,4538,4463,4525,1346854
2009-12-29,4525,4547,4488,4499,1430618
2009-12-30,4497,4515,4477,4486,973818
2009-12-31,4495,4518,4486,4511,976200
2010-01-04,4523,4610,4523,4579,1809996
2010-01-05,4592,4606,4572,4589,1320756
2010-01-06,4587,4635,4581,4622,1481228
2010-01-07,4641,4650,4389,4489,2196160
2010-01-08,4505,4510,4412,4462,1520076
2010-01-11,4495,4518,4475,4516,1130570
2010-01-12,4505,4528,4480,4510,1176288
2010-01-13,4420,4460,4354,4418,1461688
2010-01-14,4450,4464,4430,4433,1076498
2010-01-15,4419,4436,4355,4368,1276950
2010-01-18,4339,4399,4310,4395,1148302
2010-01-19,4405,4418,4361,4382,1236092
2010-01-20,4392,4394,4341,4364,1243448
2010-01-21,4337,4366,4326,4352,960118
2010-01-22,4319,4335,4257,4288,1207020
2010-01-25,4280,4295,4265,4278,870946
2010-01-26,4286,4290,4258,4265,818680
2010-01-27,4275,4327,4265,4316,1452742
2010-01-28,4260,4319,4255,4293,1793390
2010-01-29,4281,4315,4276,4300,1234868
2010-02-01,4317,4334,4276,4295,1156486
2010-02-02,4316,4323,4126,4159,2453186
2010-02-03,4175,4188,4136,4180,1448904
2010-02-04,4150,4158,4093,4115,1152398
2010-02-05,4090,4110,4066,4109,849138
2010-02-08,4120,4139,4103,4129,577962
2010-02-09,4123,4166,4115,4157,617652
2010-02-10,4172,4219,4156,4198,732940
2010-02-11,4210,4236,4190,4229,497494
2010-02-12,4246,4299,4233,4293,599774
2010-02-22,4330,4376,4229,4243,1055136
2010-02-23,4240,4297,4220,4283,1147210
2010-02-24,4261,4281,4233,4253,1098624
2010-02-25,4258,4263,4191,4209,929826
2010-02-26,4208,4219,4175,4214,703304
2010-03-01,4651,4679,4625,4677,694750
2010-03-02,4666,4670,4598,4609,850004
2010-03-03,4630,4630,4572,4586,857462
2010-03-04,4590,4596,4522,4528,1139868
2010-03-05,4528,4564,4513,4560,972182
2010-03-08,4578,4628,4572,4626,1078198
2010-03-09,4615,4648,4596,4636,1233638
2010-03-10,4642,4664,4619,4649,1473124
2010-03-11,4657,4673,4603,4652,2179364
2010-03-12,4669,4678,4647,4658,1492582
2010-03-15,4661,4675,4634,4660,1417516
2010-03-16,4650,4794,4646,4780,3010260
2010-03-17,4799,4828,4741,4763,3359552
2010-03-18,4756,4772,4730,4733,2106268
2010-03-19,4736,4767,4721,4757,1684262
2010-03-22,4751,4812,4751,4768,2049968
2010-03-23,4777,4788,4738,4742,1517210
2010-03-24,4750,4785,4731,4778,1723924
2010-03-25,4790,4814,4771,4796,1511786
2010-03-26,4801,4848,4787,4793,2573042
2010-03-29,4812,4825,4782,4810,1763838
2010-03-30,4815,4829,4755,4761,1950698
2010-03-31,4766,4775,4744,4755,1408260
2010-04-01,4765,4766,4725,4753,1429706
2010-04-02,4763,4788,4758,4786,1031424
2010-04-06,4799,4832,4794,4824,1307376
2010-04-07,4839,4854,4829,4846,1288222
2010-04-08,4843,4846,4801,4810,1165992
2010-04-09,4816,4850,4805,4848,1302658
2010-04-12,4865,4885,4853,4872,1533734
2010-04-13,4865,4898,4863,4881,1749724
2010-04-14,4890,4896,4852,4854,1743728
2010-04-15,4852,4863,4812,4819,1949828
2010-04-16,4817,4843,4804,4838,1656806
2010-04-19,4802,4817,4733,4752,2397786
2010-04-20,4770,4777,4744,4772,1686264
2010-04-21,4765,4772,4733,4759,1698588
2010-04-22,4750,4767,4728,4734,1372024
2010-04-23,4732,4746,4723,4740,1211784
2010-04-26,4758,4763,4724,4734,1249174
2010-04-27,4721,4726,4667,4678,1613854
2010-04-28,4621,4649,4585,4588,1844532
2010-04-29,4594,4619,4577,4583,1839246
2010-04-30,4596,4638,4590,4635,1755184
2010-05-04,4616,4676,4609,4665,2101884
2010-05-05,4620,4662,4613,4653,2260862
2010-05-06,4656,4679,4631,4637,2128592
2010-05-07,4610,4618,4537,4545,2467400
2010-05-10,4572,4580,4489,4534,2868580
2010-05-11,4530,4548,4475,4479,2786906
2010-05-12,4471,4474,4395,4406,3290276
2010-05-13,4412,4427,4372,4400,3072762
2010-05-14,4389,4421,4363,4367,2932552
2010-05-17,4320,4329,4178,4186,3300006
2010-05-18,4200,4244,4138,4209,4119684
2010-05-19,4152,4250,4148,4223,3850530
2010-05-20,4248,4297,4229,4251,3534040
2010-05-21,4228,4244,4162,4228,3508858
2010-05-24,4278,4321,4258,4318,2764508
2010-05-25,4293,4313,4260,4264,3080458
2010-05-26,4300,4301,4252,4272,2833618
2010-05-27,4260,4284,4225,4270,3119880
2010-05-28,4293,4313,4250,4256,2863524
2010-05-31,4237,4257,4215,4215,2445792
2010-06-01,4201,4213,4173,4178,2637978
2010-06-02,4173,4204,4148,4185,3162462
2010-06-03,4203,4215,4182,4200,2346362
2010-06-04,4170,4183,4162,4180,1565600
2010-06-07,4059,4084,4007,4021,3841098
2010-06-08,4035,4063,4030,4061,1724628
2010-06-09,4068,4110,4043,4103,1783182
2010-06-10,4089,4100,4068,4082,1456194
2010-06-11,4098,4125,4092,4111,1156696
2010-06-14,4098,4125,4092,4111,1156696
2010-06-17,4130,4147,4111,4112,1009838
2010-06-18,4111,4123,4086,4088,1199582
2010-06-21,4106,4174,4088,4163,2300688
2010-06-22,4130,4157,4128,4138,1298120
2010-06-23,4099,4117,4059,4080,2372220
2010-06-24,4087,4109,4081,4101,1308862
2010-06-25,4100,4101,4074,4084,1070706
2010-06-28,4102,4108,4028,4039,2150916
2010-06-29,4022,4036,3980,3994,1921912
2010-06-30,3975,3989,3958,3985,1170668
2010-07-01,3975,3985,3952,3960,1226144
2010-07-02,3955,3981,3921,3975,1924718
2010-07-05,3970,3998,3954,3989,1474782
2010-07-06,3972,3995,3957,3964,1352474
2010-07-07,3964,3978,3955,3965,914838
2010-07-08,3985,4000,3933,3935,1464000
2010-07-09,3933,3958,3912,3950,1754442
2010-07-12,3950,3955,3932,3943,1167004
2010-07-13,4120,4133,4083,4085,927104
2010-07-14,4100,4115,4051,4069,1653862
2010-07-15,4059,4084,4042,4053,1647878
2010-07-16,4058,4068,4046,4066,959706
2010-07-19,4050,4139,4045,4135,2277276
2010-07-20,4138,4190,4128,4187,2555240
2010-07-21,4190,4198,4166,4177,2335760
2010-07-22,4183,4191,4163,4173,1789800
2010-07-23,4190,4234,4187,4223,2843082
2010-07-26,4222,4235,4203,4215,1946200
2010-07-27,4215,4217,4152,4155,1954200
2010-07-28,4154,4223,4145,4220,2041104
2010-07-29,4218,4242,4196,4216,2417326
2010-07-30,4219,4287,4215,4285,3301522
2010-08-02,4310,4353,4305,4327,2677346
2010-08-03,4341,4347,4295,4298,2552662
2010-08-04,4296,4326,4274,4324,2686216
2010-08-05,4330,4347,4286,4302,2847134
2010-08-06,4291,4324,4285,4317,2006040
2010-08-09,4320,4380,4320,4378,2477000
2010-08-10,4378,4385,4353,4357,2026632
2010-08-11,4351,4407,4350,4361,3105900
2010-08-12,4342,4343,4298,4300,2221300
2010-08-13,4320,4334,4295,4334,2033386
2010-08-16,4325,4372,4318,4361,1985172
2010-08-17,4370,4385,4344,4367,2247598
2010-08-18,4387,4392,4361,4361,1856012
2010-08-19,4365,4378,4341,4365,1708774
2010-08-20,4351,4354,4308,4311,1710370
2010-08-23,4316,4318,4254,4261,2087788
2010-08-24,4249,4278,4234,4238,1999438
2010-08-25,4219,4245,4212,4225,1604320
2010-08-26,4240,4260,4236,4257,1313978
2010-08-27,4263,4272,4246,4268,1229674
2010-08-30,4295,4334,4284,4334,2095500
2010-08-31,4310,4344,4306,4312,2163030
2010-09-01,4328,4372,4318,4352,2424564
2010-09-02,4380,4395,4370,4386,1718938
2010-09-03,4400,4400,4358,4365,1469524
2010-09-06,4471,4592,4452,4584,2910994
2010-09-07,4584,4592,4547,4568,2476508
2010-09-08,4568,4568,4531,4538,1885662
2010-09-09,4550,4558,4340,4439,2771568
2010-09-10,4445,4500,4434,4494,2418800
2010-09-13,4529,4541,4470,4481,2154444
2010-09-14,4483,4484,4406,4418,2420840
2010-09-15,4432,4435,4401,4417,2034404
2010-09-16,4419,4434,4350,4367,2314800
2010-09-17,4370,4383,4351,4359,1860220
2010-09-20,4370,4418,4356,4378,2509600
2010-09-21,4370,4378,4305,4317,1475212
2010-09-27,4337,4343,4255,4258,1524800
2010-09-28,4250,4283,4231,4251,1256640
2010-09-29,4246,4285,4217,4240,1267204
2010-09-30,4221,4265,4196,4263,1146126
2010-10-08,4262,4297,4247,4279,801136
2010-10-11,4461,4526,4460,4510,1286526
2010-10-12,4485,4496,4447,4460,1319900
2010-10-13,4475,4519,4462,4504,1970662
2010-10-14,4515,4525,4464,4474,1791800
2010-10-15,4450,4505,4431,4498,1753800
2010-10-18,4478,4554,4472,4520,2626080
2010-10-19,4550,4550,4466,4489,2124600
2010-10-20,4410,4448,4377,4421,1837300
2010-10-21,4438,4459,4414,4427,1943400
2010-10-22,4420,4431,4403,4413,1104600
2010-10-25,4430,4516,4422,4509,2561700
2010-10-26,4519,4525,4470,4477,2136400
2010-10-27,4494,4540,4471,4486,3459500
2010-10-28,4499,4525,4490,4504,1680382
2010-10-29,4500,4515,4475,4505,1531558
2010-11-01,4520,4562,4519,4553,1697620
2010-11-02,4558,4567,4535,4543,1159800
2010-11-03,4565,4588,4541,4551,1720300
2010-11-04,4575,4610,4563,4606,1534004
2010-11-05,4650,4733,4644,4708,2644480
2010-11-08,4730,4730,4679,4709,1628332
2010-11-09,4720,4906,4710,4854,2925024
2010-11-10,4842,4886,4730,4770,2664100
2010-11-11,4785,4852,4743,4793,2438760
2010-11-12,4795,4795,4571,4637,4421772
2010-11-15,4590,4694,4590,4667,2758100
2010-11-16,4678,4687,4632,4646,1799372
2010-11-17,4529,4574,4491,4550,2693604
2010-11-18,4589,4621,4563,4611,1649710
2010-11-19,4644,4666,4584,4643,1853112
2010-11-22,4632,4671,4622,4644,1375458
2010-11-23,4630,4645,4589,4607,1595300
2010-11-24,4615,4699,4598,4695,1584600
2010-11-25,4701,4738,4680,4683,1677462
2010-11-26,4684,4697,4630,4650,1482902
2010-11-29,4660,4680,4635,4668,921742
2010-11-30,4659,4666,4612,4634,945702
2010-12-01,4632,4688,4626,4678,777228
2010-12-02,4708,4724,4675,4685,786242
2010-12-03,4693,4745,4685,4728,1185750
2010-12-06,4737,4744,4705,4719,675060
2010-12-07,4723,4771,4710,4760,873766
2010-12-08,4740,4758,4711,4712,631582
2010-12-09,4735,4743,4712,4715,599348
2010-12-10,4708,4732,4693,4727,488184
2010-12-13,4730,4789,4728,4779,699028
2010-12-14,4770,4791,4760,4783,441076
2010-12-15,4778,4814,4751,4772,756702
2010-12-16,4765,4787,4757,4767,389226
2010-12-17,4767,4794,4767,4791,406692
2010-12-20,4810,4827,4770,4801,574278
2010-12-21,4811,4832,4803,4820,482044
2010-12-22,4830,4831,4783,4794,463926
2010-12-23,4798,4799,4763,4774,387802
2010-12-24,4776,4784,4743,4762,377644
2010-12-27,4736,4770,4720,4734,407238
2010-12-28,4738,4755,4737,4744,261366
2010-12-29,4747,4778,4721,4770,496128
2010-12-30,4766,4792,4752,4791,322462
2010-12-31,4778,4814,4778,4812,279364
2011-01-04,4830,4843,4805,4822,275428
2011-01-05,4800,4817,4789,4793,214902
2011-01-06,4806,4825,4802,4809,186136
2011-01-07,4800,4828,4777,4793,369032
2011-01-10,4801,4851,4801,4834,436038
2011-01-11,4834,4844,4828,4843,183264
2011-01-12,4860,4866,4833,4847,223236
2011-01-13,4860,4865,4843,4861,168582
2011-01-14,4866,4918,4852,4903,354032
2011-01-17,4905,4933,4898,4919,252814
2011-01-18,4916,4929,4887,4913,208070
2011-01-19,4923,4941,4911,4931,179098
2011-01-20,4921,4931,4913,4918,143046
2011-01-21,4902,4956,4897,4950,236038
2011-01-24,5060,5082,5051,5069,172504
2011-01-25,5070,5097,5051,5080,256550
2011-01-26,5060,5074,5030,5051,205176
2011-01-27,5059,5070,4983,5033,373962
2011-01-28,5011,5050,5011,5041,145966
2011-01-31,5051,5113,5046,5100,214662
2011-02-01,5115,5124,5086,5124,157314
2011-02-09,5124,5150,5104,5124,166064
2011-02-10,5120,5199,5120,5188,396576
2011-02-11,5190,5230,5163,5167,466606
2011-02-14,5180,5182,5145,5153,274470
2011-02-15,5162,5196,5153,5157,304650
2011-02-16,5140,5140,5078,5102,543684
2011-02-17,5105,5118,5007,5018,720920
2011-02-18,5038,5046,4985,4985,525722
2011-02-21,4990,5041,4970,5026,557856
2011-02-22,5030,5064,4950,5000,666140
2011-02-23,4957,4974,4931,4940,482982
2011-02-24,4955,4960,4880,4892,616964
2011-02-25,4905,4916,4861,4869,565278
2011-02-28,4882,4912,4872,4899,434022
2011-03-01,4911,4924,4816,4837,731978
2011-03-02,4828,4857,4795,4847,562724
2011-03-03,4845,4878,4797,4813,751100
2011-03-04,4820,4828,4770,4816,651168
2011-03-07,4818,4843,4802,4832,631320
2011-03-08,4802,4842,4755,4773,984616
2011-03-09,4771,4795,4757,4771,489862
2011-03-10,4751,4752,4678,4679,676322
2011-03-11,4672,4694,4651,4656,661172
2011-03-14,4695,4741,4641,4733,1037316
2011-03-15,4733,4781,4712,4774,1033572
2011-03-16,4770,4835,4755,4832,978500
2011-03-17,4805,4849,4795,4817,907000
2011-03-18,4836,4848,4741,4756,1146010
2011-03-21,4753,4754,4652,4653,1023590
2011-03-22,4642,4686,4627,4648,1033140
2011-03-23,4657,4737,4650,4728,1126490
2011-03-24,4736,4760,4684,4717,1152720
2011-03-25,4734,4743,4705,4730,795444
2011-03-28,4750,4796,4744,4779,1028210
2011-03-29,4780,4824,4765,4814,1028516
2011-03-30,4827,4833,4775,4794,938002
2011-03-31,4786,4818,4767,4794,771454
2011-04-01,4799,4801,4757,4780,608806
2011-04-06,4780,4876,4777,4874,864992
2011-04-07,4877,4888,4854,4885,689844
2011-04-08,4890,4915,4865,4906,663624
2011-04-11,4921,4936,4893,4920,782902
2011-04-12,4902,4918,4878,4903,722554
2011-04-13,4870,4922,4860,4922,790810
2011-04-14,4910,4931,4901,4907,753410
2011-04-15,4905,4917,4819,4827,1084022
2011-04-18,4820,4852,4797,4844,684450
2011-04-19,4828,4840,4758,4774,819568
2011-04-20,4787,4821,4783,4814,515118
2011-04-21,4835,4874,4832,4849,621160
2011-04-22,4860,4880,4837,4873,616360
2011-04-25,4885,4893,4863,4879,445524
2011-04-26,4862,4906,4840,4896,822422
2011-04-27,4910,4922,4877,4885,720386
2011-04-28,4898,4933,4891,4906,725214
2011-04-29,4901,4917,4857,4915,677640
2011-05-03,4923,4965,4923,4953,615802
2011-05-04,4954,4960,4915,4941,780342
2011-05-05,4928,4936,4884,4913,1149526
2011-05-06,4850,4858,4798,4804,1210132
2011-05-09,4820,4829,4795,4829,791070
2011-05-10,4829,4852,4816,4848,669430
2011-05-11,4857,4866,4819,4822,760998
2011-05-12,4780,4810,4766,4782,908112
2011-05-13,4803,4852,4801,4850,750692
2011-05-16,4841,4857,4816,4818,625414
2011-05-17,4821,4833,4794,4823,704552
2011-05-18,4830,4846,4803,4814,603848
2011-05-19,4841,4847,4817,4830,632336
2011-05-20,4830,4835,4810,4825,475234
2011-05-23,4835,4839,4777,4779,890966
2011-05-24,4775,4811,4773,4808,566942
2011-05-25,4802,4834,4795,4823,654382
2011-05-26,4835,4844,4816,4828,412936
2011-05-27,4822,4838,4818,4837,313608
2011-05-30,4841,4885,4837,4874,539472
2011-05-31,4878,4892,4859,4875,394798
2011-06-01,4877,4885,4866,4866,274402
2011-06-02,4856,4864,4839,4861,336312
2011-06-03,4864,4874,4855,4867,279022
2011-06-07,4857,4865,4847,4864,231600
2011-06-08,4864,4886,4830,4869,601300
2011-06-09,4876,4876,4847,4849,249354
2011-06-10,4859,4865,4848,4853,277644
2011-06-13,4838,4839,4798,4807,564454
2011-06-14,4797,4824,4792,4812,354396
2011-06-15,4821,4822,4795,4796,379038
2011-06-16,4787,4795,4768,4781,425188
2011-06-17,4782,4785,4722,4731,652846
2011-06-20,4721,4730,4685,4688,592942
2011-06-21,4696,4715,4671,4713,707462
2011-06-22,4706,4723,4686,4694,475884
2011-06-23,4689,4743,4683,4734,741634
2011-06-24,4735,4750,4713,4731,463758
2011-06-27,4721,4736,4703,4704,523074
2011-06-28,4706,4719,4695,4706,429408
2011-06-29,4718,4730,4707,4726,403054
2011-06-30,4736,4755,4729,4753,397386
2011-07-01,4745,4749,4723,4726,324670
2011-07-04,4730,4798,4728,4792,591836
2011-07-05,4793,4818,4781,4787,360500
2011-07-06,4793,4814,4784,4811,443568
2011-07-07,4803,4823,4798,4808,271504
2011-07-08,4820,4828,4805,4808,246078
2011-07-11,4802,4867,4798,4852,479844
2011-07-12,4851,4873,4837,4851,451362
2011-07-13,4862,4895,4858,4887,368078
2011-07-14,4885,4890,4866,4872,249318
2011-07-15,4866,4883,4852,4871,242850
2011-07-18,4865,4925,4865,4902,321730
2011-07-19,4902,4920,4886,4915,260446
2011-07-20,4935,4938,4913,4920,214792
2011-07-21,4917,4925,4906,4913,134994
2011-07-22,4918,4932,4914,4925,128804
2011-07-25,4920,4926,4878,4878,235244
2011-07-26,4860,4893,4855,4891,165916
2011-07-27,4892,4921,4891,4915,166058
2011-07-28,4902,4945,4881,4927,292798
2011-07-29,4944,4944,4915,4919,151894
2011-08-01,4933,4968,4929,4950,308976
2011-08-02,4949,4956,4940,4945,192216
2011-08-03,4942,4966,4936,4942,247144
2011-08-04,4940,4943,4922,4924,204218
2011-08-05,4884,4887,4803,4807,451590
2011-08-08,4773,4805,4758,4782,442684
2011-08-09,4700,4780,4558,4765,714626
2011-08-10,4791,4819,4765,4788,315052
2011-08-11,4740,4809,4730,4799,405052
2011-08-12,4815,4829,4802,4809,265628
2011-08-15,4823,4855,4822,4854,292272
2011-08-16,4865,4870,4821,4833,355402
2011-08-17,4831,4865,4831,4863,277946
2011-08-18,4871,4874,4826,4830,312972
2011-08-19,4797,4818,4790,4814,289870
2011-08-22,4818,4845,4808,4816,257766
2011-08-23,4828,4836,4808,4821,236868
2011-08-24,4830,4843,4821,4822,167130
2011-08-25,4821,4827,4788,4816,341162
2011-08-26,4820,4822,4788,4800,272536
2011-08-29,4800,4801,4762,4768,420624
2011-08-30,4774,4818,4772,4810,410528
2011-08-31,4813,4838,4812,4831,273296
2011-09-01,4834,4842,4821,4829,220308
2011-09-02,4825,4833,4812,4832,194100
2011-09-05,4828,4839,4780,4800,316342
2011-09-06,4797,4800,4783,4794,291110
2011-09-07,4802,4836,4802,4825,233728
2011-09-08,4838,4838,4801,4803,173872
2011-09-09,4799,4812,4788,4791,302432
2011-09-13,4775,4798,4767,4783,251742
2011-09-14,4790,4796,4743,4760,365870
2011-09-15,4764,4769,4738,4744,318196
2011-09-16,4752,4759,4721,4726,303798
2011-09-19,4700,4709,4614,4622,560730
2011-09-20,4622,4624,4585,4611,458478
2011-09-21,4602,4650,4598,4633,514054
2011-09-22,4590,4603,4555,4568,479962
2011-09-23,4480,4549,4456,4514,787892
2011-09-26,4500,4522,4366,4398,767490
2011-09-27,4490,4490,4420,4448,684634
2011-09-28,4460,4469,4387,4403,567204
2011-09-29,4293,4348,4282,4298,588950
2011-09-30,4315,4352,4290,4339,575992
2011-10-10,4370,4373,4308,4317,365708
2011-10-11,4340,4390,4316,4322,649940
2011-10-12,4305,4354,4255,4350,755110
2011-10-13,4347,4350,4302,4318,580694
2011-10-14,4300,4340,4288,4314,644312
2011-10-17,4312,4325,4172,4178,1498592
2011-10-18,4153,4164,4088,4089,1387200
2011-10-19,4120,4123,4015,4047,1508846
2011-10-20,4000,4000,3838,3922,2327782
2011-10-21,3920,3981,3916,3957,1442362
2011-10-24,3996,4116,3955,4066,1527180
2011-10-25,4090,4129,4016,4021,2134300
2011-10-26,3990,4043,3978,4039,1412636
2011-10-27,4050,4069,4026,4040,876566
2011-10-28,4099,4145,4048,4123,1811000
2011-10-31,4133,4159,4070,4123,1214182
2011-11-01,4130,4132,4052,4055,1146696
2011-11-02,4002,4046,3955,4045,1021990
2011-11-03,4020,4053,3989,4006,1123376
2011-11-04,4040,4129,4034,4121,1263124
2011-11-07,4116,4140,4086,4106,1012902
2011-11-08,4123,4151,4099,4141,990748
2011-11-09,4151,4180,4135,4159,1116100
2011-11-10,4100,4108,3998,4050,1368526
2011-11-11,4074,4155,4070,4149,1183642
2011-11-14,4180,4219,4170,4189,1131236
2011-11-15,4162,4180,4150,4157,822576
2011-11-16,4169,4211,4128,4134,961878
2011-11-17,4150,4185,4130,4178,830074
2011-11-18,4119,4167,4101,4154,751194
2011-11-21,4150,4157,4055,4086,1401414
2011-11-22,4051,4092,4040,4089,909468
2011-11-23,4089,4104,4035,4039,884400
2011-11-24,4020,4079,3995,4073,1285402
2011-11-25,4059,4069,4028,4045,803530
2011-11-28,4075,4100,4050,4084,849788
2011-11-29,4090,4132,4086,4126,1078900
2011-11-30,4126,4139,4070,4075,995218
2011-12-01,4222,4247,4156,4174,1022700
2011-12-05,4161,4177,4157,4163,554530
2011-12-06,4160,4162,4125,4160,659802
2011-12-07,4174,4184,4155,4182,505576
2011-12-08,4170,4178,4153,4176,544760
2011-12-09,4151,4180,4149,4169,502164
2011-12-12,4180,4180,4151,4168,573072
2011-12-13,4151,4159,4133,4151,608374
2011-12-14,4141,4162,4131,4153,455048
2011-12-15,4104,4138,4103,4124,686992
2011-12-16,4131,4190,4128,4189,798444
2011-12-19,4189,4190,4155,4170,658812
2011-12-20,4169,4183,4161,4175,493110
2011-12-21,4197,4204,4175,4181,557858
2011-12-22,4181,4208,4168,4206,553946
2011-12-23,4208,4231,4201,4226,730982
2011-12-26,4225,4244,4218,4227,612864
2011-12-27,4225,4243,4222,4235,456354
2011-12-28,4238,4243,4218,4236,515666
2011-12-29,4220,4233,4198,4201,498938
2011-12-30,4202,4214,4186,4210,658394
2012-01-04,4235,4236,4158,4159,750012
2012-01-05,4153,4194,4145,4177,675846
2012-01-06,4168,4196,4163,4196,520198
2012-01-09,4187,4193,4160,4185,573424
2012-01-10,4185,4217,4175,4215,479106
2012-01-11,4227,4233,4206,4224,419336
2012-01-12,4223,4231,4211,4223,327884
2012-01-13,4230,4235,4213,4229,345620
2012-01-16,4210,4245,4202,4240,386556
2012-01-17,4243,4315,4240,4294,611208
2012-01-18,4296,4321,4287,4301,442328
2012-01-19,4310,4319,4298,4310,219488
2012-01-20,4310,4334,4298,4323,292970
2012-01-30,4321,4347,4317,4320,243356
2012-01-31,4323,4326,4258,4297,409930
2012-02-01,4288,4301,4284,4284,298934
2012-02-02,4295,4320,4291,4318,349722
2012-02-03,4315,4332,4310,4332,260126
2012-02-06,4340,4349,4323,4331,323468
2012-02-07,4330,4335,4272,4275,629696
2012-02-08,4284,4342,4278,4337,648606
2012-02-09,4328,4337,4290,4297,584068
2012-02-10,4300,4313,4282,4286,530206
2012-02-13,4267,4279,4240,4261,563756
2012-02-14,4250,4265,4247,4252,348404
2012-02-15,4253,4256,4187,4189,941858
2012-02-16,4175,4188,4155,4169,810224
2012-02-17,4183,4192,4148,4157,669080
2012-02-20,4190,4190,4168,4178,482652
2012-02-21,4180,4228,4172,4228,785570
2012-02-22,4230,4258,4222,4251,570998
2012-02-23,4247,4255,4225,4238,410678
2012-02-24,4235,4239,4216,4234,355322
2012-02-27,4234,4292,4234,4282,382674
2012-02-28,4281,4297,4267,4291,308844
2012-02-29,4286,4305,4270,4295,413644
2012-03-01,4281,4310,4276,4281,534014
2012-03-02,4294,4306,4286,4298,456354
2012-03-05,4295,4309,4251,4267,669090
2012-03-06,4269,4282,4256,4268,536342
2012-03-07,4238,4259,4230,4253,484642
2012-03-08,4264,4291,4262,4281,563258
2012-03-09,4291,4325,4291,4319,612186
2012-03-12,4331,4339,4318,4335,468382
2012-03-13,4335,4347,4332,4341,392306
2012-03-14,4359,4359,4313,4325,676324
2012-03-15,4321,4340,4310,4337,528178
2012-03-16,4348,4352,4318,4334,516496
2012-03-19,4331,4346,4324,4343,432844
2012-03-20,4346,4353,4327,4333,452686
2012-03-21,4326,4358,4325,4358,588074
2012-03-22,4358,4367,4346,4355,659168
2012-03-23,4352,4355,4338,4347,422408
2012-03-26,4350,4361,4345,4354,372336
2012-03-27,4362,4371,4355,4367,407734
2012-03-28,4365,4368,4345,4345,451900
2012-03-29,4338,4345,4313,4320,540574
2012-03-30,4319,4333,4314,4324,345926
2012-04-05,4318,4366,4291,4354,605464
2012-04-06,4356,4387,4353,4385,549764
2012-04-09,4379,4402,4371,4380,574556
2012-04-10,4373,4393,4373,4384,394568
2012-04-11,4361,4383,4361,4377,523552
2012-04-12,4378,4399,4378,4392,462932
2012-04-13,4401,4405,4368,4377,621482
2012-04-16,4353,4362,4328,4329,594708
2012-04-17,4335,4344,4318,4322,476884
2012-04-18,4331,4348,4321,4342,564466
2012-04-19,4332,4339,4304,4315,605156
2012-04-20,4312,4325,4298,4313,586164
2012-04-23,4315,4315,4277,4281,665310
2012-04-24,4278,4291,4259,4269,527752
2012-04-25,4273,4276,4251,4274,558496
2012-04-26,4275,4291,4271,4290,418862
2012-04-27,4294,4298,4268,4269,353310
2012-05-02,4276,4284,4245,4245,519396
2012-05-03,4238,4252,4234,4239,533682
2012-05-04,4236,4256,4233,4256,418102
2012-05-07,4239,4244,4215,4221,407808
2012-05-08,4226,4233,4210,4215,370760
2012-05-09,4203,4209,4170,4184,580940
2012-05-10,4202,4203,4180,4190,332824
2012-05-11,4187,4189,4148,4150,492602
2012-05-14,4169,4173,4133,4135,745800
2012-05-15,4128,4128,4055,4091,924586
2012-05-16,4070,4098,4050,4050,607326
2012-05-17,4052,4094,4051,4093,638070
2012-05-18,4079,4084,4052,4074,686552
2012-05-21,4074,4099,4070,4089,606130
2012-05-22,4099,4112,4060,4073,809816
2012-05-23,4050,4054,3996,4019,1042800
2012-05-24,4015,4028,4003,4026,655206
2012-05-25,4030,4043,4011,4037,524750
2012-05-28,4039,4095,4034,4089,963548
2012-05-29,4080,4118,4072,4116,1030000
2012-05-30,4100,4109,4086,4100,953146
2012-05-31,4070,4119,4066,4103,973950
2012-06-01,4100,4115,4086,4096,944006
2012-06-04,4068,4075,4020,4032,1231100
2012-06-05,4060,4103,4048,4084,971958
2012-06-06,4085,4113,4080,4096,885018
2012-06-07,4111,4130,4096,4103,778884
2012-06-08,4105,4129,4094,4108,1191200
2012-06-11,4125,4142,4114,4122,741206
2012-06-12,4103,4110,4081,4100,712798
2012-06-13,4107,4114,4096,4103,533996
2012-06-14,4097,4118,4090,4110,481418
2012-06-15,4119,4127,4112,4122,409160
2012-06-18,4132,4140,4123,4129,364904
2012-06-19,4125,4132,4120,4127,256138
2012-06-20,4130,4151,4129,4144,483222
2012-06-21,4128,4137,4115,4118,379938
2012-06-25,4102,4119,4095,4107,463042
2012-06-26,4112,4115,4074,4076,617964
2012-06-27,4080,4081,4060,4064,484836
2012-06-28,4067,4086,4067,4084,379936
2012-06-29,4078,4084,4040,4067,842920
2012-07-02,4100,4100,4028,4044,854094
2012-07-03,4041,4085,4031,4078,653564
2012-07-04,4082,4099,4062,4090,640286
2012-07-05,4084,4099,4076,4094,450050
2012-07-06,4095,4099,4077,4089,283642
2012-07-09,4070,4071,4042,4050,425282
2012-07-10,4017,4018,3938,3940,842154
2012-07-11,3929,3949,3906,3928,884786
2012-07-12,3930,3939,3896,3918,736672
2012-07-13,3920,3942,3902,3941,630962
2012-07-16,3939,3941,3882,3889,986768
2012-07-17,3885,3888,3846,3861,752682
2012-07-18,3852,3874,3843,3864,835022
2012-07-19,3860,3869,3819,3825,968184
2012-07-20,3822,3824,3747,3750,1159334
2012-07-23,3700,3721,3652,3694,1227760
2012-07-24,3695,3730,3678,3709,1260600
2012-07-25,3685,3737,3683,3703,1405498
2012-07-26,3713,3730,3697,3719,989854
2012-07-27,3726,3768,3720,3762,1037448
2012-07-30,3769,3776,3733,3757,1012600
2012-07-31,3763,3782,3760,3772,821244
2012-08-01,3765,3765,3698,3703,1678160
2012-08-02,3696,3698,3663,3670,1234526
2012-08-03,3641,3687,3631,3672,1244096
2012-08-06,3675,3699,3650,3682,1390930
2012-08-07,3679,3688,3666,3687,732526
2012-08-08,3690,3691,3663,3667,765114
2012-08-09,3666,3692,3666,3691,767376
2012-08-10,3685,3727,3682,3721,1400090
2012-08-13,3720,3733,3679,3683,1078680
2012-08-14,3685,3696,3656,3665,1373600
2012-08-15,3659,3688,3646,3669,1266004
2012-08-16,3666,3673,3655,3659,728748
2012-08-17,3664,3670,3614,3626,1588862
2012-08-20,3625,3628,3599,3607,1009572
2012-08-21,3597,3603,3578,3591,1006330
2012-08-22,3590,3611,3555,3557,1195010
2012-08-23,3559,3568,3519,3542,1742896
2012-08-24,3527,3533,3507,3509,1144222
2012-08-27,3506,3524,3492,3513,1389552
2012-08-28,3499,3499,3455,3455,1588500
2012-08-29,3450,3453,3327,3443,4248630
2012-08-30,3434,3452,3381,3437,3642486
2012-08-31,3417,3433,3403,3411,1434984
2012-09-03,3390,3390,3350,3351,2325202
2012-09-04,3331,3340,3276,3282,3096626
2012-09-05,3270,3303,3218,3228,3465662
2012-09-06,3217,3287,3206,3271,4560416
2012-09-07,3269,3406,3263,3406,5904994
2012-09-10,3433,3507,3407,3497,6013500
2012-09-11,3492,3496,3436,3461,5094204
2012-09-12,3451,3505,3433,3457,5648582
2012-09-13,3450,3478,3433,3455,3290900
2012-09-14,3520,3623,3516,3561,3939892
2012-09-17,3538,3571,3508,3554,4057076
2012-09-18,3530,3598,3530,3582,3381252
2012-09-19,3590,3638,3584,3638,3454768
2012-09-20,3620,3637,3478,3483,5945784
2012-09-21,3496,3503,3436,3477,5590522
2012-09-24,3472,3560,3457,3543,4451502
2012-09-25,3558,3587,3530,3547,4346548
2012-09-26,3531,3570,3503,3527,3972964
2012-09-27,3516,3643,3512,3568,2635030
2012-09-28,3578,3599,3549,3597,1570792
2012-10-08,3625,3668,3616,3656,2233666
2012-10-09,3680,3686,3647,3667,2279900
2012-10-10,3657,3699,3640,3682,2433162
2012-10-11,3662,3675,3611,3634,2350360
2012-10-12,3638,3671,3616,3640,1924800
2012-10-15,3602,3631,3569,3582,1898218
2012-10-16,3585,3614,3563,3611,1401176
2012-10-17,3615,3650,3598,3638,1319502
2012-10-18,3648,3665,3638,3646,735628
2012-10-19,3644,3651,3623,3644,682734
2012-10-22,3640,3733,3624,3732,2415424
2012-10-23,3733,3746,3653,3660,3274936
2012-10-24,3653,3693,3647,3684,2505778
2012-10-25,3680,3698,3653,3679,2395024
2012-10-26,3674,3702,3655,3683,2704280
2012-10-29,3686,3696,3616,3619,2832374
2012-10-30,3615,3640,3608,3628,1686068
2012-10-31,3630,3637,3589,3634,2547820
2012-11-01,3631,3689,3626,3679,2278022
2012-11-02,3675,3695,3654,3676,2174920
2012-11-05,3655,3675,3617,3641,2523272
2012-11-06,3650,3658,3621,3642,1975530
2012-11-07,3648,3657,3625,3634,2034904
2012-11-08,3605,3637,3595,3627,1699292
2012-11-09,3635,3672,3628,3640,2328602
2012-11-12,3631,3676,3620,3666,2321464
2012-11-13,3660,3670,3641,3649,1684364
2012-11-14,3654,3657,3627,3642,1462954
2012-11-15,3635,3661,3633,3644,1467342
2012-11-16,3643,3658,3635,3643,1045096
2012-11-19,3637,3639,3542,3544,3246954
2012-11-20,3555,3565,3539,3552,1898612
2012-11-21,3555,3579,3551,3570,1448990
2012-11-22,3568,3571,3533,3564,2306830
2012-11-23,3557,3577,3552,3571,1350758
2012-11-26,3560,3567,3543,3553,1309970
2012-11-27,3551,3555,3521,3537,2012380
2012-11-28,3530,3541,3524,3525,1196026
2012-11-29,3520,3521,3467,3468,2321780
2012-11-30,3476,3495,3464,3495,2288480
2012-12-03,3483,3568,3482,3551,2248004
2012-12-04,3546,3569,3536,3562,1566298
2012-12-05,3565,3632,3554,3619,2635092
2012-12-06,3621,3635,3582,3595,2215104
2012-12-07,3595,3658,3590,3656,2735394
2012-12-10,3666,3707,3664,3679,2309468
2012-12-11,3673,3690,3653,3664,2102290
2012-12-12,3664,3703,3655,3691,2896950
2012-12-13,3695,3703,3667,3684,2130976
2012-12-14,3683,3790,3676,3786,3537308
2012-12-17,3788,3836,3779,3812,2635746
2012-12-18,3816,3841,3789,3819,3239534
2012-12-19,3812,3827,3793,3818,2751466
2012-12-20,3813,3822,3764,3789,3037022
2012-12-21,3779,3832,3772,3793,2602290
2012-12-24,3783,3796,3770,3790,1615326
2012-12-25,3785,3885,3780,3873,3741282
2012-12-26,3870,3882,3862,3878,1777464
2012-12-27,3895,3958,3857,3869,3370406
2012-12-28,3870,3916,3869,3916,1984868
2012-12-31,3921,3993,3916,3988,2403872
2013-01-04,4018,4023,3966,3990,2305966
2013-01-07,4029,4047,3994,4004,2896484
2013-01-08,4014,4020,3968,4010,2523894
2013-01-09,4009,4015,3976,3998,2208806
2013-01-10,3994,4030,3982,4020,2885508
2013-01-11,4022,4029,3918,3925,3186202
2013-01-14,3930,4026,3893,4004,3884908
2013-01-15,4005,4012,3969,3977,2434790
2013-01-16,3965,3969,3896,3934,2696402
2013-01-17,3930,3948,3899,3946,2440300
2013-01-18,3960,4004,3952,4002,2346678
2013-01-21,3991,4012,3962,3965,2373354
2013-01-22,3969,3990,3945,3987,2299268
2013-01-23,3990,4055,3980,4053,2698600
2013-01-24,4053,4067,3997,4032,3701298
2013-01-25,4040,4085,4035,4076,3541296
2013-01-28,4075,4080,4056,4068,1843148
2013-01-29,4061,4075,4043,4069,1691260
2013-01-30,4071,4131,4071,4114,2323038
2013-01-31,4126,4130,4100,4127,1470028
2013-02-01,4121,4170,4111,4168,2108662
2013-02-04,4179,4235,4174,4221,1635588
2013-02-05,4201,4205,4117,4140,2017310
2013-02-06,4150,4151,4094,4109,1140156
2013-02-07,4114,4135,4086,4124,698148
2013-02-08,4249,4297,4244,4275,1230546
2013-02-18,4280,4288,4166,4173,1711926
2013-02-19,4176,4215,4170,4187,2234100
2013-02-20,4186,4204,4152,4171,2488120
2013-02-21,4150,4158,4048,4085,3687920
2013-02-22,4070,4086,4028,4036,2204304
2013-02-25,4040,4049,3998,4016,2454538
2013-02-26,3981,4029,3952,3956,2555394
2013-02-27,3970,4012,3950,3985,3189356
2013-02-28,3990,4065,3990,4053,2850614
2013-03-01,4042,4048,3961,4020,3355966
2013-03-04,3975,3988,3886,3905,3849710
2013-03-05,3915,3949,3891,3939,2716096
2013-03-06,3940,3966,3912,3937,2898962
2013-03-07,3937,3950,3916,3932,2965220
2013-03-08,3954,3961,3890,3928,3281084
2013-03-11,3910,3939,3867,3908,3337874
2013-03-12,3903,3925,3873,3892,3068960
2013-03-13,3897,3899,3820,3833,3500908
2013-03-14,3822,3825,3741,3765,4004748
2013-03-15,3771,3920,3766,3860,5026726
2013-03-18,3833,3863,3784,3829,3577042
2013-03-19,3830,3849,3818,3843,2203092
2013-03-20,3820,3885,3818,3869,2625516
2013-03-21,3885,3928,3873,3921,2140220
2013-03-22,3886,3922,3875,3878,2310298
2013-03-25,3883,3926,3883,3912,2660564
2013-03-26,3905,3945,3863,3882,3247988
2013-03-27,3892,3916,3880,3889,2457468
2013-03-28,3900,3907,3814,3824,3561236
2013-03-29,3788,3840,3767,3810,3018070
2013-04-01,3793,3797,3710,3723,3542394
2013-04-02,3735,3773,3705,3769,3538772
2013-04-03,3760,3819,3754,3798,3385088
2013-04-08,3780,3845,3767,3835,3242552
2013-04-09,3845,3861,3820,3847,2947542
2013-04-10,3859,3862,3823,3847,2389752
2013-04-11,3845,3888,3825,3825,3273172
2013-04-12,3825,3844,3813,3838,2996150
2013-04-15,3800,3803,3711,3738,3987768
2013-04-16,3680,3763,3665,3750,3767686
2013-04-17,3766,3776,3678,3699,4528234
2013-04-18,3621,3685,3598,3651,4790564
2013-04-19,3667,3697,3640,3686,3372174
2013-04-22,3703,3717,3644,3647,2922738
2013-04-23,3653,3664,3584,3600,3521808
2013-04-24,3604,3684,3578,3645,4241852
2013-04-25,3646,3669,3625,3648,2396330
2013-04-26,3671,3683,3600,3600,2970358
2013-05-02,3550,3573,3530,3542,2305084
2013-05-03,3552,3610,3545,3581,3389276
2013-05-06,3630,3650,3610,3622,3028888
2013-05-07,3614,3658,3600,3624,3265900
2013-05-08,3625,3670,3622,3669,2720554
2013-05-09,3666,3674,3606,3621,2967078
2013-05-10,3610,3646,3587,3639,3589116
2013-05-13,3630,3687,3622,3656,4345924
2013-05-14,3658,3668,3611,3633,3436982
2013-05-15,3620,3628,3553,3554,3618224
2013-05-16,3552,3582,3526,3549,3824096
2013-05-17,3555,3628,3523,3622,6341490
2013-05-20,3611,3644,3602,3606,3901306
2013-05-21,3616,3626,3567,3590,3908044
2013-05-22,3585,3613,3564,3594,4240470
2013-05-23,3581,3586,3551,3553,3435060
2013-05-24,3559,3584,3555,3571,2843938
2013-05-27,3553,3554,3496,3496,3902784
2013-05-28,3499,3508,3479,3491,3063140
2013-05-29,3478,3500,3433,3439,3584080
2013-05-30,3422,3455,3420,3438,3320608
2013-05-31,3441,3459,3411,3416,3382890
2013-06-03,3430,3485,3430,3483,3917834
2013-06-04,3488,3494,3456,3478,2956270
2013-06-05,3479,3490,3463,3482,2330462
2013-06-06,3465,3471,3411,3421,3189430
2013-06-07,3419,3425,3391,3421,2436136
2013-06-13,3391,3442,3386,3422,2399476
2013-06-14,3419,3432,3382,3424,2815678
2013-06-17,3460,3508,3453,3477,3047306
2013-06-18,3483,3492,3472,3485,1845984
2013-06-19,3486,3529,3464,3526,3455300
2013-06-20,3512,3526,3454,3482,3944130
2013-06-21,3450,3547,3431,3516,5428592
2013-06-24,3501,3505,3442,3450,4130862
2013-06-25,3459,3466,3415,3456,3419640
2013-06-26,3456,3469,3418,3425,2039478
2013-06-27,3435,3486,3415,3471,2095732
2013-06-28,3463,3502,3460,3488,1223880
2013-07-01,3481,3496,3465,3484,758412
2013-07-02,3549,3567,3538,3561,2353976
2013-07-03,3566,3628,3558,3616,3680300
2013-07-04,3621,3635,3599,3621,2839812
2013-07-05,3623,3638,3616,3621,2329886
2013-07-08,3618,3623,3575,3608,3275272
2013-07-09,3612,3624,3587,3597,2856884
2013-07-10,3594,3650,3579,3638,3901094
2013-07-11,3649,3700,3631,3646,4498942
2013-07-12,3646,3668,3637,3656,2696638
2013-07-15,3666,3694,3659,3661,2989772
2013-07-16,3665,3683,3653,3677,2363288
2013-07-17,3681,3705,3675,3679,2799256
2013-07-18,3675,3682,3662,3682,1863500
2013-07-19,3688,3712,3685,3692,2201432
2013-07-22,3694,3697,3661,3678,1821040
2013-07-23,3676,3692,3673,3688,1597738
2013-07-24,3691,3708,3675,3694,2284502
2013-07-25,3687,3702,3683,3685,1396490
2013-07-26,3690,3691,3658,3669,1479516
2013-07-29,3650,3653,3627,3637,1477246
2013-07-30,3640,3647,3630,3633,1279040
2013-07-31,3613,3663,3613,3644,1869274
2013-08-01,3655,3660,3636,3647,1295006
2013-08-02,3651,3678,3651,3677,1708558
2013-08-05,3680,3688,3676,3685,965688
2013-08-06,3687,3693,3671,3691,1206102
2013-08-07,3693,3720,3685,3715,1876022
2013-08-08,3725,3748,3721,3743,1660164
2013-08-09,3744,3758,3718,3755,1876310
2013-08-12,3768,3812,3760,3810,2069502
2013-08-13,3819,3842,3804,3838,2064072
2013-08-14,3838,3848,3805,3819,1789832
2013-08-15,3825,3833,3815,3819,1497976
2013-08-16,3823,3838,3802,3811,1833066
2013-08-19,3802,3843,3785,3812,1892324
2013-08-20,3810,3828,3792,3796,1517702
2013-08-21,3796,3807,3786,3789,1150250
2013-08-22,3777,3799,3762,3769,1747080
2013-08-23,3772,3820,3771,3817,2136050
2013-08-26,3827,3848,3802,3813,2048358
2013-08-27,3801,3830,3776,3818,2137384
2013-08-28,3817,3835,3765,3767,2350504
2013-08-29,3768,3790,3727,3749,2330452
2013-08-30,3733,3769,3732,3753,1441268
2013-09-02,3765,3797,3763,3787,1452760
2013-09-03,3793,3799,3741,3745,2010496
2013-09-04,3744,3756,3729,3737,1309680
2013-09-05,3731,3748,3723,3732,1201718
2013-09-06,3729,3733,3705,3723,1544364
2013-09-09,3732,3764,3732,3752,1343182
2013-09-10,3751,3755,3721,3736,1186452
2013-09-11,3731,3742,3716,3727,1304284
2013-09-12,3723,3734,3710,3713,1060552
2013-09-13,3709,3710,3655,3657,1823146
2013-09-16,3661,3668,3628,3647,1416362
2013-09-17,3645,3661,3636,3647,1199380
2013-09-18,3640,3643,3618,3633,1376762
2013-09-23,3629,3656,3612,3655,1429956
2013-09-24,3653,3664,3626,3627,1224802
2013-09-25,3627,3637,3617,3626,1026100
2013-09-26,3625,3628,3605,3613,1024020
2013-09-27,3610,3612,3570,3576,1164922
2013-09-30,3586,3598,3581,3587,648414
2013-10-08,3579,3600,3541,3599,1071150
2013-10-09,3594,3621,3580,3612,1425574
2013-10-10,3587,3608,3584,3597,1022460
2013-10-11,3603,3621,3590,3601,1156954
2013-10-14,3602,3628,3598,3625,1129852
2013-10-15,3626,3636,3585,3606,1206938
2013-10-16,3610,3612,3560,3567,1254510
2013-10-17,3577,3586,3557,3558,991812
2013-10-18,3563,3581,3539,3568,1365830
2013-10-21,3558,3583,3551,3570,769944
2013-10-22,3565,3577,3555,3557,476304
2013-10-23,3559,3572,3536,3537,518390
2013-10-24,3520,3538,3516,3519,443932
2013-10-25,3521,3530,3485,3486,392180
2013-10-28,3490,3500,3479,3485,260978
2013-10-29,3482,3498,3470,3494,405792
2013-10-30,3610,3645,3607,3645,1190512
2013-10-31,3640,3651,3623,3636,1152622
2013-11-01,3638,3681,3632,3671,1771784
2013-11-04,3675,3685,3661,3677,1256126
2013-11-05,3682,3692,3654,3669,1371586
2013-11-06,3670,3677,3636,3642,1492144
2013-11-07,3643,3688,3643,3679,1910172
2013-11-08,3680,3686,3658,3661,1341632
2013-11-11,3650,3677,3633,3668,1523286
2013-11-12,3668,3681,3657,3670,1267998
2013-11-13,3660,3678,3647,3647,1582304
2013-11-14,3641,3650,3614,3620,1902964
2013-11-15,3624,3636,3590,3591,1936398
2013-11-18,3596,3608,3583,3592,1339696
2013-11-19,3585,3625,3585,3624,1689192
2013-11-21,3644,3646,3607,3612,1674888
2013-11-22,3616,3635,3610,3614,1222570
2013-11-25,3624,3642,3614,3636,1475900
2013-11-26,3640,3677,3636,3660,2424668
2013-11-27,3658,3664,3645,3650,1382060
2013-11-28,3648,3682,3646,3670,1725370
2013-11-29,3674,3680,3662,3670,935964
2013-12-02,3671,3698,3670,3695,1520018
2013-12-03,3690,3709,3687,3709,1341546
2013-12-04,3710,3727,3708,3713,1475374
2013-12-05,3716,3718,3692,3693,1243242
2013-12-06,3692,3704,3683,3702,1151966
2013-12-09,3703,3726,3703,3722,1356200
2013-12-10,3726,3737,3708,3716,1122538
2013-12-11,3718,3738,3691,3735,1933408
2013-12-12,3741,3745,3725,3729,1238166
2013-12-13,3728,3729,3661,3676,2446196
2013-12-16,3680,3694,3668,3671,1300370
2013-12-17,3675,3689,3662,3663,1377856
2013-12-18,3663,3663,3644,3656,1292080
2013-12-19,3661,3672,3642,3652,1024508
2013-12-20,3651,3665,3626,3627,1285518
2013-12-23,3616,3624,3603,3612,1107832
2013-12-24,3609,3632,3608,3628,984078
2013-12-25,3632,3640,3592,3603,1342694
2013-12-26,3601,3610,3583,3604,1270188
2013-12-27,3603,3621,3596,3612,1316292
2013-12-30,3612,3628,3567,3573,1487000
2013-12-31,3574,3592,3562,3570,1260888
2014-01-02,3562,3592,3562,3590,1019050
2014-01-03,3587,3588,3528,3540,1260658
2014-01-06,3531,3540,3512,3515,1107700
2014-01-07,3517,3520,3462,3465,1517508
2014-01-08,3453,3481,3449,3469,1222914
2014-01-09,3466,3488,3451,3456,1310698
2014-01-10,3452,3497,3441,3492,1624786
2014-01-13,3484,3494,3449,3462,1229540
2014-01-14,3462,3496,3456,3492,1233518
2014-01-15,3488,3507,3481,3498,1169568
2014-01-17,3478,3478,3452,3470,974250
2014-01-20,3465,3478,3446,3451,1432548
2014-01-21,3441,3447,3408,3410,1480214
2014-01-22,3404,3439,3403,3424,1420846
2014-01-23,3426,3465,3420,3438,1452702
2014-01-24,3453,3488,3444,3487,1437284
2014-01-27,3474,3479,3458,3472,876126
2014-01-28,3463,3465,3430,3431,964522
2014-01-29,3430,3452,3420,3443,817008
2014-01-30,3438,3465,3433,3455,517506
2014-02-07,3448,3450,3401,3411,926746
2014-02-10,3404,3428,3380,3421,1560496
2014-02-11,3412,3427,3385,3386,1192182
2014-02-12,3383,3406,3382,3393,1140402
2014-02-13,3399,3415,3383,3395,1091764
2014-02-14,3400,3417,3395,3412,967856
2014-02-17,3415,3459,3414,3455,1488420
2014-02-18,3453,3463,3422,3428,1016036
2014-02-19,3433,3449,3428,3436,925548
2014-02-20,3431,3432,3391,3394,1089914
2014-02-21,3396,3403,3386,3389,798520
2014-02-24,3384,3387,3308,3326,1518470
2014-02-25,3325,3342,3295,3308,948250
2014-02-26,3301,3328,3299,3317,836764
2014-02-27,3320,3348,3310,3340,935740
2014-02-28,3339,3344,3298,3318,1029900
2014-03-03,3413,3433,3396,3426,1055700
2014-03-04,3425,3430,3389,3409,1316700
2014-03-05,3415,3438,3393,3423,2003500
2014-03-06,3415,3419,3387,3388,1639200
2014-03-10,3290,3290,3221,3221,1547800
2014-03-11,3180,3260,3171,3236,2838700
2014-03-12,3186,3260,3141,3254,3159600
2014-03-14,3270,3276,3220,3262,2095700
2014-03-17,3270,3281,3227,3229,2095900
2014-03-18,3228,3275,3225,3240,2215300
2014-03-19,3241,3260,3226,3242,2278600
2014-03-20,3266,3278,3230,3230,2621800
2014-03-21,3231,3252,3211,3220,2690300
2014-03-24,3215,3224,3190,3213,2403400
2014-03-25,3214,3312,3210,3287,4139000
2014-03-26,3284,3286,3262,3275,1924000
2014-03-27,3265,3295,3253,3269,2310800
2014-03-28,3271,3310,3269,3307,2425200
2014-03-31,3311,3346,3310,3328,2564100
2014-04-01,3328,3336,3316,3331,1668900
2014-04-02,3345,3352,3316,3317,2100000
2014-04-03,3314,3343,3311,3336,2085400
2014-04-04,3339,3377,3334,3372,2226000
2014-04-08,3388,3425,3383,3414,2354800
2014-04-09,3416,3419,3380,3384,1868100
2014-04-10,3390,3405,3367,3368,2138000
2014-04-11,3373,3376,3353,3360,1780500
2014-04-14,3356,3394,3348,3360,2492500
2014-04-15,3357,3369,3336,3369,2006300
2014-04-16,3359,3360,3323,3329,2099300
2014-04-17,3336,3341,3324,3324,1542400
2014-04-18,3323,3323,3236,3245,3201100
2014-04-21,3252,3260,3235,3235,1428400
2014-04-22,3232,3253,3211,3244,2154800
2014-04-23,3248,3268,3216,3266,2239100
2014-04-24,3267,3288,3262,3275,1556600
2014-04-25,3289,3296,3267,3276,1564700
2014-04-28,3261,3267,3215,3222,1942100
2014-04-29,3221,3262,3220,3248,1848200
2014-04-30,3248,3251,3220,3227,1441200
2014-05-05,3220,3245,3191,3238,1698400
2014-05-06,3236,3249,3217,3225,1505200
2014-05-07,3221,3232,3195,3195,2484100
2014-05-08,3185,3203,3172,3181,2125700
2014-05-09,3182,3187,3158,3168,1775200
2014-05-12,3152,3194,3152,3193,2050200
2014-05-13,3198,3202,3162,3165,1784600
2014-05-14,3166,3180,3161,3166,1489900
2014-05-15,3164,3174,3130,3131,1974600
2014-05-16,3127,3130,3063,3090,2660100
2014-05-19,3081,3107,3072,3080,2610600
2014-05-20,3077,3085,3062,3068,1942100
2014-05-21,3068,3087,3055,3075,2248600
2014-05-22,3072,3116,3072,3079,2761400
2014-05-23,3085,3094,3073,3081,1680700
2014-05-26,3088,3147,3087,3140,2753900
2014-05-27,3140,3156,3127,3144,1714500
2014-05-28,3139,3145,3102,3116,2123000
2014-05-29,3114,3126,3108,3111,1509200
2014-05-30,3106,3106,3047,3056,2382800
2014-06-03,3058,3069,3040,3057,1874800
2014-06-04,3055,3069,3052,3061,1628800
2014-06-05,3065,3078,3034,3067,2458300
2014-06-06,3068,3085,3061,3079,2035600
2014-06-09,3073,3085,3057,3064,1694300
2014-06-10,3069,3080,3043,3068,2473300
2014-06-11,3068,3072,3045,3046,1734400
2014-06-12,3041,3048,3026,3027,1792700
2014-06-13,3018,3048,3015,3029,2031800
2014-06-16,3018,3024,3000,3001,2032000
2014-06-17,2999,3025,2994,3018,2207900
2014-06-18,3020,3027,3005,3009,1468500
2014-06-19,3008,3023,3004,3009,1592200
2014-06-20,3010,3046,2999,3044,2709700
2014-06-23,3041,3077,3041,3072,2300300
2014-06-24,3065,3069,3047,3064,1704400
2014-06-25,3064,3086,3063,3079,1605600
2014-06-26,3085,3119,3082,3115,2398400
2014-06-27,3115,3122,3086,3088,1650400
2014-06-30,3090,3091,3070,3076,1335000
2014-07-01,3082,3088,3062,3069,1441200
2014-07-02,3072,3100,3049,3097,1760900
2014-07-03,3116,3127,3098,3099,1455300
2014-07-04,3101,3114,3091,3102,1699000
2014-07-07,3105,3115,3076,3088,2240600
2014-07-08,3091,3118,3078,3116,1986500
2014-07-09,3116,3118,3092,3095,1700300
2014-07-10,3093,3136,3088,3113,2917100
2014-07-11,3115,3131,3109,3128,2612800
2014-07-14,3131,3154,3128,3146,2366300
2014-07-15,3148,3155,3136,3145,1722700
2014-07-16,3145,3149,3132,3132,1383100
2014-07-17,3129,3139,3120,3121,1637200
2014-07-18,3118,3119,3046,3051,2746700
2014-07-21,3064,3064,3041,3042,1814800
2014-07-22,3039,3062,3039,3045,1790500
2014-07-23,3043,3048,3031,3036,1823500
2014-07-24,3031,3055,3028,3034,2238200
2014-07-25,3039,3052,3032,3048,1784200
2014-07-28,3045,3081,3045,3076,2703200
2014-07-29,3085,3115,3076,3105,2990800
2014-07-30,3098,3100,3070,3072,2289600
2014-07-31,3073,3084,3065,3069,1561300
2014-08-01,3062,3081,3051,3067,2294900
2014-08-04,3064,3108,3060,3106,2945500
2014-08-05,3106,3123,3097,3102,2952600
2014-08-06,3094,3120,3091,3104,2590800
2014-08-07,3108,3125,3100,3100,2228166
2014-08-08,3097,3106,3076,3087,2247990
2014-08-11,3085,3099,3062,3062,2524660
2014-08-12,3057,3069,3052,3063,1791422
2014-08-13,3063,3072,3042,3044,2678436
2014-08-14,3041,3046,3020,3021,2142998
2014-08-15,3018,3037,3014,3031,2373268
2014-08-18,3030,3036,3006,3010,2453272
2014-08-19,3009,3027,3003,3015,1979616
2014-08-20,3010,3012,2990,2990,2240678
2014-08-21,2991,2995,2980,2983,1873434
2014-08-22,2980,3001,2979,2986,1949942
2014-08-25,2975,2978,2961,2974,1933578
2014-08-26,2975,2990,2964,2979,1727058
2014-08-27,2983,2989,2964,2965,2003800
2014-08-28,2961,2969,2926,2937,3218868
2014-08-29,2932,2947,2927,2940,1913484
2014-09-01,2943,2943,2914,2915,2147522
2014-09-02,2915,2929,2896,2910,3632038
2014-09-03,2902,2905,2850,2853,3861960
2014-09-04,2854,2863,2837,2838,3927914
2014-09-05,2839,2847,2826,2834,3371838
2014-09-09,2820,2830,2766,2768,4192656
2014-09-10,2760,2812,2725,2780,6590504
2014-09-11,2774,2784,2749,2757,3729686
2014-09-12,2756,2791,2752,2790,3984704
2014-09-15,2812,2832,2801,2826,4585390
2014-09-16,2826,2834,2782,2788,5159490
2014-09-17,2805,2814,2782,2804,4392080
2014-09-18,2796,2797,2766,2767,3746742
2014-09-19,2758,2764,2708,2714,5731296
2014-09-22,2694,2696,2619,2619,5027012
2014-09-23,2610,2648,2591,2616,6227118
2014-09-24,2612,2637,2609,2616,4575332
2014-09-25,2613,2622,2538,2548,7750420
2014-09-26,2544,2624,2538,2590,9099322
2014-09-29,2585,2598,2519,2529,6766200
2014-09-30,2538,2562,2526,2532,3750178
2014-10-08,2465,2545,2450,2452,20518
2014-10-09,2513,2565,2510,2550,4927310
2014-10-10,2543,2597,2531,2575,5180206
2014-10-13,2606,2664,2600,2663,5580374
2014-10-14,2662,2671,2631,2649,3412412
2014-10-15,2654,2674,2634,2654,3637952
2014-10-16,2635,2683,2603,2655,4556070
2014-10-17,2656,2674,2632,2646,2264754
2014-10-20,2619,2633,2591,2614,4455996
2014-10-21,2611,2623,2596,2597,3350458
2014-10-22,2599,2602,2537,2547,5402296
2014-10-23,2541,2560,2523,2533,5723920
2014-10-24,2533,2558,2527,2554,4631784
2014-10-27,2557,2566,2541,2549,3682354
2014-10-28,2544,2559,2530,2548,4006168
2014-10-29,2548,2590,2542,2589,5199500
2014-10-30,2591,2620,2580,2590,6061352
2014-10-31,2589,2595,2563,2565,5027740
2014-11-03,2560,2583,2541,2542,5634362
2014-11-04,2535,2570,2529,2558,5819806
2014-11-05,2554,2567,2512,2513,6212778
2014-11-06,2522,2537,2512,2526,5593508
2014-11-07,2527,2550,2506,2536,6886784
2014-11-10,2559,2575,2548,2557,6817834
2014-11-11,2555,2562,2537,2552,4467210
2014-11-12,2560,2568,2542,2554,5140482
2014-11-13,2549,2550,2518,2520,4548416
2014-11-14,2515,2535,2514,2524,3606306
2014-11-17,2529,2535,2507,2514,4282336
2014-11-18,2508,2509,2431,2442,7893790
2014-11-19,2441,2461,2433,2446,5697686
2014-11-20,2447,2459,2437,2439,4135288
2014-11-21,2423,2459,2417,2448,6265558
2014-11-24,2471,2479,2436,2437,5317852
2014-11-25,2435,2452,2424,2450,5293080
2014-11-26,2442,2455,2431,2448,4756278
2014-11-27,2457,2539,2453,2539,8196212
2014-11-28,2522,2575,2516,2548,7732948
2014-12-01,2529,2546,2505,2521,6595664
2014-12-02,2548,2556,2482,2503,6316698
2014-12-03,2499,2539,2492,2532,6837216
2014-12-04,2534,2593,2532,2567,7936068
2014-12-05,2569,2576,2549,2560,4642740
2014-12-08,2565,2591,2540,2542,5658862
2014-12-09,2535,2557,2505,2557,6535982
2014-12-10,2558,2572,2537,2563,6050896
2014-12-11,2558,2603,2551,2566,6475540
2014-12-12,2566,2591,2563,2585,5607560
2014-12-15,2590,2596,2570,2570,3293514
2014-12-16,2555,2557,2529,2548,4504078
2014-12-17,2536,2549,2531,2540,3543628
2014-12-18,2545,2554,2519,2546,4590180
2014-12-19,2550,2568,2545,2559,1499000
2014-12-22,2560,2564,2503,2513,5049920
2014-12-23,2497,2497,2463,2467,4548628
2014-12-24,2466,2503,2461,2496,3938452
2014-12-25,2494,2497,2476,2482,2427210
2014-12-26,2483,2488,2473,2480,1877152
2014-12-29,2476,2524,2466,2519,3040750
2014-12-30,2519,2608,2512,2608,6385038
2014-12-31,2618,2626,2575,2594,4148900
2015-01-05,2550,2570,2540,2560,2891600
2015-01-06,2551,2647,2548,2619,7434500
2015-01-07,2615,2615,2568,2585,4317800
2015-01-08,2585,2603,2563,2579,3696600
2015-01-09,2584,2588,2546,2557,3561000
2015-01-12,2557,2585,2501,2502,5204600
2015-01-13,2498,2514,2483,2511,3337200
2015-01-14,2499,2520,2456,2487,5060400
2015-01-15,2483,2524,2472,2519,4426300
2015-01-16,2519,2532,2497,2510,3898300
2015-01-19,2499,2526,2471,2517,5839900
2015-01-20,2512,2528,2486,2488,3804600
2015-01-21,2485,2513,2470,2472,4067200
2015-01-22,2461,2491,2460,2479,3426500
2015-01-23,2478,2496,2471,2484,3686600
2015-01-26,2482,2486,2441,2450,4693000
2015-01-27,2454,2467,2449,2455,2345800
2015-01-28,2463,2475,2454,2474,2452700
2015-01-29,2472,2513,2470,2507,3767000
2015-01-30,2514,2514,2491,2498,2275300
2015-02-02,2503,2526,2486,2492,2749900
2015-02-03,2496,2504,2473,2474,2576900
2015-02-04,2480,2512,2466,2467,2889400
2015-02-05,2480,2492,2472,2472,1784500
2015-02-06,2476,2497,2475,2495,1633200
2015-02-09,2495,2509,2465,2477,1506100
2015-02-10,2477,2495,2476,2491,826468
2015-02-11,2492,2495,2480,2490,605896
2015-02-12,2491,2495,2474,2489,691294
2015-02-13,2488,2520,2487,2514,1430300
2015-02-16,2514,2549,2509,2525,1218500
2015-02-17,2524,2530,2504,2522,804368
2015-02-25,2527,2535,2527,2535,4
2015-02-26,2486,2509,2485,2505,863160
2015-02-27,2510,2510,2463,2465,1378200
2015-03-02,2462,2483,2427,2472,2769000
2015-03-03,2466,2482,2452,2468,1199700
2015-03-04,2465,2470,2454,2464,693690
2015-03-05,2466,2467,2428,2447,1213754
2015-03-06,2445,2448,2416,2418,585192
2015-03-09,2478,2506,2462,2486,3254646
2015-03-10,2483,2493,2449,2453,2391800
2015-03-11,2451,2478,2449,2471,2204398
2015-03-12,2474,2507,2464,2496,2646136
2015-03-13,2505,2516,2485,2493,2484292
2015-03-16,2491,2524,2480,2520,2887758
2015-03-17,2520,2524,2505,2512,2039234
2015-03-18,2511,2522,2473,2483,4334196
2015-03-19,2480,2502,2474,2482,2041408
2015-03-20,2482,2498,2477,2481,1774980
2015-03-23,2483,2545,2471,2537,3943262
2015-03-24,2550,2574,2538,2542,4221476
2015-03-25,2538,2547,2505,2507,3109514
2015-03-26,2502,2514,2488,2491,2949506
2015-03-27,2495,2495,2408,2477,6043130
2015-03-30,2472,2498,2450,2451,4261190
2015-03-31,2471,2477,2415,2431,5247554
2015-04-01,2423,2428,2381,2390,5869210
2015-04-02,2377,2399,2340,2342,7905188
2015-04-03,2343,2374,2336,2341,6098706
2015-04-07,2330,2343,2309,2311,4374424
2015-04-08,2306,2335,2284,2324,7162492
2015-04-09,2323,2326,2287,2290,4823818
2015-04-10,2291,2298,2266,2266,4749620
2015-04-13,2263,2329,2262,2325,7561282
2015-04-14,2335,2341,2302,2324,7287328
2015-04-15,2327,2331,2294,2297,4532636
2015-04-16,2296,2329,2291,2318,5042842
2015-04-17,2317,2335,2309,2311,4649630
2015-04-20,2305,2314,2278,2279,6266020
2015-04-21,2277,2291,2270,2281,4252402
2015-04-22,2282,2334,2282,2327,6974766
2015-04-23,2328,2332,2306,2323,5507632
2015-04-24,2325,2387,2324,2378,9322642
2015-04-27,2384,2413,2366,2408,8738302
2015-04-28,2417,2430,2384,2398,5879950
2015-04-29,2398,2412,2332,2340,7285772
2015-04-30,2346,2377,2341,2365,5412820
2015-05-04,2383,2421,2371,2413,4834698
2015-05-05,2414,2442,2399,2428,7536936
2015-05-06,2430,2447,2418,2430,6223092
2015-05-07,2433,2437,2401,2407,4835314
2015-05-08,2410,2420,2386,2412,5401672
2015-05-11,2417,2434,2407,2421,4298216
2015-05-12,2420,2427,2389,2391,3813042
2015-05-13,2395,2407,2376,2383,3721250
2015-05-14,2384,2390,2342,2363,5247184
2015-05-15,2360,2373,2351,2372,2802208
2015-05-18,2372,2374,2348,2349,2535766
2015-05-19,2342,2355,2338,2342,2609006
2015-05-20,2337,2342,2302,2314,3605960
2015-05-21,2314,2353,2313,2344,3321110
2015-05-22,2346,2359,2326,2351,3699272
2015-05-25,2348,2349,2327,2347,3046606
2015-05-26,2348,2378,2346,2351,4809814
2015-05-27,2350,2364,2342,2355,2552564
2015-05-28,2355,2373,2342,2355,3100416
2015-05-29,2355,2365,2335,2359,3197716
2015-06-01,2356,2386,2347,2372,4129768
2015-06-02,2375,2379,2363,2375,2592372
2015-06-03,2378,2379,2348,2349,2404222
2015-06-04,2347,2359,2336,2356,3077860
2015-06-05,2356,2365,2325,2341,2524844
2015-06-08,2338,2341,2327,2334,1898566
2015-06-09,2330,2356,2328,2337,2066772
2015-06-10,2338,2348,2327,2336,2709874
2015-06-11,2344,2359,2340,2355,3117692
2015-06-12,2348,2351,2296,2299,3983034
2015-06-15,2298,2314,2276,2281,3325350
2015-06-16,2273,2288,2238,2243,3921078
2015-06-17,2240,2249,2219,2223,4536168
2015-06-18,2226,2252,2222,2245,3378246
2015-06-19,2245,2267,2244,2246,3010142
2015-06-23,2016,2036,2008,2030,186
2015-06-24,2239,2247,2230,2241,2497894
2015-06-25,2242,2246,2215,2218,2870778
2015-06-26,2217,2237,2203,2213,3994394
2015-06-29,2215,2226,2179,2181,3658666
2015-06-30,2180,2180,2095,2135,7807732
2015-07-01,2135,2140,2117,2124,3659918
2015-07-03,1990,2012,1990,2002,258
2015-07-06,2116,2119,2027,2027,3390786
2015-07-07,2003,2028,1948,1957,7005452
2015-07-08,1965,2005,1891,1891,9237660
2015-07-09,1905,2035,1893,2004,7051156
2015-07-10,2020,2068,2007,2007,4587426
2015-07-13,2002,2032,1992,2008,2661184
2015-07-14,2018,2033,1999,2007,1806312
2015-07-15,2006,2016,1983,1990,1765154
2015-07-16,1990,2021,1956,2005,2515104
2015-07-17,2008,2015,1988,2006,1423034
2015-07-20,2047,2123,2038,2112,5372274
2015-07-21,2104,2125,2079,2081,4278448
2015-07-22,2074,2085,2010,2031,4843262
2015-07-23,2031,2062,2017,2050,4318224
2015-07-24,2050,2064,2034,2044,4132504
2015-07-27,2048,2099,2046,2074,5905974
2015-07-28,2072,2102,2052,2072,5570278
2015-07-29,2076,2118,2075,2110,5789134
2015-07-30,2108,2116,2081,2085,4844012
2015-07-31,2082,2107,2077,2095,4215404
2015-08-03,2095,2132,2073,2078,6307800
2015-08-04,2083,2102,2068,2097,3837588
2015-08-05,2096,2107,2082,2098,3994900
2015-08-06,2099,2102,2066,2076,3884330
2015-08-07,2071,2079,2043,2063,4472546
2015-08-10,2057,2067,2038,2045,3523152
2015-08-11,2044,2074,2043,2053,4898544
2015-08-12,2049,2073,2043,2071,3829656
2015-08-13,2080,2103,2076,2092,5340620
2015-08-14,2089,2093,2081,2085,2412166
2015-08-17,2089,2095,2058,2059,3325562
2015-08-18,2055,2068,2047,2049,2590430
2015-08-19,2049,2053,2024,2044,4059872
2015-08-20,2042,2048,2020,2028,3291744
2015-08-21,2034,2040,2023,2024,2737948
2015-08-24,2021,2026,1930,1934,6300192
2015-08-25,1936,1965,1917,1933,6832422
2015-08-26,1961,1975,1936,1937,4417540
2015-08-27,1935,1985,1931,1969,4210600
2015-08-28,1970,2004,1965,1976,6597234
2015-08-31,1972,1977,1945,1952,5809012
2015-09-01,1955,1970,1946,1963,4473344
2015-09-02,1960,1967,1949,1955,2561494
2015-09-03,1960,1967,1949,1957,2561400
2015-09-07,1980,1980,1970,1970,120
2015-09-08,1920,1949,1916,1949,3649914
2015-09-09,1952,1979,1946,1948,7883726
2015-09-10,1950,1967,1939,1956,4779406
2015-09-11,1957,1969,1946,1946,5041194
2015-09-14,1944,1948,1926,1929,4065100
2015-09-15,1925,1934,1907,1909,3253090
2015-09-16,1910,1941,1910,1934,3964030
2015-09-17,1933,1950,1925,1926,4414424
2015-09-18,1928,1935,1918,1922,3226308
2015-09-21,1920,1925,1894,1904,3814342
2015-09-22,1908,1913,1884,1891,3174160
2015-09-23,1887,1905,1877,1902,3580716
2015-09-24,1905,1906,1888,1893,1747832
2015-09-25,1892,1910,1885,1891,2794220
2015-09-28,1885,1885,1855,1859,2271328
2015-09-29,1852,1858,1828,1833,3299438
2015-09-30,1837,1838,1815,1821,2494804
2015-10-01,1837,1838,1815,1826,2494800
2015-10-08,1765,1797,1765,1769,7436
2015-10-09,1826,1864,1821,1852,3479500
2015-10-12,1857,1868,1836,1847,3981900
2015-10-13,1848,1852,1820,1838,3089416
2015-10-14,1836,1843,1826,1830,2522922
2015-10-15,1831,1844,1826,1834,2109524
2015-10-16,1834,1836,1820,1830,2483140
2015-10-19,1829,1841,1800,1807,3243418
2015-10-20,1806,1815,1795,1801,2261400
2015-10-21,1800,1811,1788,1804,4048260
2015-10-22,1804,1818,1801,1805,2373494
2015-10-23,1805,1809,1781,1801,2247608
2015-10-26,1803,1808,1793,1801,2065598
2015-10-27,1800,1818,1798,1804,2068660
2015-10-28,1802,1804,1784,1792,1783290
2015-10-29,1790,1801,1783,1795,1251140
2015-10-30,1796,1797,1779,1782,1280842
2015-11-02,1782,1796,1779,1787,998326
2015-11-03,1785,1789,1773,1779,1032118
2015-11-04,1777,1785,1773,1780,1321266
2015-11-05,1781,1788,1768,1776,1524966
2015-11-06,1777,1808,1775,1794,2568118
2015-11-09,1791,1808,1788,1805,1957650
2015-11-10,1806,1811,1790,1797,1808924
2015-11-11,1795,1796,1775,1777,1753724
2015-11-12,1780,1780,1760,1765,2324048
2015-11-13,1764,1768,1758,1759,1946790
2015-11-16,1759,1768,1752,1753,1964378
2015-11-17,1753,1758,1748,1752,1586652
2015-11-18,1752,1753,1731,1736,2100464
2015-11-19,1736,1737,1692,1705,4542824
2015-11-20,1704,1712,1693,1695,2733446
2015-11-23,1695,1695,1649,1659,4414044
2015-11-24,1660,1673,1652,1667,3414958
2015-11-25,1666,1729,1659,1676,6173106
2015-11-26,1673,1722,1666,1680,8211592
2015-11-27,1680,1685,1654,1656,4213766
2015-11-30,1652,1660,1621,1626,4700388
2015-12-01,1628,1642,1618,1633,4285306
2015-12-02,1630,1673,1626,1659,7473778
2015-12-03,1657,1667,1632,1635,4289644
2015-12-04,1635,1657,1630,1650,5652644
2015-12-07,1652,1676,1643,1670,5045348
2015-12-08,1668,1669,1645,1654,4044250
2015-12-09,1651,1667,1649,1656,3471394
2015-12-10,1656,1663,1643,1648,3004688
2015-12-11,1646,1662,1640,1658,2855298
2015-12-14,1659,1670,1648,1665,3573916
2015-12-15,1661,1686,1656,1657,5315278
2015-12-16,1656,1674,1655,1673,2142674
2015-12-17,1673,1694,1673,1677,5940106
2015-12-18,1676,1714,1676,1712,4566394
2015-12-21,1719,1757,1712,1749,9698548
2015-12-22,1749,1764,1719,1731,8147652
2015-12-23,1728,1731,1707,1717,5630160
2015-12-24,1717,1741,1715,1724,6194022
2015-12-25,1722,1738,1720,1737,2885082
2015-12-28,1737,1746,1720,1741,4514858
2015-12-29,1740,1790,1739,1780,8060928
2015-12-30,1779,1806,1771,1780,7988626
2015-12-31,1782,1804,1776,1784,5863506
2016-01-04,1821,1846,1773,1777,6700936
2016-01-05,1779,1789,1761,1789,6413148
2016-01-06,1787,1790,1769,1775,4603662
2016-01-07,1770,1786,1766,1773,4652628
2016-01-08,1769,1775,1747,1759,6658038
2016-01-11,1757,1772,1748,1758,5081394
2016-01-12,1759,1765,1739,1741,5333022
2016-01-13,1741,1752,1735,1740,3591540
2016-01-14,1742,1759,1732,1758,4110300
2016-01-15,1758,1787,1754,1778,6649864
2016-01-18,1777,1832,1770,1827,9156242
2016-01-19,1825,1841,1817,1839,6967734
2016-01-20,1838,1842,1813,1818,6237726
2016-01-21,1815,1824,1805,1808,5493208
2016-01-22,1810,1856,1807,1823,7687002
2016-01-25,1828,1856,1823,1840,7650122
2016-01-26,1840,1848,1832,1845,4321346
2016-01-27,1850,1871,1840,1863,7017400
2016-01-28,1861,1862,1811,1815,7189268
2016-01-29,1813,1827,1805,1814,5938474
2016-02-01,1816,1845,1815,1819,5697330
2016-02-02,1820,1824,1801,1815,4090540
2016-02-03,1820,1830,1807,1826,3099622
2016-02-04,1826,1855,1825,1851,3515826
2016-02-05,1853,1862,1826,1843,2790060
2016-02-15,1835,1880,1833,1872,2680436
2016-02-16,1872,1880,1861,1865,2707824
2016-02-17,1866,1876,1855,1861,3197078
2016-02-18,1864,1871,1855,1870,2833084
2016-02-19,1872,1899,1864,1897,4259322
2016-02-22,1897,1968,1892,1962,6568536
2016-02-23,1957,1965,1921,1926,5118530
2016-02-24,1922,1937,1916,1929,3504668
2016-02-25,1929,1961,1924,1928,4325944
2016-02-26,1932,1939,1898,1922,4146132
2016-02-29,1922,1973,1912,1969,6078558
2016-03-01,1975,2010,1961,1994,6064250
2016-03-02,1997,2009,1984,1993,5582604
2016-03-03,1990,1999,1967,1974,4325658
2016-03-04,1972,1997,1952,1987,4750600
2016-03-07,1990,2073,1983,2073,3279116
2016-03-08,2194,2194,2077,2194,6192598
2016-03-09,2149,2163,2035,2104,8678072
2016-03-10,2112,2201,2107,2130,11325298
2016-03-11,2111,2133,2068,2085,4663174
2016-03-14,2000,2076,1985,1986,7468574
2016-03-15,1980,2006,1967,1972,6206632
2016-03-16,1969,2011,1968,2008,5064118
2016-03-17,2010,2086,2006,2078,8370102
2016-03-18,2082,2149,2073,2118,12070078
2016-03-21,2117,2210,2087,2147,15519554
2016-03-22,2153,2180,2144,2158,10235742
2016-03-23,2155,2240,2138,2193,15313536
2016-03-24,2198,2205,2106,2120,17616140
2016-03-25,2117,2185,2114,2184,13761106
2016-03-28,2190,2219,2127,2132,15282150
2016-03-29,2140,2172,2123,2159,12704180
2016-03-30,2163,2165,2091,2113,15421990
2016-03-31,2109,2140,2105,2136,10882762
2016-04-01,2140,2196,2136,2193,11332698
2016-04-05,2263,2350,2263,2350,240
2016-04-06,2194,2207,2162,2182,9508160
2016-04-07,2180,2212,2171,2191,8191230
2016-04-08,2188,2199,2178,2196,7519084
2016-04-11,2201,2315,2199,2293,13939432
2016-04-12,2302,2344,2287,2344,12889096
2016-04-13,2351,2435,2332,2353,19138022
2016-04-14,2355,2377,2315,2324,11451662
2016-04-15,2320,2340,2296,2300,10863312
2016-04-18,2287,2417,2287,2391,11825572
2016-04-19,2397,2494,2396,2494,14327034
2016-04-20,2501,2592,2501,2592,15687854
2016-04-21,2612,2787,2610,2750,22361400
2016-04-22,2735,2740,2591,2619,21928680
2016-04-25,2608,2781,2585,2643,19860714
2016-04-26,2607,2650,2518,2554,13828216
2016-04-27,2550,2587,2451,2500,14117966
2016-04-28,2503,2548,2456,2539,12590112
2016-04-29,2548,2590,2533,2580,11065856
2016-05-03,2545,2546,2432,2451,6087006
2016-05-04,2439,2448,2365,2381,8158556
2016-05-05,2373,2404,2299,2309,8843630
2016-05-06,2320,2339,2281,2336,9851786
2016-05-09,2343,2352,2175,2175,8700040
2016-05-10,2105,2165,2085,2147,10220650
2016-05-11,2155,2175,2118,2146,9657606
2016-05-12,2154,2159,2072,2074,8472638
2016-05-13,2064,2078,2000,2030,10298962
2016-05-16,2022,2086,2013,2052,8318498
2016-05-17,2058,2118,2042,2114,8366662
2016-05-18,2109,2134,2036,2055,10649982
2016-05-19,2050,2073,2024,2043,8679626
2016-05-20,2030,2079,2016,2062,7550934
2016-05-23,2065,2069,1930,1947,7824686
2016-05-24,1945,1965,1917,1958,6755808
2016-05-25,1963,1973,1912,1916,6905020
2016-05-26,1920,1958,1907,1953,7416702
2016-05-27,1965,2048,1926,2033,11215608
2016-05-30,2033,2054,1894,1990,10207570
2016-05-31,1985,2028,1973,1978,7125598
2016-06-01,1975,1985,1939,1955,5423698
2016-06-02,1940,1980,1938,1954,4834340
2016-06-03,1952,2003,1950,1988,5065658
2016-06-06,2009,2082,1982,2059,7362346
2016-06-07,2065,2103,2055,2077,6342670
2016-06-08,2076,2115,2038,2099,7473444
2016-06-13,2092,2189,2090,2170,6223922
2016-06-14,2170,2184,2071,2072,8418904
2016-06-15,2062,2101,2053,2067,5505990
2016-06-16,2082,2118,2068,2074,5954174
2016-06-17,2069,2080,2028,2074,5880856
2016-06-20,2072,2099,2056,2062,4848484
2016-06-21,2053,2115,2048,2082,5592902
2016-06-22,2080,2143,2075,2143,6999164
2016-06-23,2148,2161,2131,2141,5478706
2016-06-24,2153,2168,2100,2126,5838818
2016-06-27,2125,2268,2124,2268,7599160
2016-06-28,2268,2288,2234,2265,5887680
2016-06-29,2264,2280,2226,2241,5861356
2016-06-30,2237,2345,2233,2337,7704152
2016-07-01,2341,2374,2309,2349,7083518
2016-07-04,2349,2468,2349,2424,9112380
2016-07-05,2430,2454,2311,2402,7311714
2016-07-06,2393,2429,2326,2378,8042726
2016-07-07,2370,2456,2349,2387,8375194
2016-07-08,2387,2447,2365,2445,8376194
2016-07-11,2464,2484,2361,2430,7469210
2016-07-12,2435,2563,2416,2558,7774606
2016-07-13,2540,2589,2512,2516,6880472
2016-07-14,2523,2542,2478,2524,5581728
2016-07-15,2515,2556,2479,2527,6070020
2016-07-18,2528,2535,2362,2362,7009522
2016-07-19,2354,2358,2264,2297,7458256
2016-07-20,2304,2336,2282,2310,5487648
2016-07-21,2309,2432,2278,2396,7426584
2016-07-22,2390,2399,2296,2310,6666442
2016-07-25,2311,2368,2279,2342,7003380
2016-07-26,2350,2379,2309,2379,5557718
2016-07-27,2377,2449,2367,2418,7734528
2016-07-28,2421,2503,2412,2480,7475414
2016-07-29,2475,2484,2396,2412,5494102
2016-08-01,2420,2521,2383,2495,6510646
2016-08-02,2500,2529,2478,2514,4636956
2016-08-03,2517,2522,2471,2497,4146122
2016-08-04,2495,2504,2417,2453,5642740
2016-08-05,2461,2555,2450,2538,5161852
2016-08-08,2538,2618,2516,2607,4988876
2016-08-09,2607,2628,2549,2589,4572794
2016-08-10,2580,2639,2561,2587,4624264
2016-08-11,2587,2602,2535,2594,4269190
2016-08-12,2580,2590,2555,2577,3689742
2016-08-15,2561,2582,2505,2571,4053394
2016-08-16,2571,2687,2563,2648,4320198
2016-08-17,2640,2667,2585,2589,3099566
2016-08-18,2531,2570,2516,2549,4533600
2016-08-19,2537,2575,2497,2567,5512548
2016-08-22,2564,2602,2551,2553,5207160
2016-08-23,2549,2615,2537,2596,5406822
2016-08-24,2599,2620,2575,2589,3940550
2016-08-25,2600,2620,2487,2567,7629108
2016-08-26,2565,2573,2500,2502,5510904
2016-08-29,2492,2501,2447,2477,5832962
2016-08-30,2485,2491,2418,2422,6071512
2016-08-31,2430,2449,2389,2392,5324052
2016-09-01,2384,2412,2362,2402,5234742
2016-09-02,2400,2464,2388,2406,7014000
2016-09-05,2415,2463,2410,2436,6002322
2016-09-06,2436,2458,2412,2428,5017696
2016-09-07,2424,2427,2330,2334,7433996
2016-09-08,2334,2357,2321,2338,4869812
2016-09-09,2335,2346,2303,2343,5757430
2016-09-12,2343,2357,2270,2277,5823944
2016-09-13,2276,2299,2247,2256,4971790
2016-09-14,2250,2276,2246,2250,4277878
2016-09-19,2200,2249,2190,2239,3195102
2016-09-20,2237,2285,2237,2264,5189584
2016-09-21,2264,2275,2242,2257,4515108
2016-09-22,2254,2330,2253,2280,7508750
2016-09-23,2285,2313,2280,2309,4878596
2016-09-26,2311,2353,2309,2316,5032966
2016-09-27,2319,2321,2252,2273,5733910
2016-09-28,2268,2288,2255,2285,4295198
2016-09-29,2289,2332,2270,2273,5653568
2016-09-30,2270,2288,2248,2253,3710948
2016-10-10,2240,2274,2209,2270,3464986
2016-10-11,2273,2340,2273,2339,5548546
2016-10-12,2340,2360,2311,2358,4978656
2016-10-13,2363,2368,2331,2354,4501194
2016-10-14,2353,2422,2344,2399,5084094
2016-10-17,2391,2451,2389,2431,4848632
2016-10-18,2430,2443,2402,2441,3898820
2016-10-19,2451,2526,2424,2434,7063346
2016-10-20,2438,2495,2434,2486,5109816
2016-10-21,2492,2504,2433,2485,4545124
2016-10-24,2480,2500,2430,2491,4712738
2016-10-25,2493,2587,2492,2569,6094124
2016-10-26,2572,2597,2513,2534,5791228
2016-10-27,2535,2570,2485,2512,5433252
2016-10-28,2520,2590,2510,2588,4328268
2016-10-31,2595,2613,2550,2600,4884518
2016-11-01,2600,2640,2563,2613,5337216
2016-11-02,2619,2665,2595,2610,5090916
2016-11-03,2615,2694,2608,2691,4501852
2016-11-04,2695,2767,2694,2716,6349562
2016-11-07,2736,2889,2712,2889,6528734
2016-11-08,2887,2933,2786,2836,6907862
2016-11-09,2827,3030,2815,3015,5927072
2016-11-10,3010,3119,2937,2987,7075336
2016-11-11,3000,3148,2960,3126,4679740
2016-11-14,3147,3220,2897,2945,5886956
2016-11-15,2950,2996,2858,2858,2869130
2016-11-16,2801,2839,2714,2816,3909922
2016-11-17,2819,2841,2738,2814,3171932
2016-11-18,2824,2845,2750,2772,2899398
2016-11-21,2783,2790,2660,2714,2988754
2016-11-22,2726,2900,2708,2900,3723944
2016-11-23,2897,2966,2860,2954,4070872
2016-11-24,2950,3012,2882,2951,3487584
2016-11-25,2902,3154,2902,3154,2816238
2016-11-28,3252,3378,3182,3332,2733408
2016-11-29,3306,3348,3060,3062,3991114
2016-11-30,3062,3085,3000,3000,2136874
2016-12-01,3000,3218,2965,3187,5079566
2016-12-02,3196,3229,3011,3126,5315224
2016-12-05,3124,3233,3060,3204,4581570
2016-12-06,3201,3262,3178,3217,3570526
2016-12-07,3223,3428,3216,3382,4600540
2016-12-08,3391,3418,3292,3394,3988602
2016-12-09,3402,3413,3213,3345,5420202
2016-12-12,3368,3557,3302,3444,4000812
2016-12-13,3456,3506,3413,3505,3335092
2016-12-14,3489,3497,3331,3375,4341096
2016-12-15,3368,3441,3304,3413,4079444
2016-12-16,3380,3409,3292,3293,3396454
2016-12-19,3280,3309,3167,3171,3659544
2016-12-20,3161,3193,3118,3162,3485732
2016-12-21,3168,3205,3093,3169,3572718
2016-12-22,3173,3186,3024,3026,3356712
2016-12-23,3012,3068,2966,2984,3764756
2016-12-26,2971,3018,2846,2922,4597294
2016-12-27,2932,3007,2872,3006,3606540
2016-12-28,3010,3072,2966,2989,4099296
2016-12-29,2992,2995,2911,2952,3948156
2016-12-30,2948,2970,2866,2867,2988602
2017-01-02,2948,2970,2866,2867,2988600
2017-01-03,2889,2998,2839,2851,2581552
2017-01-04,2860,2957,2827,2930,3988998
2017-01-05,2930,2998,2913,2941,3639036
2017-01-06,2940,2988,2900,2912,3621876
2017-01-09,2915,3049,2893,3048,3590906
2017-01-10,3048,3167,3028,3167,3923264
2017-01-11,3177,3202,3135,3182,3167658
2017-01-12,3179,3260,3158,3207,3534488
2017-01-13,3212,3247,3167,3194,2951466
2017-01-16,3190,3418,3173,3375,4048262
2017-01-17,3370,3402,3240,3284,3555120
2017-01-18,3292,3350,3243,3292,3353896
2017-01-19,3280,3306,3220,3256,3144640
2017-01-20,3252,3296,3193,3194,3147490
2017-01-23,3191,3205,3143,3180,2358234
2017-01-24,3178,3344,3170,3292,2952718
2017-01-25,3300,3320,3255,3299,1804324
2017-01-26,3292,3380,3290,3369,1896002
2017-02-03,3349,3358,3071,3113,2496492
2017-02-06,3110,3132,3062,3082,2416472
2017-02-07,3090,3176,3067,3165,2591874
2017-02-08,3161,3248,3129,3243,2989688
2017-02-09,3248,3276,3202,3206,2410544
2017-02-10,3198,3398,3181,3328,4366112
2017-02-13,3351,3451,3332,3437,3014236
2017-02-14,3449,3450,3382,3442,2325770
2017-02-15,3442,3458,3350,3391,3270782
2017-02-16,3370,3509,3359,3381,4521314
2017-02-17,3394,3489,3389,3473,3593002
2017-02-20,3481,3557,3461,3546,3980198
2017-02-21,3566,3630,3552,3575,3226564
2017-02-22,3572,3589,3508,3525,3227458
2017-02-23,3506,3566,3444,3483,3698790
2017-02-24,3512,3515,3373,3498,3970238
2017-02-27,3498,3648,3485,3612,3932404
2017-02-28,3610,3623,3467,3471,3752392
2017-03-01,3488,3579,3469,3542,3596716
2017-03-02,3545,3597,3525,3553,2936158
2017-03-03,3555,3567,3440,3566,4145656
2017-03-06,3569,3580,3450,3467,4069720
2017-03-07,3445,3509,3442,3494,3009698
2017-03-08,3492,3508,3410,3425,3776446
2017-03-09,3417,3444,3348,3389,3374018
2017-03-10,3385,3427,3380,3402,2693822
2017-03-13,3410,3606,3353,3604,4616948
2017-03-14,3603,3615,3556,3594,2793100
2017-03-15,3592,3692,3566,3641,3284492
2017-03-16,3630,3677,3575,3625,2365448
2017-03-17,3615,3628,3552,3575,2009228
2017-03-20,3571,3644,3560,3581,1887018
2017-03-21,3580,3588,3470,3476,1964284
2017-03-22,3463,3498,3395,3405,1615206
2017-03-23,3119,3182,3118,3127,2961120
2017-03-24,3130,3199,3097,3140,4315812
2017-03-27,3138,3145,3003,3057,4210368
2017-03-28,3058,3108,3035,3050,3860972
2017-03-29,3062,3177,3061,3169,4705728
2017-03-30,3169,3189,3121,3142,3670026
2017-03-31,3140,3224,3112,3152,5570154
2017-04-05,3200,3285,3173,3222,4368094
2017-04-06,3237,3247,3157,3162,4956264
2017-04-07,3136,3145,2985,3038,6128296
2017-04-10,3030,3058,2987,3000,4221712
2017-04-11,2990,3029,2950,2982,4500688
2017-04-12,2975,2992,2888,2893,4743762
2017-04-13,2888,2961,2879,2917,4355624
2017-04-14,2925,2999,2907,2942,5676496
2017-04-17,2942,2991,2884,2912,5247354
2017-04-18,2917,2929,2815,2824,4828746
2017-04-19,2819,2862,2811,2852,3665450
2017-04-20,2853,2928,2775,2889,6177936
2017-04-21,2898,2967,2867,2928,6859930
2017-04-24,2923,2942,2851,2927,5467910
2017-04-25,2925,2958,2896,2948,5236738
2017-04-26,2955,3032,2934,2967,5939958
2017-04-27,2970,3018,2958,3016,4814822
2017-04-28,3035,3116,3026,3115,6604372
2017-05-02,3152,3160,3105,3134,3349462
2017-05-03,3143,3151,3094,3131,4945434
2017-05-04,3120,3126,2904,2931,10040300
2017-05-05,2949,2955,2891,2931,7220490
2017-05-08,2948,3049,2933,3004,9812676
2017-05-09,2998,3035,2980,3016,6250494
2017-05-10,3009,3084,3005,3077,7391280
2017-05-11,3084,3108,2962,3060,10250286
2017-05-12,3068,3078,2939,2941,9412200
2017-05-15,2950,3032,2925,2991,7079212
2017-05-16,2997,3005,2958,2999,5715242
2017-05-17,3005,3118,2993,3110,8553152
2017-05-18,3111,3159,3080,3144,7669748
2017-05-19,3118,3249,3095,3244,9364778
2017-05-22,3254,3385,3246,3342,9224100
2017-05-23,3349,3356,3285,3295,6647300
2017-05-24,3288,3317,3191,3246,9760800
2017-05-25,3247,3298,3210,3219,9362300
2017-05-26,3221,3249,3172,3240,7427200
2017-05-31,3248,3273,3089,3095,6663064
2017-06-01,3102,3127,3057,3092,7377300
2017-06-02,3098,3108,3021,3026,9046274
2017-06-05,3010,3055,2938,2939,7983244
2017-06-06,2928,2973,2906,2959,6740960
2017-06-07,2959,2996,2935,2962,6244994
2017-06-08,2968,3025,2924,2968,9025802
2017-06-09,2968,3021,2954,3017,6275936
2017-06-12,3030,3051,3000,3033,6298340
2017-06-13,3035,3045,2932,2935,5864856
2017-06-14,2935,3086,2930,3084,8388128
2017-06-15,3080,3124,3023,3111,8854462
2017-06-16,3105,3156,3075,3091,7986648
2017-06-19,3100,3185,3093,3140,7269176
2017-06-20,3144,3150,3084,3109,6469594
2017-06-21,3099,3100,3034,3069,6953398
2017-06-22,3079,3123,3030,3031,8068116
2017-06-23,3037,3110,3034,3104,6795422
2017-06-26,3105,3149,3088,3148,6297226
2017-06-27,3152,3225,3132,3224,6593804
2017-06-28,3226,3291,3224,3279,6083548
2017-06-29,3288,3330,3252,3297,8409380
2017-06-30,3291,3355,3273,3347,7499712
2017-07-03,3341,3415,3333,3413,7327914
2017-07-04,3405,3448,3341,3360,7666870
2017-07-05,3370,3474,3369,3420,8665272
2017-07-06,3400,3423,3345,3417,7893368
2017-07-07,3421,3432,3353,3428,7705736
2017-07-10,3435,3479,3405,3442,6567710
2017-07-11,3438,3597,3429,3565,7074900
2017-07-12,3565,3615,3553,3575,5648724
2017-07-13,3580,3660,3560,3657,6170360
2017-07-14,3658,3658,3528,3551,8422600
2017-07-17,3535,3668,3534,3627,6886134
2017-07-18,3627,3652,3573,3586,6543818
2017-07-19,3598,3688,3583,3679,6243064
2017-07-20,3667,3675,3488,3496,8574736
2017-07-21,3510,3547,3467,3525,6661080
2017-07-24,3528,3566,3455,3516,5893656
2017-07-25,3523,3590,3485,3568,6185898
2017-07-26,3579,3639,3547,3568,6233630
2017-07-27,3555,3599,3504,3570,6196006
2017-07-28,3566,3595,3530,3558,5509860
2017-07-31,3565,3740,3559,3733,6960054
2017-08-01,3710,3759,3693,3698,4104600
2017-08-02,3695,3748,3662,3725,3965622
2017-08-03,3715,3791,3702,3776,4027018
2017-08-04,3780,3899,3765,3882,3464504
2017-08-07,3880,4101,3866,4079,4377190
2017-08-08,3921,3996,3841,3884,6067812
2017-08-09,3891,4008,3867,4006,7154166
2017-08-10,3988,4016,3915,3964,7482000
2017-08-11,3945,3993,3812,3862,9155740
2017-08-14,3861,3894,3786,3807,7245232
2017-08-15,3800,3809,3695,3747,4333142
2017-08-16,3742,3769,3696,3707,3306200
2017-08-17,3726,3860,3721,3809,5557700
2017-08-18,3800,3900,3776,3895,3634340
2017-08-21,3868,3994,3803,3962,4277788
2017-08-22,3970,3998,3887,3933,3381224
2017-08-23,3918,3918,3710,3779,5422838
2017-08-24,3779,3880,3746,3858,4439100
2017-08-25,3855,3978,3846,3930,4113300
2017-08-28,3920,3960,3805,3932,4434592
2017-08-29,3926,3950,3839,3882,4324476
2017-08-30,3885,3908,3808,3868,4006358
2017-08-31,3854,3929,3782,3927,5042100
2017-09-01,3915,4097,3903,4062,5397808
2017-09-04,4060,4194,4040,4060,4660264
2017-09-05,4060,4127,4051,4084,3474268
2017-09-06,4081,4137,3983,3986,4279668
2017-09-07,3998,4027,3934,3958,4500946
2017-09-08,3951,4038,3887,3916,5079692
2017-09-11,3912,3946,3835,3915,3909502
2017-09-12,3915,3965,3878,3959,4357690
2017-09-13,3951,4001,3900,3914,4162678
2017-09-14,3913,3940,3818,3831,5110450
2017-09-15,3831,3858,3777,3805,3729164
2017-09-18,3808,3830,3742,3801,3851596
2017-09-19,3796,3834,3735,3740,3327328
2017-09-20,3738,3788,3707,3758,3418992
2017-09-21,3768,3799,3650,3655,4317254
2017-09-22,3650,3654,3527,3554,3657024
2017-09-25,3574,3628,3531,3603,3402282
2017-09-26,3599,3650,3586,3614,3101096
2017-09-27,3613,3684,3608,3679,3315054
2017-09-28,3690,3724,3571,3606,4395896
2017-09-29,3615,3699,3524,3695,3387018
2017-10-09,3980,3983,3880,3906,9758
2017-10-10,3695,3702,3552,3553,3736474
2017-10-11,3550,3618,3512,3523,3363060
2017-10-12,3523,3700,3503,3667,4779306
2017-10-13,3665,3820,3643,3815,4049004
2017-10-16,3818,3878,3772,3824,3796496
2017-10-17,3824,3835,3715,3740,3919300
2017-10-18,3739,3770,3685,3686,2916468
2017-10-19,3691,3691,3566,3604,3844860
2017-10-20,3601,3777,3591,3776,3610592
2017-10-23,3777,3778,3602,3700,4416066
2017-10-24,3698,3777,3672,3739,3076650
2017-10-25,3745,3814,3680,3703,3378510
2017-10-26,3682,3705,3628,3650,3187124
2017-10-27,3650,3665,3565,3577,2991008
2017-10-30,3581,3628,3561,3571,2092610
2017-10-31,3575,3665,3535,3628,3080286
2017-11-01,3634,3657,3561,3563,2340156
2017-11-02,3580,3680,3555,3642,2629562
2017-11-03,3638,3667,3593,3612,1712470
2017-11-06,3622,3748,3612,3736,1871584
2017-11-07,3739,3752,3682,3707,1233250
2017-11-08,3705,3743,3675,3724,1226686
2017-11-09,3746,3846,3733,3760,4970730
2017-11-10,3760,3806,3727,3796,3690886
2017-11-13,3810,3845,3740,3803,4635840
2017-11-14,3799,3830,3769,3804,3540442
2017-11-15,3805,3828,3676,3705,4239284
2017-11-16,3718,3728,3656,3680,3629530
2017-11-17,3681,3703,3621,3632,3698712
2017-11-20,3627,3707,3627,3696,3677614
2017-11-21,3698,3778,3676,3763,3923448
2017-11-22,3769,3828,3761,3817,3833336
2017-11-23,3817,3858,3808,3826,4006400
2017-11-24,3830,3833,3724,3814,3491612
2017-11-27,3815,3888,3792,3833,4268610
2017-11-28,3845,3882,3832,3872,3196028
2017-11-29,3885,3966,3840,3957,4711928
2017-11-30,3960,4043,3948,3990,5024632
2017-12-01,3993,4018,3928,3977,4326984
2017-12-04,3972,4104,3952,4056,4711716
2017-12-05,4057,4085,4004,4025,3812332
2017-12-06,4025,4032,3905,3916,4813668
2017-12-07,3926,3942,3759,3828,5701228
2017-12-08,3830,3912,3806,3895,4421804
2017-12-11,3893,3967,3872,3912,5323908
2017-12-12,3923,3988,3862,3884,5101036
2017-12-13,3884,3892,3816,3831,5618008
2017-12-14,3832,3860,3773,3786,4839396
2017-12-15,3782,3839,3770,3824,3715426
2017-12-18,3839,3918,3810,3874,5875636
2017-12-19,3876,3878,3778,3791,4955962
2017-12-20,3789,3835,3761,3804,4264388
2017-12-21,3811,3884,3795,3853,5351426
2017-12-22,3853,3954,3850,3942,4986930
2017-12-25,3944,3948,3784,3787,5165730
2017-12-26,3780,3836,3774,3822,4103050
2017-12-27,3820,3829,3784,3792,4050510
2017-12-28,3780,3800,3740,3758,4411490
2017-12-29,3753,3824,3748,3794,4377144
2018-01-02,3801,3886,3794,3874,2961436
2018-01-03,3866,3877,3803,3809,3523844
2018-01-04,3805,3842,3788,3819,3747764
2018-01-05,3812,3827,3760,3798,3941160
2018-01-08,3795,3820,3733,3818,4329290
2018-01-09,3818,3843,3810,3819,3148548
2018-01-10,3818,3868,3792,3849,4174000
2018-01-11,3858,3876,3824,3838,3631732
2018-01-12,3838,3849,3778,3790,3298806
2018-01-15,3786,3811,3749,3802,3097214
2018-01-16,3803,3844,3788,3790,3670054
2018-01-17,3788,3841,3783,3827,4281478
2018-01-18,3825,3868,3815,3859,3516314
2018-01-19,3867,3927,3855,3926,4341444
2018-01-22,3937,3974,3916,3927,3595800
2018-01-23,3930,3933,3874,3912,4132416
2018-01-24,3904,3948,3896,3937,2808360
2018-01-25,3933,3998,3916,3966,3860830
2018-01-26,3965,3976,3920,3945,2985708
2018-01-29,3942,3968,3923,3945,2502918
2018-01-30,3938,3944,3903,3921,2680272
2018-01-31,3919,3988,3892,3915,2741322
2018-02-01,3920,3969,3919,3931,3082336
2018-02-02,3921,3973,3913,3961,2699418
2018-02-05,3960,3971,3922,3967,2520722
2018-02-06,3970,3998,3931,3943,3078200
2018-02-07,3949,3965,3927,3937,2060998
2018-02-08,3936,3951,3916,3930,2206992
2018-02-09,3928,3946,3881,3895,2574966
2018-02-12,3890,3925,3882,3918,1570766
2018-02-13,3920,3935,3894,3921,1344078
2018-02-14,3921,3951,3916,3934,1115116
2018-02-22,3945,3955,3841,3866,2061350
2018-02-23,3846,3959,3841,3949,3569646
2018-02-26,3954,4047,3938,4028,2765834
2018-02-27,4038,4040,3981,4035,2380880
2018-02-28,4030,4034,4006,4020,2004708
2018-03-01,4017,4062,4012,4032,2698576
2018-03-02,4022,4029,3991,4024,2319730
2018-03-05,4019,4028,3948,3957,2822262
2018-03-06,3948,3987,3919,3969,3130932
2018-03-07,3980,3985,3885,3890,3411932
2018-03-08,3885,3893,3792,3794,3825014
2018-03-09,3773,3805,3663,3709,5354170
2018-03-12,3737,3751,3676,3709,4245310
2018-03-13,3716,3739,3683,3695,2974572
2018-03-14,3703,3755,3657,3735,4231252
2018-03-15,3748,3769,3727,3752,3267560
2018-03-16,3752,3758,3718,3731,2793532
2018-03-19,3731,3735,3638,3651,3932802
2018-03-20,3646,3667,3605,3649,3093030
2018-03-21,3653,3685,3608,3617,3150512
2018-03-22,3617,3655,3589,3619,3353098
2018-03-23,3609,3609,3369,3369,6156296
2018-03-26,3379,3415,3333,3363,3940734
2018-03-27,3355,3474,3352,3433,3469360
2018-03-28,3239,3276,3187,3212,2592142
2018-03-29,3218,3295,3195,3289,3252386
2018-03-30,3296,3393,3273,3391,3903414
2018-04-02,3386,3480,3335,3344,4829256
2018-04-03,3351,3393,3326,3354,4646490
2018-04-04,3358,3379,3305,3318,4320168
2018-04-09,3318,3415,3310,3408,4219576
2018-04-10,3415,3448,3394,3419,4461648
2018-04-11,3430,3467,3386,3395,5117786
2018-04-12,3393,3438,3372,3402,4996770
2018-04-13,3400,3473,3377,3452,5542606
2018-04-16,3450,3462,3353,3357,5051502
2018-04-17,3361,3437,3344,3384,5717310
2018-04-18,3411,3496,3410,3446,6277210
2018-04-19,3477,3529,3463,3516,6220952
2018-04-20,3505,3510,3442,3454,4660282
2018-04-23,3455,3555,3450,3544,4872116
2018-04-24,3536,3589,3522,3562,3992888
2018-04-25,3570,3594,3540,3573,4221012
2018-04-26,3578,3613,3536,3558,4795470
2018-04-27,3551,3600,3548,3593,4499726
2018-05-02,3640,3729,3634,3727,4114388
2018-05-03,3729,3733,3655,3673,4217694
2018-05-04,3668,3688,3642,3664,3693968
2018-05-07,3663,3690,3616,3657,4811508
2018-05-08,3657,3672,3634,3637,3148852
2018-05-09,3614,3630,3563,3571,4787862
2018-05-10,3577,3618,3575,3615,3814674
2018-05-11,3628,3686,3620,3675,3980122
2018-05-14,3690,3695,3652,3667,3163110
2018-05-15,3673,3715,3636,3681,5015452
2018-05-16,3682,3705,3641,3677,4263970
2018-05-17,3677,3688,3658,3679,2893558
2018-05-18,3685,3705,3619,3631,4186806
2018-05-21,3626,3651,3582,3589,3846112
2018-05-22,3586,3614,3556,3573,3540894
2018-05-23,3575,3579,3511,3531,3394370
2018-05-24,3530,3590,3520,3583,3251118
2018-05-25,3580,3615,3542,3565,3675128
2018-05-28,3560,3626,3540,3579,3738744
2018-05-29,3581,3650,3570,3635,3950374
2018-05-30,3642,3667,3614,3644,3500508
2018-05-31,3639,3697,3634,3696,3065394
2018-06-01,3698,3778,3692,3734,4625294
2018-06-04,3739,3767,3700,3719,3729114
2018-06-05,3708,3743,3678,3736,3565494
2018-06-06,3743,3784,3725,3776,4213682
2018-06-07,3786,3869,3780,3807,5175266
2018-06-08,3810,3828,3773,3806,3697188
2018-06-11,3804,3815,3755,3803,3896802
2018-06-12,3808,3859,3781,3856,4509342
2018-06-13,3848,3897,3834,3859,4173928
2018-06-14,3867,3904,3859,3897,3528436
2018-06-15,3886,3910,3856,3902,3290156
2018-06-19,3872,3874,3733,3769,4628740
2018-06-20,3759,3825,3746,3817,3636162
2018-06-21,3812,3843,3770,3773,4224838
2018-06-22,3773,3788,3740,3760,3577300
2018-06-25,3755,3783,3713,3723,3941730
2018-06-26,3713,3717,3663,3675,3907480
2018-06-27,3669,3713,3665,3672,3382616
2018-06-28,3684,3769,3681,3744,4845174
2018-06-29,3748,3816,3745,3807,3645626
2018-07-02,3807,3809,3737,3751,4347068
2018-07-03,3752,3775,3720,3753,3254772
2018-07-04,3759,3816,3756,3783,4168130
2018-07-05,3795,3816,3744,3788,4840962
2018-07-06,3788,3807,3733,3780,4295056
2018-07-09,3776,3832,3748,3830,4111960
2018-07-10,3850,3881,3837,3862,3547480
2018-07-11,3872,3900,3832,3879,4129272
2018-07-12,3880,3990,3880,3976,4499200
2018-07-13,3980,3995,3950,3959,3610666
2018-07-16,3944,3983,3937,3958,3042124
2018-07-17,3943,3956,3892,3941,3770332
2018-07-18,3940,3963,3924,3940,2886550
2018-07-19,3949,4014,3944,3963,4040596
2018-07-20,3961,4003,3949,3985,2974786
2018-07-23,3990,4024,3970,4011,2828162
2018-07-24,4024,4033,3975,3983,2938440
2018-07-25,3981,4029,3978,4017,2752496
2018-07-26,4016,4020,3987,4017,2592928
2018-07-27,4020,4129,4011,4126,3422024
2018-07-30,4132,4146,4103,4130,2379474
2018-07-31,4130,4184,4118,4171,2590990
2018-08-01,4169,4243,4131,4139,4045636
2018-08-02,4131,4148,4086,4136,3614314
2018-08-03,4130,4199,4128,4187,2917796
2018-08-06,4190,4233,4118,4224,3719060
2018-08-07,4222,4266,4210,4237,2940568
2018-08-08,4237,4278,4205,4236,2620386
2018-08-09,4227,4250,4179,4227,2546766
2018-08-10,4227,4268,4196,4200,2238558
2018-08-13,4202,4347,4191,4345,2639816
2018-08-14,4345,4370,4306,4327,1757406
2018-08-15,4330,4366,4326,4345,1400662
2018-08-16,4346,4356,4294,4329,1683058
2018-08-17,4166,4310,4154,4301,4107056
2018-08-20,4282,4413,4282,4396,4328850
2018-08-21,4392,4409,4326,4337,3534458
2018-08-22,4337,4418,4303,4334,4310074
2018-08-23,4333,4355,4266,4280,4767190
2018-08-24,4276,4345,4258,4334,3696756
2018-08-27,4332,4341,4196,4204,4643518
2018-08-28,4205,4250,4190,4232,3145864
2018-08-29,4237,4278,4157,4160,5263276
2018-08-30,4167,4171,4086,4118,4888776
2018-08-31,4103,4142,4057,4086,4243894
2018-09-03,4080,4118,4050,4087,4134884
2018-09-04,4094,4136,4071,4115,3616870
2018-09-05,4115,4127,4050,4093,4716548
2018-09-06,4101,4150,4092,4148,4090468
2018-09-07,4158,4253,4158,4186,5354312
2018-09-10,4185,4299,4184,4284,3588066
2018-09-11,4270,4270,4063,4071,6134596
2018-09-12,4099,4143,3993,4050,6212102
2018-09-13,4034,4087,4015,4071,4379138
2018-09-14,4068,4111,4041,4090,3869536
2018-09-17,4096,4156,4080,4100,3901374
2018-09-18,4100,4167,4092,4166,4203390
2018-09-19,4180,4205,4136,4144,3855532
2018-09-20,4153,4177,4111,4124,3812118
2018-09-21,4116,4162,4106,4149,3436274
2018-09-25,4150,4156,4052,4060,2773148
2018-09-26,4065,4078,4027,4064,3018816
2018-09-27,4078,4094,3998,4008,3160196
2018-09-28,3996,3998,3907,3944,3912616
2018-10-08,3947,3985,3904,3971,2699558
2018-10-09,3979,4047,3970,4039,3698170
2018-10-10,4043,4080,4001,4055,3951602
2018-10-11,4045,4074,3958,4056,5136838
2018-10-12,4068,4134,4041,4106,4182412
2018-10-15,4108,4166,4093,4150,3941918
2018-10-16,4160,4167,4105,4117,3358584
2018-10-17,4117,4198,4105,4197,3881130
2018-10-18,4205,4220,4091,4108,4968536
2018-10-19,4099,4126,4054,4055,4439472
2018-10-22,4055,4187,4055,4154,4235816
2018-10-23,4156,4175,4134,4142,3055276
2018-10-24,4128,4193,4112,4190,3393780
2018-10-25,4194,4209,4142,4192,4302452
2018-10-26,4184,4244,4180,4228,3752190
2018-10-29,4230,4242,4144,4150,4177040
2018-10-30,4159,4206,4154,4172,2901806
2018-10-31,4170,4178,4113,4127,3983882
2018-11-01,4135,4152,4029,4057,4206148
2018-11-02,4050,4077,4020,4064,3640402
2018-11-05,4065,4076,4002,4072,3817108
2018-11-06,4057,4068,3953,3962,4554070
2018-11-07,3956,3968,3914,3930,3095060
2018-11-08,3941,3995,3878,3986,5310176
2018-11-09,3982,4003,3932,3933,3303614
2018-11-12,3922,3925,3818,3848,4423494
2018-11-13,3850,3895,3835,3868,2748118
2018-11-14,3850,3940,3846,3937,3484892
2018-11-15,3941,3946,3859,3889,3577710
2018-11-16,3889,3952,3869,3884,3810154
2018-11-19,3870,3885,3813,3838,3736222
2018-11-20,3833,3859,3735,3742,3398790
2018-11-21,3728,3735,3586,3724,5104664
2018-11-22,3723,3746,3690,3729,3139544
2018-11-23,3730,3750,3620,3623,3998282
2018-11-26,3600,3658,3496,3553,5335938
2018-11-27,3545,3672,3540,3579,4069624
2018-11-28,3230,3338,3225,3295,2048598
2018-11-29,3293,3352,3279,3307,2044818
2018-11-30,3306,3327,3210,3256,2949790
2018-12-03,3305,3495,3208,3333,5092070
2018-12-04,3306,3388,3283,3374,4807696
2018-12-05,3389,3466,3362,3463,5400890
2018-12-06,3470,3473,3371,3375,4500922
2018-12-07,3360,3426,3334,3397,5127774
2018-12-10,3388,3398,3303,3312,4741366
2018-12-11,3306,3341,3284,3327,3595984
2018-12-12,3340,3379,3317,3317,4194776
2018-12-13,3325,3431,3321,3419,5327258
2018-12-14,3416,3450,3405,3445,4124206
2018-12-17,3448,3470,3414,3435,3915682
2018-12-18,3430,3443,3391,3435,3671214
2018-12-19,3432,3450,3411,3425,3871012
2018-12-20,3433,3492,3427,3481,4306708
2018-12-21,3500,3535,3471,3508,4313258
2018-12-24,3515,3516,3435,3451,3542690
2018-12-25,3442,3448,3357,3398,4333400
2018-12-26,3393,3430,3387,3409,3285056
2018-12-27,3418,3471,3395,3396,4172568
2018-12-28,3387,3420,3382,3404,2915936
2019-01-02,3398,3439,3371,3382,2149936
2019-01-03,3378,3456,3366,3455,3719028
2019-01-04,3460,3493,3430,3486,3323322
2019-01-07,3490,3526,3466,3520,3053042
2019-01-08,3521,3523,3483,3505,2740906
2019-01-09,3505,3550,3494,3507,3378598
2019-01-10,3512,3543,3502,3514,3134668
2019-01-11,3517,3540,3492,3539,3440962
2019-01-14,3535,3576,3520,3575,2624250
2019-01-15,3576,3576,3508,3519,3128980
2019-01-16,3519,3545,3510,3534,2632026
2019-01-17,3529,3565,3525,3551,2258818
2019-01-18,3552,3636,3540,3633,3599670
2019-01-21,3636,3675,3619,3645,3526340
2019-01-22,3650,3700,3630,3633,3970252
2019-01-23,3639,3658,3625,3644,2631994
2019-01-24,3647,3684,3639,3680,3200450
2019-01-25,3684,3740,3675,3710,3099552
2019-01-28,3712,3757,3680,3681,3337710
2019-01-29,3680,3694,3653,3675,2508228
2019-01-30,3683,3767,3667,3677,4490378
2019-01-31,3682,3718,3673,3707,2724362
2019-02-01,3696,3770,3696,3754,2506846
2019-02-11,3850,3908,3816,3825,3480360
2019-02-12,3818,3830,3771,3785,3109428
2019-02-13,3780,3796,3692,3702,3814494
2019-02-14,3711,3717,3668,3684,3266348
2019-02-15,3680,3696,3593,3599,3916316
2019-02-18,3615,3675,3611,3659,3532344
2019-02-19,3670,3698,3647,3655,2760590
2019-02-20,3650,3669,3578,3641,3918544
2019-02-21,3640,3695,3635,3677,3928972
2019-02-22,3669,3735,3663,3731,3278144
2019-02-25,3736,3766,3681,3682,3659076
2019-02-26,3677,3745,3672,3736,3998202
2019-02-27,3737,3750,3697,3715,2948082
2019-02-28,3728,3755,3705,3750,3461158
2019-03-01,3756,3816,3751,3815,2986416
2019-03-04,3815,3849,3787,3811,3828874
2019-03-05,3822,3825,3755,3793,3598118
2019-03-06,3790,3810,3736,3737,3759206
2019-03-07,3748,3837,3734,3821,3902978
2019-03-08,3821,3824,3756,3772,3712328
2019-03-11,3710,3754,3680,3723,3387246
2019-03-12,3729,3820,3728,3815,3437206
2019-03-13,3825,3842,3784,3790,2998788
2019-03-14,3772,3829,3762,3795,3586828
2019-03-15,3796,3805,3737,3763,3715090
2019-03-18,3758,3804,3754,3781,3280758
2019-03-19,3785,3821,3772,3788,2832806
2019-03-20,3800,3814,3753,3777,3165340
2019-03-21,3780,3826,3770,3772,3234998
2019-03-22,3765,3779,3742,3768,2882038
2019-03-25,3763,3772,3692,3692,3005274
2019-03-26,3699,3718,3682,3705,2088568
2019-03-27,3707,3720,3696,3711,1875650
2019-03-28,3709,3734,3676,3690,2985056
2019-03-29,3690,3774,3673,3758,2608262
2019-04-01,3470,3498,3451,3497,1375404
2019-04-02,3492,3575,3480,3560,2201022
2019-04-03,3560,3596,3546,3587,2869880
2019-04-04,3590,3606,3561,3594,2370430
2019-04-08,3614,3755,3613,3730,3569164
2019-04-09,3735,3795,3728,3757,3938120
2019-04-10,3760,3776,3735,3774,3013560
2019-04-11,3776,3814,3744,3808,3456604
2019-04-12,3810,3829,3734,3794,5184656
2019-04-15,3820,3843,3795,3829,3998834
2019-04-16,3832,3832,3773,3780,3633830
2019-04-17,3779,3804,3757,3795,3439502
2019-04-18,3789,3789,3706,3710,4231128
2019-04-19,3699,3746,3682,3738,3494514
2019-04-23,3776,3794,3755,3757,2870758
2019-04-24,3750,3751,3718,3730,3503086
2019-04-25,3727,3780,3712,3712,3779994
2019-04-26,3712,3755,3712,3739,3571488
2019-04-29,3743,3779,3735,3777,3044622
2019-04-30,3783,3833,3783,3827,3323684
2019-05-06,3760,3783,3725,3756,3040168
2019-05-07,3756,3814,3753,3767,3462070
2019-05-08,3757,3764,3721,3731,3487160
2019-05-09,3721,3744,3705,3737,3494278
2019-05-10,3711,3753,3711,3746,3159902
2019-05-13,3747,3760,3690,3691,344091
2019-05-14,3680,3699,3655,3663,340340
2019-05-15,3659,3709,3650,3704,260856
2019-05-16,3701,3749,3694,3742,3511080
2019-05-17,3750,3794,3746,3771,3847274
2019-05-20,3770,3792,3760,3780,2752426
2019-05-21,3780,3920,3777,3919,5032032
2019-05-22,3913,3947,3867,3910,4462532
2019-05-23,3910,3928,3879,3881,3174604
2019-05-24,3879,3894,3826,3889,3750018
2019-05-27,3893,3926,3835,3842,4421734
2019-05-28,3835,3870,3815,3845,3220108
2019-05-29,3835,3839,3796,3825,3088050
2019-05-30,3820,3835,3773,3777,3228754
2019-05-31,3775,3789,3744,3750,2731698
2019-06-03,3740,3763,3699,3707,3063850
2019-06-04,3716,3747,3691,3745,2491734
2019-06-05,3752,3758,3726,3747,2188406
2019-06-06,3741,3746,3670,3737,3975684
2019-06-10,3716,3733,3680,3717,2194802
2019-06-11,3718,3834,3712,3833,5000976
2019-06-12,3836,3844,3772,3776,3388264
2019-06-13,3768,3800,3744,3792,3502002
2019-06-14,3800,3813,3753,3755,3102382
2019-06-17,3750,3754,3700,3704,2968142
2019-06-18,3700,3737,3683,3732,2623144
2019-06-19,3740,3797,3723,3770,3824738
2019-06-20,3750,3836,3740,3825,3770756
2019-06-21,3825,3860,3795,3859,3584776
2019-06-24,3857,3966,3835,3904,4860118
2019-06-25,3920,3999,3915,3994,4513402
2019-06-26,3995,4013,3966,3998,3289568
2019-06-27,4008,4095,3987,4001,4993954
2019-06-28,4004,4071,4002,4065,3424928
2019-07-01,4070,4148,4061,4107,4059936
2019-07-02,4102,4117,4023,4053,3581188
2019-07-03,4045,4098,4001,4030,3491260
2019-07-04,4027,4077,3996,4024,4181700
2019-07-05,4020,4057,3967,3984,3849040
2019-07-08,3980,4025,3976,3992,3352870
2019-07-09,3990,4085,3989,4042,3664226
2019-07-10,4040,4052,4004,4021,2566004
2019-07-11,4020,4046,3974,4017,3807582
2019-07-12,4020,4030,3958,3965,2871884
2019-07-15,3957,4031,3921,4030,3686056
2019-07-16,4029,4064,4019,4037,2872668
2019-07-17,4026,4068,4009,4052,2876118
2019-07-18,4038,4050,3966,3968,2683150
2019-07-19,3958,4006,3942,4001,2808834
2019-07-22,3999,4007,3930,3948,3875196
2019-07-23,3943,3980,3924,3941,2641954
2019-07-24,3930,3930,3878,3899,3165788
2019-07-25,3890,3948,3885,3940,3037812
2019-07-26,3950,3974,3926,3940,2743862
2019-07-29,3930,3945,3875,3877,2575014
2019-07-30,3880,3925,3866,3886,2803966
2019-07-31,3871,3932,3867,3891,2938908
2019-08-01,3888,3904,3846,3846,2829316
2019-08-02,3839,3845,3724,3816,4111132
2019-08-05,3817,3834,3736,3753,3424546
2019-08-06,3753,3773,3707,3707,2847802
2019-08-07,3700,3737,3686,3711,3417292
2019-08-08,3707,3751,3662,3672,3368994
2019-08-09,3688,3690,3538,3591,4505230
2019-08-12,3584,3683,3546,3677,4188360
2019-08-13,3678,3705,3643,3677,3050458
2019-08-14,3683,3740,3658,3670,3466926
2019-08-15,3676,3733,3668,3715,3579628
2019-08-16,3711,3733,3692,3715,2097852
2019-08-19,3707,3753,3698,3747,2417568
2019-08-20,3755,3766,3695,3699,2024620
2019-08-21,3701,3712,3633,3686,2646704
2019-08-22,3678,3718,3657,3715,2118968
2019-08-23,3718,3735,3708,3715,1434836
2019-08-26,3430,3467,3367,3372,2803968
2019-08-27,3362,3377,3281,3281,3268474
2019-08-28,3281,3323,3244,3317,3344346
2019-08-29,3315,3340,3259,3266,3373380
2019-08-30,3283,3350,3278,3350,3598878
2019-09-02,3341,3413,3325,3407,3842376
2019-09-03,3407,3415,3383,3403,2620472
2019-09-04,3395,3443,3380,3423,3164842
2019-09-05,3429,3474,3418,3439,3690626
2019-09-06,3430,3448,3384,3387,2802696
2019-09-09,3411,3502,3398,3497,5035210
2019-09-10,3500,3509,3465,3479,2477584
2019-09-11,3479,3499,3458,3481,2930314
2019-09-12,3486,3549,3467,3549,3077504
2019-09-16,3561,3575,3531,3564,2161624
2019-09-17,3568,3571,3511,3533,2636330
2019-09-18,3529,3535,3487,3493,2954536
2019-09-19,3487,3492,3389,3397,4368150
2019-09-20,3392,3403,3371,3388,2908174
2019-09-23,3388,3513,3381,3510,4535422
2019-09-24,3518,3548,3467,3477,4891038
2019-09-25,3490,3513,3480,3498,3067474
2019-09-26,3500,3511,3433,3445,4803740
2019-09-27,3447,3454,3415,3437,2486410
2019-09-30,3434,3580,3434,3470,3226086
2019-10-08,3458,3458,3402,3404,2568022
2019-10-09,3405,3432,3390,3413,3360416
2019-10-10,3426,3430,3385,3415,3471906
2019-10-11,3415,3417,3372,3407,3343992
2019-10-14,3407,3439,3351,3352,3660176
2019-10-15,3352,3365,3315,3346,3460928
2019-10-16,3343,3357,3281,3291,3761066
2019-10-17,3291,3330,3278,3324,3187284
2019-10-18,3325,3331,3256,3310,4195230
2019-10-21,3314,3321,3276,3290,3073322
2019-10-22,3298,3325,3280,3318,3502856
2019-10-23,3325,3351,3299,3312,3859552
2019-10-24,3310,3327,3285,3318,3710168
2019-10-25,3320,3345,3300,3344,3143752
2019-10-28,3347,3366,3322,3327,3043622
2019-10-29,3331,3359,3316,3348,2710598
2019-10-30,3351,3376,3330,3373,3414488
2019-10-31,3380,3390,3357,3367,2997816
2019-11-01,3363,3381,3343,3380,2748396
2019-11-04,3375,3387,3359,3382,2725220
2019-11-05,3383,3435,3368,3434,3478140
2019-11-06,3430,3467,3426,3441,3358868
2019-11-07,3443,3458,3416,3418,2892120
2019-11-08,3421,3425,3401,3412,2422594
2019-11-11,3402,3407,3346,3373,3723732
2019-11-12,3373,3452,3362,3449,4004954
2019-11-13,3448,3460,3427,3442,2416990
2019-11-14,3447,3520,3435,3511,4208464
2019-11-15,3511,3554,3506,3545,3337714
2019-11-18,3548,3576,3535,3556,3406476
2019-11-19,3559,3639,3548,3635,5042422
2019-11-20,3637,3691,3624,3676,4324080
2019-11-21,3691,3691,3610,3619,4217282
2019-11-22,3621,3659,3618,3655,3398450
2019-11-25,3656,3720,3631,3697,4167718
2019-11-26,3689,3690,3603,3611,3850800
2019-11-27,3605,3622,3588,3596,3012176
2019-11-28,3589,3625,3563,3618,3804958
2019-11-29,3616,3644,3587,3620,3443584
2019-12-02,3601,3645,3566,3634,3101870
2019-12-03,3631,3649,3596,3599,2057360
2019-12-04,3586,3640,3578,3603,2298690
2019-12-05,3603,3629,3583,3585,1634880
2019-12-06,3399,3439,3387,3437,2288212
2019-12-09,3441,3535,3432,3511,3896724
2019-12-10,3511,3537,3496,3505,2314644
2019-12-11,3505,3545,3505,3537,2713564
2019-12-12,3534,3570,3508,3524,3169322
2019-12-13,3530,3548,3502,3523,2837898
2019-12-16,3525,3558,3472,3480,4155020
2019-12-17,3482,3495,3456,3484,2393776
2019-12-18,3489,3503,3469,3476,1956352
2019-12-19,3486,3529,3465,3518,2761054
2019-12-20,3518,3537,3498,3507,2456502
2019-12-23,3510,3549,3508,3538,2558004
2019-12-24,3543,3555,3502,3510,2499360
2019-12-25,3510,3522,3483,3485,1921198
2019-12-26,3482,3534,3470,3529,2527868
2019-12-27,3527,3554,3522,3541,2147774
2019-12-30,3541,3563,3530,3545,1912332
2019-12-31,3545,3577,3535,3569,2519558
2020-01-02,3584,3593,3540,3547,976947
2020-01-03,3547,3567,3542,3543,778292
2020-01-06,3540,3566,3526,3559,966449
2020-01-07,3558,3580,3556,3574,708368
2020-01-08,3574,3621,3571,3617,1051293
2020-01-09,3617,3622,3550,3555,1162066
2020-01-10,3559,3583,3555,3571,641895
2020-01-13,3565,3567,3529,3530,864329
2020-01-14,3528,3572,3518,3570,916208
2020-01-15,3570,3578,3537,3537,866185
2020-01-16,3537,3577,3535,3565,913755
2020-01-17,3565,3608,3562,3595,919377
2020-01-20,3599,3618,3588,3605,652366
2020-01-21,3605,3606,3555,3570,887469
2020-01-22,3565,3568,3506,3558,1161870
2020-01-23,3551,3552,3491,3500,901368
2020-02-03,3233,3294,3233,3233,1223078
2020-02-04,3209,3333,3207,3312,1385797
2020-02-05,3298,3324,3282,3297,1028552
2020-02-06,3297,3316,3270,3304,1139425
2020-02-07,3300,3340,3289,3325,851755
2020-02-10,3308,3321,3279,3305,889861
2020-02-11,3316,3488,3304,3392,2293748
2020-02-12,3410,3423,3382,3404,1088528
2020-02-13,3400,3424,3383,3395,1051409
2020-02-14,3391,3404,3365,3398,988231
2020-02-17,3393,3437,3386,3427,1125505
2020-02-18,3426,3434,3386,3390,1145614
2020-02-19,3385,3403,3376,3394,842101
2020-02-20,3395,3479,3394,3460,1843584
2020-02-21,3465,3488,3453,3485,1226015
2020-02-24,3500,3514,3458,3476,1392277
2020-02-25,3435,3494,3431,3489,1269765
2020-02-26,3470,3488,3440,3447,1267101
2020-02-27,3445,3456,3408,3419,1111680
2020-02-28,3388,3393,3324,3335,1950824
2020-03-02,3321,3446,3321,3422,1806859
2020-03-03,3450,3466,3414,3421,1178454
2020-03-04,3411,3479,3410,3477,1384581
2020-03-05,3478,3496,3461,3469,1102747
2020-03-06,3457,3469,3434,3441,1092230
2020-03-09,3350,3442,3350,3439,1885069
2020-03-10,3438,3494,3427,3479,1469955
2020-03-11,3496,3528,3484,3497,1570594
2020-03-12,3497,3530,3466,3521,1945117
2020-03-13,3494,3574,3465,3569,2353957
2020-03-16,3560,3584,3537,3553,1468238
2020-03-17,3548,3565,3530,3555,1253354
2020-03-18,3545,3592,3531,3548,1635325
2020-03-19,3548,3555,3329,3528,2993126
2020-03-20,3540,3562,3463,3483,1572381
2020-03-23,3435,3455,3390,3400,1340690
2020-03-24,3415,3445,3373,3435,1229366
2020-03-25,3461,3475,3434,3463,874411
2020-03-26,3360,3377,3335,3341,998466
2020-03-27,3351,3362,3321,3329,1074451
2020-03-30,3306,3308,3224,3242,1638094
2020-03-31,3253,3271,3220,3233,1073302
2020-04-01,3245,3245,3154,3169,1710110
2020-04-02,3150,3241,3103,3229,2280121
2020-04-03,3230,3257,3178,3189,1394167
2020-04-07,3218,3244,3191,3206,1364695
2020-04-08,3200,3257,3183,3244,1479143
2020-04-09,3257,3322,3253,3306,1704182
2020-04-10,3306,3376,3298,3373,1563049
2020-04-13,3378,3417,3356,3387,1638618
2020-04-14,3393,3425,3370,3384,1488667
2020-04-15,3378,3405,3358,3373,1449573
2020-04-16,3363,3408,3348,3385,1743734
2020-04-17,3398,3435,3371,3381,1654281
2020-04-20,3399,3405,3360,3362,1123065
2020-04-21,3350,3351,3306,3337,1529213
2020-04-22,3320,3375,3304,3375,1455480
2020-04-23,3376,3388,3325,3330,1510335
2020-04-24,3325,3348,3318,3343,1122495
2020-04-27,3345,3359,3309,3316,1200761
2020-04-28,3309,3333,3276,3292,1652114
2020-04-29,3292,3315,3286,3302,981516
2020-04-30,3312,3368,3311,3367,1351155
2020-05-06,3385,3406,3371,3392,1091440
2020-05-07,3400,3443,3394,3439,1421089
2020-05-08,3443,3480,3439,3452,1430332
2020-05-11,3460,3474,3432,3452,1272924
2020-05-12,3448,3467,3441,3464,1014702
2020-05-13,3470,3495,3434,3464,1638388
2020-05-14,3464,3474,3443,3445,1391639
2020-05-15,3442,3476,3426,3464,1475799
2020-05-18,3469,3544,3455,3528,1869234
2020-05-19,3527,3583,3522,3562,1586398
2020-05-20,3556,3558,3524,3531,1111150
2020-05-21,3535,3571,3527,3568,1233801
2020-05-22,3570,3594,3505,3508,1957742
2020-05-25,3516,3538,3488,3500,1412621
2020-05-26,3500,3520,3488,3493,1211222
2020-05-27,3486,3510,3467,3494,1366527
2020-05-28,3495,3512,3472,3498,1335486
2020-05-29,3498,3580,3495,3579,1609216
2020-06-01,3580,3609,3557,3577,1786836
2020-06-02,3569,3648,3568,3634,1639428
2020-06-03,3641,3663,3622,3634,1617332
2020-06-04,3633,3679,3605,3606,1924866
2020-06-05,3607,3615,3591,3604,1115833
2020-06-08,3605,3666,3583,3616,1779854
2020-06-09,3615,3626,3588,3619,1281325
2020-06-10,3612,3623,3578,3587,1246605
2020-06-11,3585,3621,3572,3596,1440657
2020-06-12,3589,3627,3560,3626,1627885
2020-06-15,3630,3635,3567,3572,1490916
2020-06-16,3577,3605,3575,3599,935338
2020-06-17,3595,3620,3572,3585,1286906
2020-06-18,3589,3619,3583,3615,1625784
2020-06-19,3615,3649,3609,3645,1332869
2020-06-22,3645,3658,3615,3620,1335426
2020-06-23,3615,3624,3606,3610,860391
2020-06-24,3618,3623,3609,3620,710780
2020-06-29,3609,3609,3551,3552,1200046
2020-06-30,3551,3584,3551,3565,937335
2020-07-01,3568,3575,3542,3566,1086114
2020-07-02,3565,3582,3560,3573,809918
2020-07-03,3575,3620,3574,3619,1234028
2020-07-06,3622,3630,3603,3618,949955
2020-07-07,3618,3654,3618,3634,957205
2020-07-08,3638,3706,3636,3702,1368067
2020-07-09,3708,3743,3703,3726,1172500
2020-07-10,3724,3724,3680,3690,1178742
2020-07-13,3692,3768,3692,3739,1377096
2020-07-14,3740,3754,3715,3744,953888
2020-07-15,3744,3762,3720,3746,858734
2020-07-16,3740,3743,3691,3703,1255806
2020-07-17,3705,3734,3685,3726,926286
2020-07-20,3721,3749,3696,3701,1026160
2020-07-21,3700,3765,3696,3764,1025173
2020-07-22,3770,3816,3765,3782,1136590
2020-07-23,3773,3808,3770,3806,820694
2020-07-24,3804,3805,3728,3747,1384951
2020-07-27,3750,3785,3715,3723,1037820
2020-07-28,3722,3770,3715,3724,981517
2020-07-29,3720,3776,3711,3766,856356
2020-07-30,3768,3783,3750,3767,810172
2020-07-31,3765,3780,3722,3777,1159218
2020-08-03,3771,3845,3762,3836,1105480
2020-08-04,3832,3857,3828,3840,704824
2020-08-05,3835,3847,3804,3832,810005
2020-08-06,3836,3879,3834,3858,1050458
2020-08-07,3888,3888,3812,3832,942596
2020-08-10,3830,3841,3805,3822,735550
2020-08-11,3822,3851,3792,3795,881666
2020-08-12,3795,3809,3780,3805,740132
2020-08-13,3810,3817,3766,3791,820073
2020-08-14,3790,3802,3772,3799,682535
2020-08-17,3792,3840,3786,3832,747603
2020-08-18,3832,3850,3824,3848,601564
2020-08-19,3840,3856,3792,3794,827835
2020-08-20,3794,3795,3755,3765,807143
2020-08-21,3765,3800,3764,3783,550678
2020-08-24,3775,3810,3775,3781,474701
2020-08-25,3781,3819,3770,3773,615545
2020-08-26,3705,3735,3687,3726,827155
2020-08-27,3734,3747,3702,3717,824348
2020-08-28,3714,3734,3694,3734,772438
2020-08-31,3730,3788,3721,3779,1012018
2020-09-01,3775,3784,3766,3774,511516
2020-09-02,3774,3787,3754,3778,813630
2020-09-03,3777,3818,3776,3790,1087044
2020-09-04,3792,3800,3730,3754,1059478
2020-09-07,3755,3772,3724,3736,1083843
2020-09-08,3741,3760,3718,3719,795130
2020-09-09,3705,3730,3651,3658,1387574
2020-09-10,3675,3684,3631,3640,1060684
2020-09-11,3640,3669,3622,3665,883769
2020-09-14,3678,3680,3642,3664,858379
2020-09-15,3658,3686,3591,3592,1276034
2020-09-16,3593,3613,3562,3575,1283808
2020-09-17,3575,3598,3564,3577,1030993
2020-09-18,3580,3617,3568,3603,994788
2020-09-21,3596,3604,3524,3539,1188490
2020-09-22,3541,3554,3503,3537,982249
2020-09-23,3539,3560,3499,3542,1082034
2020-09-24,3545,3563,3527,3552,944747
2020-09-25,3552,3556,3520,3522,989538
2020-09-28,3518,3551,3505,3540,1189331
2020-09-29,3546,3548,3501,3536,1086275
2020-09-30,3536,3570,3526,3560,1095792
2020-10-09,3596,3643,3580,3633,807001
2020-10-12,3636,3656,3627,3637,708985
2020-10-13,3637,3646,3614,3628,764742
2020-10-14,3625,3642,3606,3618,736791
2020-10-15,3623,3628,3582,3612,955489
2020-10-16,3603,3640,3592,3632,898244
2020-10-19,3636,3664,3591,3611,1300997
2020-10-20,3620,3630,3609,3616,590671
2020-10-21,3616,3652,3613,3650,777874
2020-10-22,3654,3671,3632,3642,875218
2020-10-23,3641,3679,3615,3616,1129201
2020-10-26,3621,3627,3600,3613,864064
2020-10-27,3613,3626,3605,3616,538619
2020-10-28,3620,3670,3615,3668,1189477
2020-10-29,3652,3680,3645,3668,909215
2020-10-30,3664,3714,3653,3702,1092653
2020-11-02,3703,3721,3692,3719,730956
2020-11-03,3720,3730,3706,3708,573928
2020-11-04,3711,3762,3711,3753,945303
2020-11-05,3760,3772,3735,3748,716180
2020-11-06,3748,3790,3747,3782,690166
2020-11-09,3791,3874,3787,3859,1021970
2020-11-10,3875,3888,3818,3826,821818
2020-11-11,3826,3858,3824,3843,560686
2020-11-12,3838,3872,3812,3832,917453
2020-11-13,3830,3848,3816,3840,677706
2020-11-16,3840,3859,3810,3852,921326
2020-11-17,3853,3920,3848,3919,1103475
2020-11-18,3920,3928,3886,3907,663714
2020-11-19,3906,3956,3906,3940,834183
2020-11-20,3930,3980,3930,3977,698059
2020-11-23,3981,4005,3903,3911,1290303
2020-11-24,3911,3924,3895,3910,608878
2020-11-25,3900,3913,3858,3865,1088059
2020-11-26,3855,3896,3855,3884,717036
2020-11-27,3884,3955,3882,3924,996601
2020-11-30,3924,3944,3889,3906,996077
2020-12-01,3900,3912,3872,3892,617798
2020-12-02,3891,3939,3887,3913,670259
2020-12-03,3910,3917,3865,3866,674327
2020-12-04,3868,3917,3831,3900,819351
2020-12-07,3899,3999,3884,3980,849603
2020-12-08,3921,3951,3898,3914,1073612
2020-12-09,3904,3993,3893,3989,1260588
2020-12-10,3995,4085,3988,4040,1735315
2020-12-11,4045,4237,3998,4033,3301833
2020-12-14,4045,4080,3973,3988,1816593
2020-12-15,3988,4083,3964,4073,1673432
2020-12-16,4085,4150,4068,4148,2078000
2020-12-17,4155,4194,4129,4175,1784003
2020-12-18,4185,4317,4174,4316,2335177
2020-12-21,4314,4460,4272,4460,2287800
2020-12-22,4470,4603,4344,4368,4335786
2020-12-23,4381,4406,4241,4283,3592629
2020-12-24,4283,4343,4258,4291,2500667
2020-12-25,4278,4348,4209,4341,2903111
2020-12-28,4340,4383,4228,4244,3061108
2020-12-29,4256,4282,4206,4234,2825002
2020-12-30,4250,4294,4179,4256,3668716
2020-12-31,4256,4400,4247,4388,2649324
2021-01-04,4354,4407,4307,4383,1420698
2021-01-05,4388,4426,4359,4397,1578335
2021-01-06,4400,4447,4315,4377,2154746
2021-01-07,4377,4473,4363,4455,2098980
2021-01-08,4455,4511,4435,4487,2047522
2021-01-11,4495,4500,4331,4348,2787680
2021-01-12,4349,4355,4262,4327,2163248
2021-01-13,4320,4328,4253,4293,1917584
2021-01-14,4289,4304,4251,4294,1497549
2021-01-15,4305,4412,4301,4360,2117861
2021-01-18,4370,4400,4334,4392,1547808
2021-01-19,4392,4392,4282,4288,1908555
2021-01-20,4290,4325,4267,4310,1485631
2021-01-21,4310,4384,4270,4369,2077734
2021-01-22,4367,4387,4280,4294,1858367
2021-01-25,4280,4352,4245,4321,2167772
2021-01-26,4320,4362,4296,4303,1609339
2021-01-27,4314,4398,4291,4385,1878084
2021-01-28,4373,4381,4275,4275,2052146
2021-01-29,4265,4307,4219,4267,1893215
2021-02-01,4273,4303,4211,4221,1588518
2021-02-02,4225,4242,4128,4154,1868757
2021-02-03,4162,4200,4132,4175,1400700
2021-02-04,4181,4249,4172,4246,1474021
2021-02-05,4243,4292,4226,4285,1312422
2021-02-08,4291,4361,4267,4335,1238633
2021-02-09,4335,4420,4323,4420,1047598
2021-02-10,4415,4415,4351,4404,898635
2021-02-18,4486,4547,4468,4529,978913
2021-02-19,4531,4588,4479,4524,1503027
2021-02-22,4524,4676,4488,4582,2081968
2021-02-23,4565,4628,4535,4552,1457647
2021-02-24,4550,4619,4514,4618,1638383
2021-02-25,4615,4746,4612,4686,2078722
2021-02-26,4681,4725,4610,4677,1814382
2021-03-01,4655,4704,4601,4639,2141292
2021-03-02,4639,4733,4620,4732,2176669
2021-03-03,4782,4924,4761,4842,3010753
2021-03-04,4844,4887,4822,4849,1756663
2021-03-05,4822,4822,4633,4696,2869471
2021-03-08,4701,4850,4701,4752,1947568
2021-03-09,4752,4796,4575,4592,2416092
2021-03-10,4616,4636,4558,4589,1983047
2021-03-11,4608,4704,4504,4687,2479092
2021-03-12,4729,4828,4698,4729,2730355
2021-03-15,4729,4790,4670,4787,2242762
2021-03-16,4788,4798,4658,4701,2297261
2021-03-17,4689,4794,4666,4785,1886315
2021-03-18,4781,4821,4728,4759,2285393
2021-03-19,4741,4805,4721,4746,2295850
2021-03-22,4764,4903,4739,4763,2913208
2021-03-23,4763,4779,4643,4715,2558890
2021-03-24,4703,4819,4657,4816,2385637
2021-03-25,4818,4843,4776,4795,1886984
2021-03-26,4789,4943,4765,4934,2129811
2021-03-29,4946,5017,4920,4971,2487470
2021-03-30,4976,4995,4937,4964,1567060
2021-03-31,4955,5032,4910,4935,2185356
2021-04-01,4941,5042,4904,5003,1382277
2021-04-02,5030,5160,5011,5157,1629759
2021-04-06,5163,5200,5133,5180,728002
2021-04-07,5147,5178,5057,5117,2433589
2021-04-08,5110,5164,5056,5115,2308312
2021-04-09,5125,5147,5041,5068,2261562
2021-04-12,5066,5096,4937,4985,2901094
2021-04-13,4992,5125,4985,5116,2265296
2021-04-14,5151,5175,5096,5116,1968178
2021-04-15,5129,5165,5087,5107,2177858
2021-04-16,5110,5195,5086,5116,2920906
2021-04-19,5122,5143,5058,5082,2509136
2021-04-20,5091,5171,5070,5165,2137195
2021-04-21,5158,5189,5125,5188,2026507
2021-04-22,5195,5238,5175,5208,2569863
2021-04-23,5225,5300,5205,5299,2115301
2021-04-26,5300,5475,5292,5371,3320401
2021-04-27,5362,5424,5362,5411,1552404
2021-04-28,5411,5422,5308,5358,2425402
2021-04-29,5329,5475,5317,5452,2790743
2021-04-30,5464,5487,5354,5391,2380525
2021-05-06,5520,5672,5520,5665,1811309
2021-05-07,5669,5698,5641,5678,1754729
2021-05-10,5677,6012,5643,6012,2039444
2021-05-11,6113,6208,5905,6086,4185301
2021-05-12,6080,6200,5985,6171,2754563
2021-05-13,6094,6166,5800,5915,4057849
2021-05-14,5885,5900,5640,5641,3135973
2021-05-17,5680,5711,5509,5596,3355072
2021-05-18,5599,5680,5575,5610,1901897
2021-05-19,5599,5600,5287,5309,3005705
2021-05-20,5200,5274,5010,5186,3714645
2021-05-21,5187,5238,5101,5112,2283610
2021-05-24,5100,5125,4807,4974,4036879
2021-05-25,4976,5025,4901,4919,2456109
2021-05-26,4888,4903,4661,4667,3630128
2021-05-27,4647,4848,4626,4817,3189226
2021-05-28,4845,5004,4821,4933,3430514
2021-05-31,4910,5149,4887,5027,3595560
2021-06-01,4972,5133,4850,5128,3394168
2021-06-02,5115,5147,4976,5002,2536533
2021-06-03,4981,5188,4970,5148,2797515
2021-06-04,5160,5275,5094,5159,3095791
2021-06-07,5175,5217,4955,4959,2495752
2021-06-08,4950,5020,4903,5004,2189390
2021-06-09,5004,5100,4977,5035,1898245
2021-06-10,5040,5202,5037,5168,2386753
2021-06-11,5191,5330,5185,5322,2032513
2021-06-15,5200,5228,5110,5168,1761824
2021-06-16,5169,5185,4996,5014,1966255
2021-06-17,5007,5118,4973,5101,2171848
2021-06-18,5090,5177,5015,5061,2683467
2021-06-21,5063,5086,4885,4889,2277214
2021-06-22,4861,4910,4820,4885,1830478
2021-06-23,4875,4975,4846,4934,1936375
2021-06-24,4951,5022,4911,4933,1770624
2021-06-25,4955,5087,4941,5066,1774404
2021-06-28,5077,5100,5005,5070,1619350
2021-06-29,5100,5170,5031,5036,1737958
2021-06-30,5085,5151,5057,5147,1434058
2021-07-01,5156,5198,5113,5146,1419832
2021-07-02,5156,5180,5068,5124,1643131
2021-07-05,5115,5226,5076,5222,1600989
2021-07-06,5230,5305,5220,5304,1395330
2021-07-07,5312,5440,5255,5439,1950730
2021-07-08,5459,5474,5356,5393,1871636
2021-07-09,5368,5438,5280,5428,2140769
2021-07-12,5475,5532,5417,5432,1828594
2021-07-13,5415,5460,5381,5458,1516791
2021-07-14,5458,5580,5440,5580,1695714
2021-07-15,5568,5597,5501,5546,1584452
2021-07-16,5540,5579,5440,5559,1865007
2021-07-19,5580,5650,5565,5568,1558355
2021-07-20,5528,5635,5467,5601,1672424
2021-07-21,5609,5648,5522,5561,1399698
2021-07-22,5550,5660,5481,5648,2184004
2021-07-23,5665,5693,5626,5671,1166075
2021-07-26,5660,5756,5622,5687,1497934
2021-07-27,5680,5750,5581,5613,1464049
2021-07-28,5599,5705,5585,5658,1300624
2021-07-29,5660,5770,5628,5753,1209958
2021-07-30,5763,5793,5669,5737,1597844
2021-08-02,5683,5685,5367,5414,2747833
2021-08-03,5401,5418,5238,5247,1789543
2021-08-04,5218,5463,5218,5454,1813894
2021-08-05,5454,5496,5366,5373,1588552
2021-08-06,5360,5445,5318,5379,1239190
2021-08-09,5370,5389,5261,5330,1257656
2021-08-10,5360,5445,5321,5437,1116740
2021-08-11,5500,5600,5496,5597,1296964
2021-08-12,5560,5589,5441,5442,1676951
2021-08-13,5438,5502,5386,5482,1791658
2021-08-16,5476,5498,5290,5328,2471691
2021-08-17,5308,5383,5288,5345,1524396
2021-08-18,5344,5363,5121,5144,2805129
2021-08-19,5100,5126,4925,5017,3342898
2021-08-20,4950,5125,4890,5100,2624847
2021-08-23,5104,5167,5063,5102,2370091
2021-08-24,5139,5241,5109,5235,2174181
2021-08-25,5239,5279,5206,5236,1836224
2021-08-26,5220,5285,5104,5108,2386747
2021-08-27,5095,5238,5068,5222,2267319
2021-08-30,5242,5374,5184,5354,2179722
2021-08-31,5361,5377,5287,5308,1796956
2021-09-01,5298,5314,5197,5242,2267865
2021-09-02,5245,5348,5215,5273,2821134
2021-09-03,5265,5449,5243,5408,2450687
2021-09-06,5419,5495,5370,5473,2273077
2021-09-07,5480,5556,5463,5494,1962909
2021-09-08,5481,5488,5400,5452,2116290
2021-09-09,5473,5693,5460,5682,2675888
2021-09-10,5712,5731,5606,5640,2212851
2021-09-13,5640,5763,5622,5642,2099548
2021-09-14,5660,5680,5486,5492,2877975
2021-09-15,5498,5581,5417,5518,2972222
2021-09-16,5550,5685,5531,5541,2833032
2021-09-17,5557,5588,5423,5478,2983056
2021-09-22,5500,5660,5457,5656,1948123
2021-09-23,5651,5688,5563,5605,2312905
2021-09-24,5589,5596,5441,5468,2579122
2021-09-27,5460,5600,5384,5564,2602380
2021-09-28,5579,5640,5548,5634,1931458
2021-09-29,5638,5700,5581,5657,1890899
2021-09-30,5635,5730,5585,5706,1968234
2021-10-08,5775,5843,5701,5750,1384149
2021-10-11,5759,5870,5738,5808,2233485
2021-10-12,5803,5812,5553,5562,2862726
2021-10-13,5534,5566,5267,5421,3359719
2021-10-14,5423,5542,5388,5465,2036258
2021-10-15,5470,5552,5425,5515,1740063
2021-10-18,5515,5532,5311,5422,2607810
2021-10-19,5411,5570,5381,5546,2123050
2021-10-20,5525,5537,5302,5304,2902835
2021-10-21,5296,5390,4976,4976,3829430
2021-10-22,4976,5025,4757,4900,4372677
2021-10-25,4914,4956,4820,4825,3072872
2021-10-26,4830,4946,4778,4917,2990021
2021-10-27,4940,4977,4624,4655,4087900
2021-10-28,4620,4864,4464,4712,5031704
2021-10-29,4712,4793,4576,4646,3331332
2021-11-01,4630,4707,4477,4509,2933969
2021-11-02,4499,4556,4230,4230,3825062
2021-11-03,4250,4444,4233,4385,3354919
2021-11-04,4398,4413,4142,4226,3459112
2021-11-05,4238,4305,4122,4247,3131361
2021-11-08,4255,4397,4215,4312,2993817
2021-11-09,4290,4359,4226,4257,2794490
2021-11-10,4219,4254,4026,4246,3963513
2021-11-11,4275,4466,4236,4443,3680862
2021-11-12,4425,4428,4246,4249,3441240
2021-11-15,4195,4255,4125,4138,3659782
2021-11-16,4153,4285,4120,4128,3126442
2021-11-17,4128,4226,4107,4216,3162586
2021-11-18,4211,4237,4149,4169,2767255
2021-11-19,4160,4322,4113,4285,3324420
2021-11-22,4250,4385,4231,4300,2618633
2021-11-23,4300,4444,4254,4315,2505650
2021-11-24,4315,4513,4315,4502,2279227
2021-11-25,4475,4535,4428,4471,1613432
2021-11-26,4248,4255,4100,4104,2459199
2021-11-29,4055,4196,4050,4145,2083315
2021-11-30,4160,4203,4078,4163,2102255
2021-12-01,4165,4315,4163,4306,2311658
2021-12-02,4315,4370,4225,4288,2487761
2021-12-03,4290,4386,4275,4384,2352415
2021-12-06,4408,4449,4334,4359,2090706
2021-12-07,4384,4496,4373,4450,2256706
2021-12-08,4464,4478,4346,4350,2415138
2021-12-09,4338,4396,4271,4293,2557982
2021-12-10,4279,4345,4264,4322,2020021
2021-12-13,4322,4417,4280,4415,2231172
2021-12-14,4413,4429,4352,4382,1646029
2021-12-15,4383,4468,4368,4441,1906505
2021-12-16,4436,4534,4428,4529,1654291
2021-12-17,4529,4563,4484,4505,1582890
2021-12-20,4498,4595,4469,4475,2010427
2021-12-21,4485,4523,4444,4473,1935240
2021-12-22,4480,4498,4412,4438,1709898
2021-12-23,4429,4488,4403,4479,1753140
2021-12-24,4481,4545,4479,4519,1613379
2021-12-27,4510,4523,4292,4307,2238448
2021-12-28,4318,4353,4301,4324,1584587
2021-12-29,4319,4346,4270,4315,1728554
2021-12-30,4321,4368,4270,4271,1818414
2021-12-31,4282,4348,4267,4315,1446800
2022-01-04,4302,4398,4291,4395,1184617
2022-01-05,4400,4449,4385,4444,1277992
2022-01-06,4452,4505,4430,4494,1422849
2022-01-07,4495,4530,4455,4526,1285819
2022-01-10,4525,4537,4463,4492,1133370
2022-01-11,4500,4590,4481,4589,1581977
2022-01-12,4590,4634,4570,4632,1065702
2022-01-13,4632,4701,4629,4633,1371509
2022-01-14,4625,4679,4606,4664,1153063
2022-01-17,4670,4690,4520,4553,1781730
2022-01-18,4547,4619,4537,4599,1066625
2022-01-19,4630,4744,4627,4713,1617199
2022-01-20,4718,4742,4675,4713,1170056
2022-01-21,4713,4758,4680,4711,1318370
2022-01-24,4720,4786,4653,4665,1574388
2022-01-25,4660,4730,4630,4722,1212866
2022-01-26,4722,4740,4635,4694,1237281
2022-01-27,4697,4757,4654,4673,1325881
2022-01-28,4691,4830,4681,4829,1210006
2022-02-07,4875,4879,4801,4847,744755
2022-02-08,4839,4946,4839,4912,1186239
2022-02-09,4900,4935,4825,4843,1324241
2022-02-10,4850,4967,4838,4955,1394586
2022-02-11,4990,5034,4902,4905,1470339
2022-02-14,4900,4910,4791,4817,1874764
2022-02-15,4805,4816,4666,4728,2124511
2022-02-16,4745,4834,4725,4832,1497635
2022-02-17,4835,4842,4684,4686,2132547
2022-02-18,4666,4798,4659,4779,1578103
2022-02-21,4785,4848,4751,4845,1627394
2022-02-22,4845,4883,4723,4734,1766048
2022-02-23,4735,4818,4732,4786,1506852
2022-02-24,4788,4808,4622,4637,2257947
2022-02-25,4635,4666,4525,4617,2155123
2022-02-28,4617,4706,4597,4693,1624958
2022-03-01,4710,4844,4710,4837,1595430
2022-03-02,4850,4893,4803,4860,1480163
2022-03-03,4861,4943,4833,4880,1865890
2022-03-04,4886,4924,4842,4901,1661820
2022-03-07,4902,5096,4887,5094,1930142
2022-03-08,5094,5100,4900,4956,2239561
2022-03-09,4925,5000,4855,4907,1502246
2022-03-10,4850,4955,4822,4896,1593413
2022-03-11,4908,4949,4847,4917,1264426
2022-03-14,4872,4919,4693,4695,1788603
2022-03-15,4694,4825,4681,4753,1735203
2022-03-16,4730,4908,4725,4904,1363006
2022-03-17,4920,4946,4861,4902,1203863
2022-03-18,4902,4956,4890,4953,979085
2022-03-21,4923,4980,4862,4923,1214930
2022-03-22,4909,4955,4897,4918,785470
2022-03-23,4912,4987,4866,4985,1042222
2022-03-24,4985,5014,4935,4945,940925
2022-03-25,4945,5018,4943,5013,803651
2022-03-28,4987,5074,4985,5058,753616
2022-03-29,5032,5050,4992,5012,987028
2022-03-30,4976,5037,4918,5034,1352525
2022-03-31,5070,5117,4997,5061,1551132
2022-04-01,5063,5165,5051,5160,1276736
2022-04-06,5158,5190,5083,5121,1062347
2022-04-07,5122,5148,5034,5070,1495053
2022-04-08,5052,5103,4953,5019,1778196
2022-04-11,5018,5039,4859,4867,1756999
2022-04-12,4880,5035,4872,5035,1710656
2022-04-13,5036,5041,4912,4915,1918588
2022-04-14,4940,5035,4931,5004,1699571
2022-04-15,5000,5078,4994,5049,1457183
2022-04-18,5020,5088,4960,5063,1783175
2022-04-19,5080,5128,5000,5011,2283937
2022-04-20,5021,5145,5015,5106,1752642
2022-04-21,5117,5131,5026,5058,1736150
2022-04-22,5065,5078,4963,4964,1591861
2022-04-25,4960,4991,4763,4778,2661872
2022-04-26,4800,4877,4747,4829,1832418
2022-04-27,4849,4905,4816,4864,1914290
2022-04-28,4860,4873,4784,4850,1892895
2022-04-29,4850,4926,4809,4910,1593951
2022-05-05,4930,4953,4866,4923,1096034
2022-05-06,4923,4932,4726,4734,2034752
2022-05-09,4734,4749,4623,4654,2004662
2022-05-10,4630,4657,4531,4607,2024014
2022-05-11,4614,4714,4611,4681,1540902
2022-05-12,4670,4731,4585,4612,1899655
2022-05-13,4585,4690,4555,4670,1711214
2022-05-16,4666,4704,4589,4679,2012180
2022-05-17,4680,4696,4632,4650,1419456
2022-05-18,4660,4666,4531,4532,1882000
2022-05-19,4525,4585,4461,4579,2047231
2022-05-20,4579,4650,4558,4638,1533538
2022-05-23,4629,4700,4567,4604,2154222
2022-05-24,4620,4621,4456,4468,1870396
2022-05-25,4468,4549,4444,4541,2157011
2022-05-26,4500,4520,4427,4505,2591842
2022-05-27,4510,4604,4503,4576,1992558
2022-05-30,4588,4646,4580,4621,1658750
2022-05-31,4621,4690,4604,4684,1562122
2022-06-01,4690,4729,4654,4712,1417079
2022-06-02,4713,4795,4687,4788,1678060
2022-06-06,4798,4798,4738,4750,976089
2022-06-07,4750,4783,4711,4719,1235198
2022-06-08,4706,4807,4696,4795,1705881
2022-06-09,4795,4827,4757,4791,1423160
2022-06-10,4776,4834,4741,4793,1694289
2022-06-13,4793,4793,4660,4691,1768776
2022-06-14,4680,4726,4607,4617,1731426
2022-06-15,4610,4635,4544,4547,1899270
2022-06-16,4555,4601,4494,4506,1692130
2022-06-17,4489,4489,4353,4354,2532863
2022-06-20,4346,4365,4074,4149,3395298
2022-06-21,4145,4256,4103,4224,2444922
2022-06-22,4226,4261,4092,4128,2226834
2022-06-23,4147,4249,4115,4235,2354370
2022-06-24,4260,4275,4182,4189,2063167
2022-06-27,4192,4300,4153,4274,1980808
2022-06-28,4280,4350,4250,4349,1731054
2022-06-29,4350,4420,4340,4360,1941680
2022-06-30,4382,4408,4324,4378,2103300
2022-07-01,4350,4373,4258,4265,2390863
2022-07-04,4270,4312,4150,4168,1981674
2022-07-05,4180,4258,4116,4238,1965705
2022-07-06,4198,4247,4126,4245,2483205
2022-07-07,4250,4269,4182,4209,2336988
2022-07-08,4229,4279,4166,4196,2033395
2022-07-11,4196,4246,3971,4049,3063941
2022-07-12,4049,4069,3891,3910,2511590
2022-07-13,3900,3941,3850,3910,2455104
2022-07-14,3878,3919,3810,3833,2705644
2022-07-15,3798,3798,3588,3589,3298883
2022-07-18,3611,3795,3611,3780,2825094
2022-07-19,3789,3872,3748,3774,2698472
2022-07-20,3767,3877,3712,3830,2659073
2022-07-21,3823,3860,3771,3831,2578896
2022-07-22,3800,3880,3760,3863,2100304
2022-07-25,3865,3900,3843,3859,1899608
2022-07-26,3865,3909,3798,3888,2220357
2022-07-27,3895,3934,3827,3916,2184613
2022-07-28,3911,4068,3878,4058,2248033
2022-07-29,4030,4054,3979,3996,1827254
2022-08-01,4003,4133,4003,4093,2461131
2022-08-02,4070,4115,4013,4104,2177234
2022-08-03,4091,4145,4028,4063,2348397
2022-08-04,4075,4085,3974,3980,2291892
2022-08-05,3978,4081,3963,4036,1914339
2022-08-08,4040,4154,4022,4136,1933791
2022-08-09,4130,4158,4077,4089,1633047
2022-08-10,4089,4118,4047,4066,1834425
2022-08-11,4100,4130,4032,4108,2228055
2022-08-12,4118,4153,4100,4150,1590627
2022-08-15,4120,4199,4095,4126,2399032
2022-08-16,4090,4183,4078,4153,1502797
2022-08-17,4160,4174,3985,3993,2155416
2022-08-18,4003,4075,3980,4041,1958935
2022-08-19,4050,4062,3924,3929,2162701
2022-08-22,3948,4027,3924,4010,1732096
2022-08-23,4005,4064,3973,4052,1237138
2022-08-24,4054,4094,4034,4086,1300583
2022-08-25,4089,4110,4043,4052,1324563
2022-08-26,4052,4112,4043,4097,1168595
2022-08-29,4105,4130,3944,3965,1610705
2022-08-30,3965,3972,3861,3875,1171963
2022-08-31,3650,3704,3650,3677,1401509
2022-09-01,3694,3729,3626,3642,1969194
2022-09-02,3628,3655,3575,3637,1807756
2022-09-05,3650,3706,3621,3691,1715622
2022-09-06,3708,3709,3672,3693,1231154
2022-09-07,3696,3726,3651,3673,1789661
2022-09-08,3682,3755,3670,3719,1793055
2022-09-09,3730,3792,3718,3791,1378872
2022-09-13,3795,3807,3769,3794,875682
2022-09-14,3770,3778,3704,3741,1528167
2022-09-15,3745,3789,3693,3722,1976576
2022-09-16,3710,3740,3658,3686,1715119
2022-09-19,3689,3737,3687,3696,1476096
2022-09-20,3698,3726,3650,3659,1744328
2022-09-21,3655,3685,3630,3664,1573075
2022-09-22,3665,3768,3662,3765,1843645
2022-09-23,3771,3787,3748,3766,1294449
2022-09-26,3736,3783,3710,3765,1733812
2022-09-27,3775,3845,3773,3837,1813334
2022-09-28,3846,3856,3814,3823,1177884
2022-09-29,3835,3860,3806,3836,1463427
2022-09-30,3836,3852,3785,3799,1260768
2022-10-10,3825,3886,3820,3875,1060636
2022-10-11,3880,3893,3763,3774,1685248
2022-10-12,3782,3790,3711,3754,1723401
2022-10-13,3754,3785,3712,3719,1614102
2022-10-14,3707,3770,3685,3759,1352892
2022-10-17,3758,3763,3655,3675,1989759
2022-10-18,3675,3699,3636,3678,1652862
2022-10-19,3683,3691,3632,3647,1512142
2022-10-20,3645,3648,3588,3594,2105144
2022-10-21,3600,3664,3589,3630,1872506
2022-10-24,3629,3678,3604,3622,1849163
2022-10-25,3615,3618,3561,3574,1694506
2022-10-26,3574,3620,3555,3580,1549716
2022-10-27,3580,3622,3563,3563,1451705
2022-10-28,3558,3564,3478,3490,1981946
2022-10-31,3490,3506,3389,3397,2171777
2022-11-01,3391,3495,3389,3485,2077614
2022-11-02,3485,3515,3450,3485,2015196
2022-11-03,3470,3522,3461,3504,1692427
2022-11-04,3491,3582,3488,3562,1960115
2022-11-07,3585,3607,3513,3535,1870515
2022-11-08,3540,3572,3511,3571,1371946
2022-11-09,3571,3608,3566,3590,1461441
2022-11-10,3580,3584,3524,3538,1912637
2022-11-11,3522,3661,3516,3637,2247442
2022-11-14,3637,3695,3627,3648,1688571
2022-11-15,3655,3695,3644,3692,1258019
2022-11-16,3700,3764,3695,3742,1575266
2022-11-17,3748,3752,3670,3726,1681333
2022-11-18,3719,3736,3697,3716,1411248
2022-11-21,3712,3718,3631,3671,1620175
2022-11-22,3665,3714,3661,3677,1435117
2022-11-23,3660,3704,3652,3691,1317195
2022-11-24,3695,3746,3677,3681,1601967
2022-11-25,3680,3736,3659,3736,1314236
2022-11-28,3736,3756,3711,3738,1271967
2022-11-29,3750,3798,3748,3765,1276059
2022-11-30,3758,3765,3717,3748,1108975
2022-12-01,3756,3785,3732,3752,858843
2022-12-02,3742,3818,3726,3808,1326667
2022-12-05,3805,3890,3790,3804,1735437
2022-12-06,3799,3825,3780,3808,1189183
2022-12-07,3803,3838,3772,3782,1576075
2022-12-08,3781,3849,3779,3839,1176620
2022-12-09,3850,3960,3850,3945,1942575
2022-12-12,3945,3991,3917,3935,1544896
2022-12-13,3935,3959,3906,3937,1171180
2022-12-14,3933,3990,3923,3986,1500044
2022-12-15,3993,4085,3988,4084,1932793
2022-12-16,4083,4149,3972,4049,2765803
2022-12-19,4041,4044,3915,3927,2411668
2022-12-20,3927,3964,3898,3939,1525034
2022-12-21,3950,4037,3929,4034,1489491
2022-12-22,4047,4047,3950,3961,1655882
2022-12-23,3966,4017,3932,4005,1676702
2022-12-26,4009,4020,3940,4006,1638853
2022-12-27,3999,4078,3994,4066,1413061
2022-12-28,4060,4075,4011,4050,1264540
2022-12-29,4054,4071,4000,4048,1603581
2022-12-30,4052,4125,4049,4105,1699077
2023-01-03,4100,4100,4016,4063,1245821
2023-01-04,4061,4084,4010,4027,1383006
2023-01-05,4015,4024,3970,4017,1522301
2023-01-06,4031,4122,4023,4107,1730447
2023-01-09,4105,4140,4072,4093,1607579
2023-01-10,4103,4136,4087,4124,1083219
2023-01-11,4120,4172,4101,4161,1112383
2023-01-12,4152,4163,4091,4136,1318042
2023-01-13,4131,4186,4113,4173,1278231
2023-01-16,4150,4151,4081,4093,1441664
2023-01-17,4084,4139,4065,4119,1025767
2023-01-18,4140,4176,4125,4165,899703
2023-01-19,4166,4200,4154,4196,914584
2023-01-20,4195,4196,4155,4179,817918
2023-01-30,4230,4273,4190,4201,1048134
2023-01-31,4200,4218,4141,4143,1119159
2023-02-01,4143,4178,4075,4084,1500523
2023-02-02,4090,4135,4029,4042,1540806
2023-02-03,4050,4059,3993,4055,1340933
2023-02-06,4054,4084,4001,4049,1447504
2023-02-07,4040,4055,3978,4018,1511616
2023-02-08,4010,4063,3984,4055,1539318
2023-02-09,4052,4100,4048,4085,1157730
2023-02-10,4085,4096,4016,4074,1582510
2023-02-13,4074,4080,3991,3993,1552262
2023-02-14,3992,4046,3961,4027,1585145
2023-02-15,4036,4088,4030,4066,1287382
2023-02-16,4061,4164,4052,4146,1877414
2023-02-17,4155,4178,4146,4167,1091790
2023-02-20,4150,4194,4130,4184,1366456
2023-02-21,4195,4258,4191,4254,1421582
2023-02-22,4228,4278,4225,4237,1444261
2023-02-23,4260,4289,4220,4228,1896147
2023-02-24,4227,4244,4187,4224,1669416
2023-02-27,4200,4240,4173,4191,1925170
2023-02-28,4190,4193,4150,4174,1369701
2023-03-01,4175,4226,4164,4216,1533443
2023-03-02,4213,4236,4203,4225,993488
2023-03-03,4229,4278,4218,4272,1154498
2023-03-06,4260,4270,4175,4210,1762004
2023-03-07,4212,4273,4199,4248,1464187
2023-03-08,4249,4267,4221,4249,1058647
2023-03-09,4250,4322,4206,4313,2639304
2023-03-10,4325,4348,4303,4314,1652266
2023-03-13,4327,4377,4317,4371,1525231
2023-03-14,4328,4401,4327,4373,1703065
2023-03-15,4379,4394,4318,4332,1575120
2023-03-16,4295,4308,4197,4205,2511589
2023-03-17,4203,4284,4185,4262,1812692
2023-03-20,4266,4279,4192,4194,1524810
2023-03-21,4200,4223,4153,4156,1435222
2023-03-22,4161,4195,4120,4153,1641849
2023-03-23,4159,4181,4066,4070,1805506
2023-03-24,4070,4125,4055,4107,1463299
2023-03-27,4080,4129,4074,4105,1179574
2023-03-28,4110,4147,4095,4136,1156760
2023-03-29,4141,4168,4123,4151,1055543
2023-03-30,4165,4178,4125,4167,1247443
2023-03-31,4176,4200,4153,4161,918121
2023-04-03,4161,4166,4043,4044,1081619
2023-04-04,4042,4067,4010,4018,741305
2023-04-06,3960,3979,3923,3938,1066014
2023-04-07,3952,4008,3948,3989,1293250
2023-04-10,4000,4020,3881,3907,1768635
2023-04-11,3909,3940,3868,3937,1469111
2023-04-12,3940,3945,3890,3900,1205778
2023-04-13,3914,3915,3855,3886,1637913
2023-04-14,3886,3948,3885,3896,1435636
2023-04-17,3900,3938,3873,3928,1636060
2023-04-18,3945,3981,3926,3950,1619625
2023-04-19,3950,3963,3910,3927,1495928
2023-04-20,3911,3929,3868,3914,1895468
2023-04-21,3904,3908,3809,3810,1838698
2023-04-24,3810,3817,3690,3714,2188088
2023-04-25,3715,3747,3680,3685,1706302
2023-04-26,3670,3736,3662,3719,1771843
2023-04-27,3744,3759,3690,3691,1710573
2023-04-28,3691,3710,3660,3660,1458191
2023-05-04,3650,3677,3609,3615,1268068
2023-05-05,3610,3625,3539,3622,1999103
2023-05-08,3611,3733,3605,3732,2562981
2023-05-09,3738,3743,3690,3691,1593264
2023-05-10,3690,3732,3666,3688,1778885
2023-05-11,3692,3709,3591,3600,2626151
2023-05-12,3580,3633,3562,3579,1856249
2023-05-15,3587,3698,3587,3667,2564799
2023-05-16,3680,3697,3627,3640,1743543
2023-05-17,3640,3717,3636,3715,1783507
2023-05-18,3718,3724,3661,3687,1720513
2023-05-19,3684,3695,3613,3645,2021992
2023-05-22,3651,3675,3551,3569,2274723
2023-05-23,3569,3621,3565,3588,1840790
2023-05-24,3590,3595,3462,3466,2270046
2023-05-25,3459,3477,3411,3432,2220314
2023-05-26,3423,3510,3388,3493,2829006
2023-05-29,3495,3517,3463,3511,1986052
2023-05-30,3510,3522,3444,3460,1856823
2023-05-31,3460,3473,3424,3463,1666251
2023-06-01,3455,3548,3445,3546,2124122
2023-06-02,3539,3631,3508,3596,2437115
2023-06-05,3602,3689,3598,3638,2077583
2023-06-06,3638,3686,3624,3641,1651168
2023-06-07,3645,3664,3586,3621,2087487
2023-06-08,3630,3678,3625,3654,1856030
2023-06-09,3659,3722,3656,3711,2034193
2023-06-12,3711,3727,3630,3652,1944009
2023-06-13,3652,3744,3648,3741,2062664
2023-06-14,3749,3763,3718,3739,1754411
2023-06-15,3744,3770,3713,3760,1848995
2023-06-16,3764,3809,3754,3799,1666649
2023-06-19,3800,3815,3743,3752,2146210
2023-06-20,3760,3770,3720,3743,1639611
2023-06-21,3736,3744,3683,3686,1937589
2023-06-26,3643,3672,3633,3667,1275952
2023-06-27,3667,3744,3661,3728,1589090
2023-06-28,3720,3741,3691,3731,1415176
2023-06-29,3722,3751,3700,3723,1741069
2023-06-30,3725,3777,3711,3721,1704726
2023-07-03,3718,3780,3704,3767,2153411
2023-07-04,3766,3793,3751,3768,1458155
2023-07-05,3768,3780,3730,3751,1476438
2023-07-06,3742,3777,3733,3758,1407277
2023-07-07,3758,3770,3670,3671,2169063
2023-07-10,3668,3709,3650,3654,1632546
2023-07-11,3661,3698,3659,3679,1435227
2023-07-12,3685,3717,3672,3716,1405017
2023-07-13,3723,3732,3693,3727,1414138
2023-07-14,3727,3776,3726,3774,1400083
2023-07-17,3778,3782,3681,3687,1937196
2023-07-18,3691,3750,3690,3749,1322481
2023-07-19,3748,3756,3705,3741,1368317
2023-07-20,3747,3790,3747,3784,1876106
2023-07-21,3793,3825,3750,3823,2408389
2023-07-24,3820,3830,3787,3793,2125369
2023-07-25,3807,3870,3790,3857,2164065
2023-07-26,3855,3877,3835,3851,1868445
2023-07-27,3850,3883,3839,3861,2200065
2023-07-28,3854,3863,3823,3851,2154425
2023-07-31,3851,3875,3831,3847,1874903
2023-08-01,3847,3876,3834,3862,1592831
2023-08-02,3853,3871,3800,3801,2246679
2023-08-03,3798,3801,3724,3728,2556807
2023-08-04,3740,3774,3732,3736,1458807
2023-08-07,3732,3739,3706,3732,1524669
2023-08-08,3735,3748,3686,3692,1365258
2023-08-09,3682,3708,3663,3700,1163636
2023-08-10,3700,3716,3664,3671,1536943
2023-08-11,3670,3695,3652,3691,1646084
2023-08-14,3685,3691,3630,3641,1428056
2023-08-15,3650,3698,3640,3694,1555592
2023-08-16,3691,3718,3686,3713,1184152
2023-08-17,3713,3730,3680,3726,1377243
2023-08-18,3726,3739,3693,3700,1135837
2023-08-21,3700,3702,3635,3666,1815011
2023-08-22,3671,3737,3645,3723,1720172
2023-08-23,3723,3755,3716,3723,1446653
2023-08-24,3723,3768,3687,3688,1436149
2023-08-25,3700,3735,3689,3716,1254638
2023-08-28,3717,3743,3650,3667,2230528
2023-08-29,3667,3705,3660,3678,1295318
2023-08-30,3682,3717,3672,3713,1307564
2023-08-31,3716,3746,3714,3740,1259752
2023-09-01,3753,3781,3732,3778,1021697
2023-09-04,3772,3796,3758,3770,866459
2023-09-05,3811,3839,3786,3799,1017159
2023-09-06,3798,3828,3788,3817,894842
2023-09-07,3814,3833,3765,3795,1673420
2023-09-08,3790,3802,3711,3717,1786032
2023-09-11,3718,3771,3707,3759,1503805
2023-09-12,3762,3800,3762,3791,1324021
2023-09-13,3793,3804,3745,3777,1493026
2023-09-14,3778,3795,3759,3794,1502575
2023-09-15,3809,3833,3800,3824,1543446
2023-09-18,3820,3846,3792,3842,1665547
2023-09-19,3846,3874,3830,3831,1475760
2023-09-20,3834,3855,3821,3842,1180974
2023-09-21,3847,3850,3755,3762,1990046
2023-09-22,3752,3793,3751,3779,1160111
2023-09-25,3786,3787,3704,3716,1655226
2023-09-26,3716,3725,3665,3675,1451253
2023-09-27,3679,3697,3673,3682,897787
2023-09-28,3690,3717,3684,3690,1021754
2023-10-09,3670,3670,3620,3638,1025556
2023-10-10,3638,3654,3596,3610,1316197
2023-10-11,3616,3634,3590,3619,1061811
2023-10-12,3619,3632,3595,3627,1253955
2023-10-13,3630,3652,3602,3620,1181367
2023-10-16,3624,3663,3592,3657,1639211
2023-10-17,3658,3672,3637,3647,1068036
2023-10-18,3652,3660,3605,3615,1361935
2023-10-19,3615,3650,3595,3644,1313337
2023-10-20,3650,3659,3601,3610,1418587
2023-10-23,3600,3616,3558,3572,1591543
2023-10-24,3576,3636,3572,3630,1443112
2023-10-25,3645,3687,3634,3673,1688410
2023-10-26,3673,3688,3657,3685,1133648
2023-10-27,3676,3726,3666,3724,1427073
2023-10-30,3720,3743,3708,3740,1066575
2023-10-31,3745,3748,3712,3733,1069766
2023-11-01,3733,3761,3723,3749,1185466
2023-11-02,3756,3767,3737,3756,1009222
2023-11-03,3746,3813,3737,3805,1486028
2023-11-06,3805,3830,3791,3805,1429910
2023-11-07,3800,3818,3780,3791,1267602
2023-11-08,3780,3851,3768,3848,1511907
2023-11-09,3847,3879,3837,3853,1553439
2023-11-10,3853,3884,3849,3879,1287764
2023-11-13,3873,3918,3853,3872,1676739
2023-11-14,3874,3881,3834,3856,1331751
2023-11-15,3868,3962,3868,3920,2343797
2023-11-16,3920,3979,3893,3972,1699286
2023-11-17,3982,3994,3920,3929,1588006
2023-11-20,3928,3995,3911,3983,1661178
2023-11-21,4000,4053,3983,3983,2030063
2023-11-22,3986,4017,3955,4001,2020789
2023-11-23,4003,4016,3896,3934,2420217
2023-11-24,3946,3981,3907,3976,1549819
2023-11-27,3979,3982,3915,3959,1793161
2023-11-28,3959,3959,3883,3893,1814439
2023-11-29,3895,3927,3885,3896,1202436
2023-11-30,3906,3923,3860,3913,1629229
2023-12-01,3911,3940,3890,3923,1030167
2023-12-04,3930,3932,3866,3871,857612
2023-12-05,3862,3891,3855,3870,647001
2023-12-06,3870,3923,3854,3918,654998
2023-12-07,3953,4021,3945,4011,1040675
2023-12-08,4002,4060,3996,4042,937385
2023-12-11,4042,4076,4010,4025,1295013
2023-12-12,4023,4063,4005,4060,1106310
2023-12-13,4050,4053,3931,3942,1915813
2023-12-14,3951,3979,3920,3925,1284734
2023-12-15,3929,3963,3896,3915,1635283
2023-12-18,3915,3942,3892,3933,1387983
2023-12-19,3933,3950,3906,3925,1241986
2023-12-20,3925,3957,3918,3940,1064645
2023-12-21,3940,3993,3923,3988,1382449
2023-12-22,3988,4029,3982,4004,1242795
2023-12-25,4001,4014,3981,3998,1014394
2023-12-26,4000,4040,3997,4023,1069379
2023-12-27,4023,4034,3990,4023,1119862
2023-12-28,4023,4028,3982,3996,1321056
2023-12-29,3990,4014,3976,4002,1202060
2024-01-02,4005,4058,3983,4047,970394
2024-01-03,4048,4072,4040,4055,964192
2024-01-04,4054,4060,4028,4046,1012620
2024-01-05,4047,4053,3971,3979,1381043
2024-01-08,3986,3990,3937,3950,1112685
2024-01-09,3950,3963,3935,3943,904309
2024-01-10,3943,3946,3885,3887,1306981
2024-01-11,3882,3931,3882,3926,1049723
2024-01-12,3926,3931,3901,3902,946101
2024-01-15,3905,3920,3864,3896,1337484
2024-01-16,3889,3907,3865,3899,1241142
2024-01-17,3913,3925,3855,3858,1343304
2024-01-18,3852,3915,3841,3913,1671022
2024-01-19,3913,3920,3892,3915,938865
2024-01-22,3915,3930,3883,3902,1351690
2024-01-23,3904,3939,3893,3932,1025124
2024-01-24,3930,3955,3928,3955,863883
2024-01-25,3971,3989,3961,3967,1058613
2024-01-26,3961,3987,3959,3973,911318
2024-01-29,3973,3992,3955,3968,933122
2024-01-30,3968,3974,3912,3913,1177825
2024-01-31,3910,3919,3867,3869,1219415
2024-02-01,3868,3886,3855,3868,985874
2024-02-02,3868,3877,3801,3825,1622279
2024-02-05,3825,3855,3814,3833,1108800
2024-02-06,3828,3848,3794,3836,1256479
2024-02-07,3835,3846,3813,3840,753136
2024-02-08,3841,3865,3833,3854,748877
2024-02-19,3877,3883,3803,3808,923941
2024-02-20,3805,3821,3751,3753,1412007
2024-02-21,3753,3848,3734,3791,2460300
2024-02-22,3782,3817,3769,3797,1443443
2024-02-23,3797,3814,3783,3790,993602
2024-02-26,3789,3799,3740,3749,1489032
2024-02-27,3741,3828,3738,3824,1526173
2024-02-28,3822,3827,3798,3810,1104940
2024-02-29,3800,3816,3774,3788,1593839
2024-03-01,3788,3809,3760,3763,1307382
2024-03-04,3751,3776,3709,3762,2064821
2024-03-05,3746,3768,3715,3723,1476512
2024-03-06,3715,3722,3688,3712,1491723
2024-03-07,3710,3733,3695,3708,1453456
2024-03-08,3710,3718,3681,3691,1446243
2024-03-11,3687,3689,3604,3606,1970962
2024-03-12,3604,3641,3596,3636,1442101
2024-03-13,3635,3646,3577,3583,1592420
2024-03-14,3587,3592,3505,3506,2498959
2024-03-15,3500,3525,3484,3490,2251514
2024-03-18,3488,3524,3414,3513,3569146
2024-03-19,3518,3578,3513,3573,2378936
2024-03-20,3580,3603,3558,3570,2019844
2024-03-21,3569,3622,3549,3616,2105708
2024-03-22,3609,3630,3586,3612,1808837
2024-03-25,3612,3629,3570,3585,1982646
2024-03-26,3585,3595,3496,3499,2079300
2024-03-27,3491,3533,3477,3479,2233725
2024-03-28,3470,3504,3441,3481,2312398
2024-03-29,3475,3486,3405,3412,2015960
2024-04-01,3400,3456,3368,3456,1622273
2024-04-02,3459,3493,3431,3463,1217107
2024-04-03,3500,3540,3462,3463,1620584
2024-04-08,3460,3561,3446,3560,1716178
2024-04-09,3558,3603,3540,3594,1882756
2024-04-10,3595,3608,3571,3583,1593959
2024-04-11,3580,3620,3566,3613,1800637
2024-04-12,3615,3637,3599,3628,1440449
2024-04-15,3628,3641,3586,3616,1807915
2024-04-16,3618,3635,3594,3608,1932383
2024-04-17,3606,3685,3602,3682,2046152
2024-04-18,3686,3705,3668,3682,1863700
2024-04-19,3680,3695,3661,3675,1308924
2024-04-22,3664,3694,3651,3670,1479647
2024-04-23,3670,3685,3635,3641,1480656
2024-04-24,3636,3693,3631,3681,1421565
2024-04-25,3680,3706,3662,3669,1606852
2024-04-26,3671,3690,3645,3685,1283568
2024-04-29,3680,3696,3652,3675,1461304
2024-04-30,3688,3710,3634,3656,1694316
2024-05-06,3672,3738,3672,3735,1265164
2024-05-07,3735,3744,3715,3723,994251
2024-05-08,3723,3732,3671,3674,1441955
2024-05-09,3674,3691,3656,3669,1296179
2024-05-10,3674,3679,3627,3662,1591620
2024-05-13,3658,3688,3623,3686,1571537
2024-05-14,3686,3690,3624,3630,1403063
2024-05-15,3626,3632,3607,3621,1358284
2024-05-16,3624,3708,3614,3703,2001330
2024-05-17,3700,3727,3690,3716,1539174
2024-05-20,3710,3759,3695,3735,1653225
2024-05-21,3730,3753,3722,3746,1317680
2024-05-22,3746,3814,3743,3800,1955706
2024-05-23,3790,3806,3754,3775,1545612
2024-05-24,3780,3803,3769,3788,1164093
2024-05-27,3786,3792,3745,3763,1257128
2024-05-28,3768,3797,3738,3745,1352103
2024-05-29,3745,3757,3722,3753,1281620
2024-05-30,3765,3820,3727,3737,2508872
2024-05-31,3735,3739,3700,3706,1427259
2024-06-03,3706,3713,3656,3665,1508167
2024-06-04,3665,3675,3642,3646,1282722
2024-06-05,3636,3662,3630,3632,1239456
2024-06-06,3637,3668,3621,3665,1785129
2024-06-07,3665,3689,3639,3655,1445253
2024-06-11,3640,3650,3591,3597,1219348
2024-06-12,3598,3618,3588,3608,991522
2024-06-13,3630,3639,3583,3621,1316641
2024-06-14,3626,3658,3625,3637,1276433
2024-06-17,3637,3641,3604,3613,1141437
2024-06-18,3609,3654,3609,3618,1363788
2024-06-19,3618,3650,3606,3614,1370036
2024-06-20,3615,3636,3582,3597,2149607
2024-06-21,3594,3615,3563,3563,1429126
2024-06-24,3560,3565,3525,3532,1205595
2024-06-25,3525,3546,3522,3532,1007338
2024-06-26,3531,3567,3524,3563,1172911
2024-06-27,3563,3568,3535,3535,1051877
2024-06-28,3535,3553,3523,3544,1178268
2024-07-01,3547,3566,3532,3562,1261981
2024-07-02,3571,3584,3551,3562,1023302
2024-07-03,3565,3620,3554,3619,1621967
2024-07-04,3619,3629,3604,3616,1161511
2024-07-05,3609,3618,3551,3553,1465825
2024-07-08,3559,3566,3501,3503,1474404
2024-07-09,3505,3522,3494,3515,1099757
2024-07-10,3511,3516,3471,3478,1174823
2024-07-11,3486,3534,3478,3514,1517698
2024-07-12,3517,3529,3505,3523,917664
2024-07-15,3523,3581,3492,3551,1893587
2024-07-16,3548,3558,3525,3544,1202701
2024-07-17,3538,3556,3484,3487,1578526
2024-07-18,3482,3496,3456,3492,1611544
2024-07-19,3480,3488,3455,3479,1363881
2024-07-22,3473,3486,3441,3451,1589548
2024-07-23,3448,3460,3396,3397,1456729
2024-07-24,3405,3413,3384,3391,1376818
2024-07-25,3391,3395,3309,3329,1877119
2024-07-26,3332,3401,3330,3371,1981217
2024-07-29,3371,3376,3341,3363,1475836
2024-07-30,3374,3394,3294,3301,2051873
2024-07-31,3301,3364,3271,3326,2163062
2024-08-01,3346,3384,3331,3355,1582423
2024-08-02,3354,3382,3324,3379,1434417
2024-08-05,3382,3397,3336,3367,1470364
2024-08-06,3350,3379,3296,3306,1667828
2024-08-07,3305,3335,3296,3304,1100349
2024-08-08,3306,3323,3252,3254,1445446
2024-08-09,3260,3324,3255,3277,1693946
2024-08-12,3277,3283,3206,3222,1438807
2024-08-13,3222,3242,3159,3173,1574793
2024-08-14,3171,3176,3056,3099,2362203
2024-08-15,3110,3132,3069,3119,2317969
2024-08-16,3123,3139,3075,3078,1798969
2024-08-19,3067,3159,3042,3156,2725344
2024-08-20,3156,3182,3134,3172,1725095
2024-08-21,3189,3238,3172,3235,1604042
2024-08-22,3226,3233,3168,3174,1630522
2024-08-23,3175,3195,3153,3154,1425129
2024-08-26,3161,3267,3144,3264,2099759
2024-08-27,3259,3289,3239,3249,1529148
2024-08-28,3250,3278,3248,3264,1130501
2024-08-29,3260,3285,3235,3259,1199625
2024-08-30,3252,3274,3206,3222,1270467
2024-09-02,3229,3240,3160,3178,938832
2024-09-03,3223,3238,3142,3149,1716879
2024-09-04,3140,3159,3087,3109,2601602
2024-09-05,3110,3141,3073,3083,2202508
2024-09-06,3101,3124,3014,3051,2823651
2024-09-09,3060,3094,2988,3078,3007110
2024-09-10,3084,3116,3058,3080,2637623
2024-09-11,3080,3138,3038,3137,3139653
2024-09-12,3139,3194,3126,3185,2928057
2024-09-13,3187,3219,3170,3190,2518063
2024-09-18,3185,3231,3123,3150,2600922
2024-09-19,3157,3211,3128,3206,3207683
2024-09-20,3210,3237,3141,3165,3311177
2024-09-23,3163,3167,3084,3087,3220101
2024-09-24,3090,3220,3088,3217,4491637
2024-09-25,3220,3288,3216,3226,3495803
2024-09-26,3223,3297,3211,3281,3295786
2024-09-27,3305,3349,3295,3341,3114689
2024-09-30,3341,3551,3323,3551,2758421
2024-10-08,3680,3780,3434,3486,4220399
2024-10-09,3500,3545,3450,3466,3644952
2024-10-10,3450,3511,3412,3442,3806663
2024-10-11,3442,3484,3421,3468,3198181
2024-10-14,3472,3534,3436,3502,4049131
2024-10-15,3499,3512,3461,3467,3584093
2024-10-16,3470,3502,3444,3447,3479402
2024-10-17,3450,3486,3300,3300,4903326
2024-10-18,3311,3384,3284,3336,3902945
2024-10-21,3350,3376,3335,3358,2416552
2024-10-22,3358,3367,3300,3349,2735345
2024-10-23,3342,3362,3308,3316,2479153
2024-10-24,3307,3340,3290,3330,2641100
2024-10-25,3332,3389,3329,3376,2617330
2024-10-28,3380,3479,3372,3451,2997381
2024-10-29,3450,3460,3411,3422,1928067
2024-10-30,3451,3469,3403,3442,2252191
2024-10-31,3445,3451,3417,3427,2057799
2024-11-01,3425,3434,3370,3393,2381801
2024-11-04,3403,3483,3344,3425,3213882
2024-11-05,3425,3458,3405,3433,2032842
2024-11-06,3445,3446,3354,3392,3356124
2024-11-07,3380,3438,3362,3436,2361478
2024-11-08,3443,3465,3356,3367,3624024
2024-11-11,3348,3388,3307,3331,2744850
2024-11-12,3333,3353,3308,3344,2032597
2024-11-13,3344,3367,3323,3337,1899234
2024-11-14,3345,3350,3304,3313,1803371
2024-11-15,3304,3321,3231,3232,2617529
2024-11-18,3243,3295,3226,3279,2342838
2024-11-19,3285,3330,3254,3322,2389998
2024-11-20,3315,3328,3304,3319,1434021
2024-11-21,3319,3345,3311,3332,1737723
2024-11-22,3338,3343,3269,3277,1794055
2024-11-25,3277,3344,3277,3297,2286942
2024-11-26,3300,3329,3294,3303,1540708
2024-11-27,3305,3316,3274,3309,1572486
2024-11-28,3311,3319,3284,3312,1695442
2024-11-29,3309,3354,3305,3318,1785535
2024-12-02,3318,3349,3298,3333,1414638
2024-12-03,3333,3356,3330,3352,907857
2024-12-04,3352,3352,3300,3339,1196446
2024-12-05,3333,3342,3268,3280,1044677
2024-12-06,3340,3350,3308,3311,1524215
2024-12-09,3305,3347,3288,3330,1721667
2024-12-10,3390,3457,3385,3402,3030547
2024-12-11,3402,3423,3395,3413,1233061
2024-12-12,3413,3436,3402,3428,1334907
2024-12-13,3406,3411,3351,3360,2022355
2024-12-16,3360,3379,3340,3362,1337573
2024-12-17,3369,3377,3352,3364,1096666
2024-12-18,3360,3364,3305,3312,1557154
2024-12-19,3312,3323,3258,3287,2101553
2024-12-20,3288,3293,3273,3279,1000578
2024-12-23,3283,3308,3256,3290,1582804
2024-12-24,3290,3316,3275,3314,1306122
2024-12-25,3308,3315,3293,3300,1008991
2024-12-26,3299,3329,3289,3305,1424785
2024-12-27,3307,3310,3261,3268,1467866
2024-12-30,3265,3320,3262,3317,1632026
2024-12-31,3326,3327,3302,3309,1115370
2025-01-02,3305,3335,3284,3306,1373928
2025-01-03,3305,3309,3260,3272,1560003
2025-01-06,3264,3287,3251,3252,1614675
2025-01-07,3269,3278,3232,3239,1312041
2025-01-08,3239,3250,3204,3211,1273140
2025-01-09,3207,3218,3184,3205,1503533
2025-01-10,3206,3216,3189,3202,1107492
2025-01-13,3213,3255,3208,3249,1647938
2025-01-14,3249,3293,3240,3283,1311180
2025-01-15,3285,3303,3270,3290,1168495
2025-01-16,3290,3332,3284,3327,1462774
2025-01-17,3330,3378,3316,3372,1588746
2025-01-20,3371,3391,3340,3354,1687191
2025-01-21,3356,3385,3344,3354,1411296
2025-01-22,3350,3354,3320,3337,1227104
2025-01-23,3346,3375,3337,3352,1336839
2025-01-24,3342,3383,3329,3377,1312473
2025-01-27,3371,3388,3353,3382,839664
2025-02-05,3395,3398,3307,3320,1169030
2025-02-06,3320,3362,3317,3357,1198192
2025-02-07,3355,3377,3345,3352,1254092
2025-02-10,3355,3374,3312,3331,1851664
2025-02-11,3339,3339,3269,3275,1803197
2025-02-12,3275,3297,3261,3292,1274350
2025-02-13,3292,3299,3255,3265,1297857
2025-02-14,3260,3288,3252,3262,1124905
2025-02-17,3259,3301,3247,3290,1400224
2025-02-18,3289,3320,3276,3313,1316289
2025-02-19,3318,3329,3308,3315,911004
2025-02-20,3311,3364,3305,3358,1572547
2025-02-21,3358,3377,3356,3361,1237733
2025-02-24,3340,3355,3321,3340,1370969
2025-02-25,3338,3343,3268,3273,1783574
2025-02-26,3273,3346,3269,3339,2666374
2025-02-27,3340,3352,3295,3329,2344249
2025-02-28,3332,3337,3301,3328,1588693
2025-03-03,3320,3340,3292,3296,2038460
2025-03-04,3298,3309,3260,3282,1805693
2025-03-05,3279,3288,3252,3259,1789010
2025-03-06,3260,3299,3254,3282,1991285
2025-03-07,3278,3285,3245,3252,1987064
2025-03-10,3240,3266,3215,3220,2009350
2025-03-11,3220,3225,3186,3209,1646378
2025-03-12,3218,3230,3202,3226,1584434
2025-03-13,3230,3258,3228,3256,1928609
2025-03-14,3258,3274,3241,3267,1274495
2025-03-17,3268,3272,3210,3217,1608068
2025-03-18,3215,3217,3186,3191,1498533
2025-03-19,3195,3197,3155,3162,1578951
2025-03-20,3162,3176,3134,3176,1727171
2025-03-21,3172,3178,3151,3156,1355676
2025-03-24,3159,3210,3136,3204,1894792
2025-03-25,3204,3225,3185,3220,1676454
2025-03-26,3220,3229,3202,3209,1162419
2025-03-27,3205,3223,3188,3208,1477747
2025-03-28,3210,3210,3181,3197,1417092
2025-03-31,3197,3201,3153,3159,1285597
2025-04-01,3159,3188,3131,3170,1317976
2025-04-02,3170,3181,3151,3166,724030
2025-04-03,3243,3264,3214,3231,890157
2025-04-07,3155,3170,3113,3146,1419975
2025-04-08,3158,3171,3093,3101,1790923
2025-04-09,3102,3115,3033,3088,2234794
2025-04-10,3075,3155,3066,3139,1929556
2025-04-11,3145,3146,3104,3131,1505491
2025-04-14,3130,3145,3118,3126,1066833
2025-04-15,3127,3140,3112,3125,1128992
2025-04-16,3122,3133,3088,3093,1202994
2025-04-17,3096,3118,3086,3092,1414470
2025-04-18,3091,3100,3073,3076,1332522
2025-04-21,3080,3119,3070,3113,1277622
2025-04-22,3118,3123,3065,3075,1344693
2025-04-23,3080,3146,3073,3137,1965374
2025-04-24,3138,3139,3095,3106,1456883
2025-04-25,3114,3130,3096,3101,1679713
2025-04-28,3106,3164,3102,3129,3309555
2025-04-29,3129,3131,3092,3100,1627530
2025-04-30,3100,3104,3085,3096,1034654
2025-05-06,3120,3130,3071,3077,1325224
2025-05-07,3090,3136,3080,3098,2279629
2025-05-08,3101,3102,3047,3052,2053864
2025-05-09,3052,3053,3016,3022,1655962
2025-05-12,3023,3086,3014,3082,2373248
2025-05-13,3105,3115,3066,3079,1930069
2025-05-14,3084,3133,3067,3127,2134942
2025-05-15,3126,3130,3111,3118,1151080
2025-05-16,3119,3119,3080,3082,1485885
2025-05-19,3078,3095,3061,3069,1291096
2025-05-20,3065,3080,3050,3058,1285345
2025-05-21,3062,3074,3053,3061,1023277
2025-05-22,3062,3076,3043,3061,1461626
2025-05-23,3060,3069,3044,3046,1208627
2025-05-26,3040,3045,2996,3004,1829729
2025-05-27,3010,3018,2964,2980,1935754
2025-05-28,2981,2982,2950,2964,1333951
2025-05-29,2960,2990,2954,2978,1945056
2025-05-30,2978,2978,2946,2961,1549422
2025-06-03,2948,2948,2912,2928,1553663
2025-06-04,2930,2988,2925,2974,2066104
2025-06-05,2974,2979,2935,2959,1486968
2025-06-06,2969,3002,2963,2975,1845348
2025-06-09,2975,2990,2962,2981,1433362
2025-06-10,2983,2988,2957,2974,1456363
2025-06-11,2974,3008,2974,2991,1514855
2025-06-12,2994,2994,2963,2968,1312653
2025-06-13,2970,2985,2940,2969,2168544
2025-06-16,2961,2994,2951,2990,1537422
2025-06-17,2986,2994,2972,2981,1046237
2025-06-18,2979,2996,2969,2986,1326973
2025-06-19,2986,3002,2975,2986,1180235
2025-06-20,2990,3010,2982,2992,1414281
2025-06-23,2991,3006,2983,2995,976619
2025-06-24,2992,3005,2975,2977,1530297
2025-06-25,2976,2980,2960,2976,1361264
2025-06-26,2976,2977,2952,2973,1377892
2025-06-27,2975,3005,2971,2995,1500826
2025-06-30,2998,3027,2994,2997,1768212
2025-07-01,2993,3004,2977,3003,1372384
2025-07-02,3003,3071,3003,3065,2371284
2025-07-03,3075,3086,3050,3076,1776150
2025-07-04,3073,3095,3070,3072,1644200
2025-07-07,3070,3085,3053,3061,1226302
2025-07-08,3059,3074,3050,3063,954572
2025-07-09,3061,3077,3054,3063,1026448
2025-07-10,3060,3130,3060,3123,2153427
2025-07-11,3116,3149,3116,3133,1654545
2025-07-14,3133,3143,3122,3138,1164609
2025-07-15,3131,3138,3102,3114,1439493
2025-07-16,3115,3122,3094,3106,1130791
2025-07-17,3105,3135,3105,3133,1501721
2025-07-18,3135,3177,3135,3147,1874850
2025-07-21,3159,3240,3156,3224,2695588
2025-07-22,3224,3335,3215,3307,3266737
2025-07-23,3320,3330,3245,3274,2847237
2025-07-24,3277,3330,3249,3294,2533253
2025-07-25,3318,3358,3288,3356,2877992
2025-07-28,3352,3352,3230,3248,3414713
2025-07-29,3259,3349,3248,3347,2711612
2025-07-30,3350,3384,3291,3315,3510866
2025-07-31,3301,3301,3186,3205,2730966
2025-08-01,3210,3235,3192,3203,1929148
2025-08-04,3206,3216,3164,3204,1634527
2025-08-05,3209,3247,3188,3233,1580653
2025-08-06,3233,3246,3212,3234,1202766
2025-08-07,3234,3262,3214,3231,1648650
2025-08-08,3235,3235,3204,3213,1040873
2025-08-11,3210,3255,3191,3250,1411239
2025-08-12,3250,3269,3235,3258,1141545
2025-08-13,3260,3274,3221,3222,1236428
2025-08-14,3206,3225,3174,3189,1283713
2025-08-15,3189,3200,3167,3188,1119004
2025-08-18,3190,3203,3142,3155,1316477
2025-08-19,3161,3170,3122,3126,1121610
2025-08-20,3130,3141,3104,3132,1317374
2025-08-21,3139,3145,3115,3121,1125179
2025-08-22,3108,3127,3106,3119,801266
2025-08-25,3121,3165,3121,3138,1200313
2025-08-26,3142,3143,3111,3113,770094
2025-08-27,3110,3128,3097,3111,1006734
2025-08-28,3100,3136,3098,3129,947402
2025-08-29,3205,3210,3152,3160,922905
2025-09-01,3150,3161,3094,3115,1342816
2025-09-02,3115,3135,3101,3117,869767
2025-09-03,3120,3146,3099,3106,1169148
2025-09-04,3107,3132,3088,3117,1231326
2025-09-05,3117,3153,3100,3143,1385167
2025-09-08,3146,3151,3106,3132,1257953
2025-09-09,3138,3152,3115,3123,1329359
2025-09-10,3115,3126,3092,3109,1264549
2025-09-11,3110,3119,3082,3092,1542810
2025-09-12,3092,3137,3075,3127,2108701
2025-09-15,3127,3144,3110,3136,1471013
2025-09-16,3150,3180,3144,3166,1965356
2025-09-17,3168,3170,3141,3168,1242094
2025-09-18,3166,3176,3123,3147,1727718
2025-09-19,3144,3175,3141,3172,1250591
2025-09-22,3172,3202,3171,3185,1652529
2025-09-23,3182,3182,3146,3155,1290376
2025-09-24,3156,3179,3140,3164,1205152
2025-09-25,3168,3175,3152,3167,883015
2025-09-26,3165,3171,3113,3114,1388756
2025-09-29,3115,3117,3097,3097,1145688
2025-09-30,3106,3111,3068,3072,959828
2025-10-09,3088,3100,3073,3096,823683
2025-10-10,3110,3124,3093,3103,1039362
2025-10-13,3107,3114,3066,3083,1231858
2025-10-14,3090,3093,3039,3061,1158107
2025-10-15,3061,3063,3027,3034,1018136
2025-10-16,3036,3054,3021,3049,1036367
2025-10-17,3053,3061,3032,3037,854671
2025-10-20,3040,3076,3040,3045,1232489
2025-10-21,3045,3065,3036,3047,894273
2025-10-22,3048,3068,3045,3068,822731
2025-10-23,3072,3083,3059,3071,930071
2025-10-24,3072,3076,3038,3046,1081693
2025-10-27,3050,3100,3048,3100,1696201
2025-10-28,3100,3119,3087,3091,1333406
2025-10-29,3094,3135,3092,3133,1239602
2025-10-30,3137,3143,3096,3106,1440978
2025-10-31,3106,3126,3097,3106,985855
2025-11-03,3105,3108,3076,3079,1150575
2025-11-04,3083,3084,3040,3044,1016464
2025-11-05,3046,3046,3009,3024,1149565
2025-11-06,3026,3042,3017,3037,884740
2025-11-07,3038,3045,3025,3034,800946
2025-11-10,3037,3050,3022,3044,1049513
2025-11-11,3040,3046,3020,3025,753110
2025-11-12,3025,3049,3022,3038,775671
2025-11-13,3040,3054,3026,3046,885545
2025-11-14,3048,3057,3034,3053,769087
2025-11-17,3047,3104,3040,3097,1329220
2025-11-18,3100,3100,3075,3090,801889
2025-11-19,3084,3096,3065,3070,912064
2025-11-20,3065,3075,3040,3050,1151053
2025-11-21,3057,3072,3050,3057,778544
2025-11-24,3057,3117,3050,3089,1264959
2025-11-25,3089,3113,3086,3106,929458
2025-11-26,3106,3107,3085,3099,753169
2025-11-27,3099,3099,3077,3093,753252
2025-11-28,3093,3113,3084,3110,680865
2025-12-01,3111,3142,3100,3134,801820
2025-12-02,3167,3182,3159,3169,581458
2025-12-03,3167,3174,3154,3169,750667
2025-12-04,3171,3175,3150,3175,873461
2025-12-05,3178,3181,3155,3157,680567
2025-12-08,3157,3157,3110,3123,1256787
2025-12-09,3117,3124,3066,3079,1324333
2025-12-10,3082,3140,3077,3117,1519252
2025-12-11,3117,3118,3061,3069,1360006
2025-12-12,3077,3082,3057,3060,974336
2025-12-15,3040,3086,3031,3074,1232643
2025-12-16,3075,3095,3065,3081,778715
2025-12-17,3081,3093,3071,3084,593611
2025-12-18,3083,3134,3081,3125,1215549
2025-12-19,3125,3125,3103,3119,686113
2025-12-22,3119,3138,3104,3126,842412
2025-12-23,3128,3149,3118,3128,849315
2025-12-24,3130,3144,3111,3136,837866
2025-12-25,3141,3144,3123,3127,502388
2025-12-26,3132,3132,3090,3118,1132633
2025-12-29,3118,3150,3116,3130,1051146
2025-12-30,3130,3148,3128,3134,635547
2025-12-31,3138,3142,3114,3122,651840
2026-01-05,3135,3135,3097,3104,697016
2026-01-06,3103,3119,3085,3111,841618
2026-01-07,3113,3192,3110,3187,1937222
2026-01-08,3180,3198,3156,3168,1350602
2026-01-09,3173,3174,3128,3144,1169507
2026-01-12,3145,3174,3141,3165,957421
2026-01-13,3169,3173,3150,3158,837879
2026-01-14,3158,3175,3152,3162,764719
2026-01-15,3161,3172,3149,3160,754088
2026-01-16,3165,3194,3156,3163,1365347
2026-01-19,3163,3171,3134,3140,1056242
2026-01-20,3140,3147,3110,3111,936583
2026-01-21,3111,3122,3104,3117,633661
2026-01-22,3116,3135,3112,3124,615894
2026-01-23,3120,3147,3119,3142,657796
2026-01-26,3148,3160,3140,3143,809245
2026-01-27,3143,3145,3121,3126,673796
2026-01-28,3126,3131,3115,3123,607256
2026-01-29,3123,3159,3120,3157,1026450
2026-01-30,3157,3174,3124,3128,1218321
2026-02-02,3128,3139,3093,3098,1134404
2026-02-03,3112,3118,3095,3099,685806
2026-02-04,3105,3119,3100,3110,614090
2026-02-05,3111,3113,3086,3101,681405
2026-02-06,3105,3111,3074,3077,723307
2026-02-09,3079,3083,3060,3064,665539
2026-02-10,3071,3072,3047,3052,528327
2026-02-11,3053,3068,3043,3054,557284
2026-02-12,3058,3060,3041,3050,444164
2026-02-13,3051,3066,3042,3055,555957
2026-02-24,3055,3060,3005,3027,746349
2026-02-25,3029,3084,3024,3076,1150036
2026-02-26,3076,3083,3050,3063,692924
2026-02-27,3063,3070,3047,3067,595003
2026-03-02,3075,3098,3050,3067,1029503
2026-03-03,3070,3078,3057,3074,788272
2026-03-04,3074,3085,3061,3071,710699
2026-03-05,3071,3093,3068,3075,806140
2026-03-06,3075,3092,3064,3088,704303
2026-03-09,3092,3142,3091,3119,1576431
2026-03-10,3119,3121,3091,3104,795516
2026-03-11,3106,3117,3096,3115,534162
2026-03-12,3115,3136,3112,3120,765830
2026-03-13,3142,3150,3134,3142,919808
2026-03-16,3130,3146,3121,3140,735893
2026-03-17,3140,3150,3134,3148,592481
2026-03-18,3148,3167,3135,3140,860500
2026-03-19,3140,3145,3122,3135,648797
2026-03-20,3130,3136,3113,3123,724139
2026-03-23,3120,3165,3111,3154,1011355
2026-03-24,3145,3155,3135,3145,618964
2026-03-25,3147,3155,3126,3132,593608
2026-03-26,3131,3138,3125,3128,406440
2026-03-27,3135,3136,3112,3124,517368
2026-03-30,3124,3151,3121,3139,616727
2026-03-31,3145,3145,3116,3121,477403
2026-04-01,3121,3141,3116,3120,426930
2026-04-02,3127,3127,3086,3106,631229
2026-04-03,3144,3145,3119,3124,316343
2026-04-07,3124,3134,3114,3115,267435
2026-04-08,3120,3120,3097,3114,486843
2026-04-09,3119,3119,3093,3096,425537
2026-04-10,3101,3105,3083,3099,488279
2026-04-13,3096,3109,3088,3100,439355
2026-04-14,3105,3105,3088,3094,404178
2026-04-15,3094,3105,3093,3103,355919
2026-04-16,3103,3136,3103,3133,698682
2026-04-17,3137,3139,3128,3133,481135
2026-04-20,3133,3178,3124,3172,1001836
2026-04-21,3172,3184,3169,3176,715710
2026-04-22,3171,3188,3165,3186,643975
2026-04-23,3189,3203,3176,3181,781128
2026-04-24,3181,3196,3179,3191,525851
2026-04-27,3191,3214,3185,3190,732162
2026-04-28,3191,3195,3162,3176,667771
2026-04-29,3176,3198,3166,3195,583210
2026-04-30,3195,3220,3191,3214,658964
2026-05-06,3227,3268,3219,3264,703029
2026-05-07,3260,3278,3253,3273,845032
2026-05-08,3272,3285,3261,3263,824912
2026-05-11,3262,3298,3260,3286,851465
2026-05-12,3285,3292,3246,3255,966893
2026-05-13,3251,3267,3236,3257,832174
2026-05-14,3249,3260,3233,3255,780109
2026-05-15,3255,3272,3226,3232,934979
2026-05-18,3232,3237,3204,3206,743315
2026-05-19,3210,3213,3187,3204,700743
2026-05-20,3205,3206,3177,3189,665323
2026-05-21,3191,3198,3172,3175,757206
2026-05-22,3175,3179,3163,3168,613204
2026-05-25,3168,3238,3165,3218,1184446
2026-05-26,3218,3218,3138,3146,1515821
2026-05-27,3146,3152,3136,3144,580653
2026-05-28,3145,3162,3144,3145,601915
2026-05-29,3150,3170,3146,3158,576024
2026-06-01,3156,3189,3156,3177,679167
2026-06-02,3180,3184,3169,3180,491678
2026-06-03,3180,3187,3165,3169,528286
2026-06-04,3166,3180,3154,3157,621994
2026-06-05,3157,3175,3149,3165,620284
2026-06-08,3165,3175,3151,3157,611010
2026-06-09,3157,3160,3142,3156,610314
2026-06-10,3156,3194,3147,3180,844602
2026-06-11,3175,3182,3151,3156,672854
2026-06-12,3155,3190,3154,3178,768075
2026-06-15,3180,3195,3173,3187,800414
2026-06-16,3187,3188,3162,3169,589396
2026-06-17,3170,3174,3151,3155,543309
2026-06-18,3155,3155,3122,3131,919634
2026-06-22,3131,3133,3114,3127,471992
2026-06-23,3127,3129,3105,3112,496953
2026-06-24,3110,3123,3102,3111,530582
2026-06-25,3105,3121,3091,3098,742507
2026-06-26,3096,3106,3080,3093,684521
2026-06-29,3093,3096,3080,3095,503516
2026-06-30,3095,3095,3076,3088,541315
2026-07-01,3088,3089,3065,3067,626869
2026-07-02,3074,3085,3065,3067,737006
2026-07-03,3070,3076,3057,3062,617682
2026-07-06,3066,3087,3058,3072,622625
2026-07-07,3072,3083,3067,3068,472159
2026-07-08,3078,3108,3066,3096,854272
2026-07-09,3095,3099,3081,3091,503787
2026-07-10,3091,3094,3081,3087,443985
2026-07-13,3087,3087,3052,3054,794564
2026-07-14,3054,3104,3053,3090,992034
2026-07-15,3095,3120,3090,3115,994411
2026-07-16,3111,3119,3102,3115,603342
2026-07-17,3115,3128,3110,3112,677321
2026-07-20,3112,3122,3090,3096,702179
2026-07-21,3096,3107,3067,3095,917246
2026-07-22,3090,3096,3074,3083,597393
2026-07-23,3083,3108,3078,3085,833566
2026-07-24,3083,3085,3066,3076,672627
2026-07-27,3076,3089,3073,3078,625205
2026-07-28,3078,3080,3057,3060,586625
2026-07-29,3060,3081,3055,3062,603091
2026-07-30,3061,3061,3008,3014,1380868
2026-07-31,3014,3028,3002,3004,870200
2026-08-03,3010,3014,2975,2976,917100
2026-08-04,2976,2997,2972,2983,782409
2026-08-05,2990,2999,2968,2990,797857
2026-08-06,2994,3023,2990,3014,915819
2026-08-07,3012,3025,3000,3008,824109
2026-08-10,3010,3016,2993,2997,742347
2026-08-11,2997,3019,2985,3016,837090
2026-08-12,3016,3019,3003,3010,491271
2026-08-13,3007,3014,2991,3002,752933
2026-08-14,3002,3037,3000,3015,955904
2026-08-17,3016,3026,3008,3016,638455
2026-08-18,3015,3025,2994,3023,749845
2026-08-19,3023,3042,3013,3017,813739
2026-08-20,3017,3037,3013,3032,888026
2026-08-21,3035,3046,3031,3039,809329
2026-08-24,3037,3076,3034,3066,943196
2026-08-25,3066,3079,3062,3071,651622
2026-08-26,3071,3080,3057,3076,725416
2026-08-27,3071,3090,3071,3088,650663
2026-08-28,3081,3129,3081,3112,862248